
RTOS_Priority.elf:     file format elf32-littlearm

Sections:
Idx Name          Size      VMA       LMA       File off  Algn
  0 .text         00003570  00400000  00400000  00010000  2**4
                  CONTENTS, ALLOC, LOAD, READONLY, CODE
  1 .relocate     00000068  20400000  00403570  00020000  2**2
                  CONTENTS, ALLOC, LOAD, DATA
  2 .bss          00000af8  20400068  004035d8  00020068  2**2
                  ALLOC
  3 .heap         00000200  20400b60  004040d0  00020068  2**0
                  ALLOC
  4 .stack        00000400  20400d60  004042d0  00020068  2**0
                  ALLOC
  5 .ARM.attributes 0000002e  00000000  00000000  00020068  2**0
                  CONTENTS, READONLY
  6 .comment      00000059  00000000  00000000  00020096  2**0
                  CONTENTS, READONLY
  7 .debug_info   00013047  00000000  00000000  000200ef  2**0
                  CONTENTS, READONLY, DEBUGGING
  8 .debug_abbrev 0000303b  00000000  00000000  00033136  2**0
                  CONTENTS, READONLY, DEBUGGING
  9 .debug_loc    000086fd  00000000  00000000  00036171  2**0
                  CONTENTS, READONLY, DEBUGGING
 10 .debug_aranges 00000ae0  00000000  00000000  0003e86e  2**0
                  CONTENTS, READONLY, DEBUGGING
 11 .debug_ranges 00000b48  00000000  00000000  0003f34e  2**0
                  CONTENTS, READONLY, DEBUGGING
 12 .debug_macro  0003e60c  00000000  00000000  0003fe96  2**0
                  CONTENTS, READONLY, DEBUGGING
 13 .debug_line   00010f42  00000000  00000000  0007e4a2  2**0
                  CONTENTS, READONLY, DEBUGGING
 14 .debug_str    0014bee1  00000000  00000000  0008f3e4  2**0
                  CONTENTS, READONLY, DEBUGGING
 15 .debug_frame  00002134  00000000  00000000  001db2c8  2**2
                  CONTENTS, READONLY, DEBUGGING

Disassembly of section .text:

00400000 <exception_table>:
  400000:	60 11 40 20 e5 01 40 00 e1 01 40 00 e1 01 40 00     `.@ ..@...@...@.
  400010:	e1 01 40 00 e1 01 40 00 e1 01 40 00 00 00 00 00     ..@...@...@.....
	...
  40002c:	81 0c 40 00 e1 01 40 00 00 00 00 00 21 0d 40 00     ..@...@.....!.@.
  40003c:	85 0d 40 00 e1 01 40 00 e1 01 40 00 e1 01 40 00     ..@...@...@...@.
  40004c:	e1 01 40 00 e1 01 40 00 e1 01 40 00 e1 01 40 00     ..@...@...@...@.
  40005c:	e1 01 40 00 e1 01 40 00 00 00 00 00 e1 01 40 00     ..@...@.......@.
  40006c:	e1 01 40 00 e1 01 40 00 e1 01 40 00 e1 01 40 00     ..@...@...@...@.
  40007c:	e1 01 40 00 e1 01 40 00 e1 01 40 00 e1 01 40 00     ..@...@...@...@.
  40008c:	e1 01 40 00 e1 01 40 00 e1 01 40 00 e1 01 40 00     ..@...@...@...@.
  40009c:	e1 01 40 00 e1 01 40 00 e1 01 40 00 e1 01 40 00     ..@...@...@...@.
  4000ac:	e1 01 40 00 e1 01 40 00 e1 01 40 00 e1 01 40 00     ..@...@...@...@.
  4000bc:	e1 01 40 00 e1 01 40 00 e1 01 40 00 e1 01 40 00     ..@...@...@...@.
  4000cc:	e1 01 40 00 e1 01 40 00 e1 01 40 00 e1 01 40 00     ..@...@...@...@.
  4000dc:	e1 01 40 00 e1 01 40 00 e1 01 40 00 e1 01 40 00     ..@...@...@...@.
  4000ec:	e1 01 40 00 e1 01 40 00 e1 01 40 00 e1 01 40 00     ..@...@...@...@.
  4000fc:	e1 01 40 00 e1 01 40 00 e1 01 40 00 e1 01 40 00     ..@...@...@...@.
  40010c:	e1 01 40 00 e1 01 40 00 e1 01 40 00 00 00 00 00     ..@...@...@.....
  40011c:	00 00 00 00 e1 01 40 00 e1 01 40 00 e1 01 40 00     ......@...@...@.
  40012c:	e1 01 40 00 e1 01 40 00 e1 01 40 00 e1 01 40 00     ..@...@...@...@.
  40013c:	e1 01 40 00 e1 01 40 00 e1 01 40 00 e1 01 40 00     ..@...@...@...@.
  40014c:	e1 01 40 00 e1 01 40 00 e1 01 40 00 e1 01 40 00     ..@...@...@...@.
  40015c:	e1 01 40 00 e1 01 40 00 e1 01 40 00                 ..@...@...@.

00400168 <__do_global_dtors_aux>:
  400168:	b510      	push	{r4, lr}
  40016a:	4c05      	ldr	r4, [pc, #20]	; (400180 <__do_global_dtors_aux+0x18>)
  40016c:	7823      	ldrb	r3, [r4, #0]
  40016e:	b933      	cbnz	r3, 40017e <__do_global_dtors_aux+0x16>
  400170:	4b04      	ldr	r3, [pc, #16]	; (400184 <__do_global_dtors_aux+0x1c>)
  400172:	b113      	cbz	r3, 40017a <__do_global_dtors_aux+0x12>
  400174:	4804      	ldr	r0, [pc, #16]	; (400188 <__do_global_dtors_aux+0x20>)
  400176:	f3af 8000 	nop.w
  40017a:	2301      	movs	r3, #1
  40017c:	7023      	strb	r3, [r4, #0]
  40017e:	bd10      	pop	{r4, pc}
  400180:	20400068 	.word	0x20400068
  400184:	00000000 	.word	0x00000000
  400188:	00403570 	.word	0x00403570

0040018c <frame_dummy>:
  40018c:	4b0c      	ldr	r3, [pc, #48]	; (4001c0 <frame_dummy+0x34>)
  40018e:	b143      	cbz	r3, 4001a2 <frame_dummy+0x16>
  400190:	480c      	ldr	r0, [pc, #48]	; (4001c4 <frame_dummy+0x38>)
  400192:	490d      	ldr	r1, [pc, #52]	; (4001c8 <frame_dummy+0x3c>)
  400194:	b510      	push	{r4, lr}
  400196:	f3af 8000 	nop.w
  40019a:	480c      	ldr	r0, [pc, #48]	; (4001cc <frame_dummy+0x40>)
  40019c:	6803      	ldr	r3, [r0, #0]
  40019e:	b923      	cbnz	r3, 4001aa <frame_dummy+0x1e>
  4001a0:	bd10      	pop	{r4, pc}
  4001a2:	480a      	ldr	r0, [pc, #40]	; (4001cc <frame_dummy+0x40>)
  4001a4:	6803      	ldr	r3, [r0, #0]
  4001a6:	b933      	cbnz	r3, 4001b6 <frame_dummy+0x2a>
  4001a8:	4770      	bx	lr
  4001aa:	4b09      	ldr	r3, [pc, #36]	; (4001d0 <frame_dummy+0x44>)
  4001ac:	2b00      	cmp	r3, #0
  4001ae:	d0f7      	beq.n	4001a0 <frame_dummy+0x14>
  4001b0:	e8bd 4010 	ldmia.w	sp!, {r4, lr}
  4001b4:	4718      	bx	r3
  4001b6:	4b06      	ldr	r3, [pc, #24]	; (4001d0 <frame_dummy+0x44>)
  4001b8:	2b00      	cmp	r3, #0
  4001ba:	d0f5      	beq.n	4001a8 <frame_dummy+0x1c>
  4001bc:	4718      	bx	r3
  4001be:	bf00      	nop
  4001c0:	00000000 	.word	0x00000000
  4001c4:	00403570 	.word	0x00403570
  4001c8:	2040006c 	.word	0x2040006c
  4001cc:	00403570 	.word	0x00403570
  4001d0:	00000000 	.word	0x00000000

004001d4 <atmel_start_init>:

/**
 * Initializes MCU, drivers and middleware in the project
 **/
void atmel_start_init(void)
{
  4001d4:	b508      	push	{r3, lr}
	system_init();
  4001d6:	4b01      	ldr	r3, [pc, #4]	; (4001dc <atmel_start_init+0x8>)
  4001d8:	4798      	blx	r3
  4001da:	bd08      	pop	{r3, pc}
  4001dc:	0040030d 	.word	0x0040030d

004001e0 <Dummy_Handler>:

/**
 * \brief Default interrupt handler for unused IRQs.
 */
void Dummy_Handler(void)
{
  4001e0:	e7fe      	b.n	4001e0 <Dummy_Handler>
	...

004001e4 <Reset_Handler>:
{
  4001e4:	b508      	push	{r3, lr}
        if (pSrc != pDest) {
  4001e6:	4b10      	ldr	r3, [pc, #64]	; (400228 <Reset_Handler+0x44>)
  4001e8:	4a10      	ldr	r2, [pc, #64]	; (40022c <Reset_Handler+0x48>)
  4001ea:	429a      	cmp	r2, r3
  4001ec:	d009      	beq.n	400202 <Reset_Handler+0x1e>
  4001ee:	4b0e      	ldr	r3, [pc, #56]	; (400228 <Reset_Handler+0x44>)
  4001f0:	4a0e      	ldr	r2, [pc, #56]	; (40022c <Reset_Handler+0x48>)
  4001f2:	e003      	b.n	4001fc <Reset_Handler+0x18>
                        *pDest++ = *pSrc++;
  4001f4:	6811      	ldr	r1, [r2, #0]
  4001f6:	6019      	str	r1, [r3, #0]
  4001f8:	3304      	adds	r3, #4
  4001fa:	3204      	adds	r2, #4
                for (; pDest < &_erelocate;) {
  4001fc:	490c      	ldr	r1, [pc, #48]	; (400230 <Reset_Handler+0x4c>)
  4001fe:	428b      	cmp	r3, r1
  400200:	d3f8      	bcc.n	4001f4 <Reset_Handler+0x10>
                        *pDest++ = *pSrc++;
  400202:	4b0c      	ldr	r3, [pc, #48]	; (400234 <Reset_Handler+0x50>)
  400204:	e002      	b.n	40020c <Reset_Handler+0x28>
                *pDest++ = 0;
  400206:	2200      	movs	r2, #0
  400208:	601a      	str	r2, [r3, #0]
  40020a:	3304      	adds	r3, #4
        for (pDest = &_szero; pDest < &_ezero;) {
  40020c:	4a0a      	ldr	r2, [pc, #40]	; (400238 <Reset_Handler+0x54>)
  40020e:	4293      	cmp	r3, r2
  400210:	d3f9      	bcc.n	400206 <Reset_Handler+0x22>
        SCB->VTOR = ((uint32_t) pSrc & SCB_VTOR_TBLOFF_Msk);
  400212:	4a0a      	ldr	r2, [pc, #40]	; (40023c <Reset_Handler+0x58>)
  400214:	4b0a      	ldr	r3, [pc, #40]	; (400240 <Reset_Handler+0x5c>)
  400216:	f023 037f 	bic.w	r3, r3, #127	; 0x7f
  40021a:	6093      	str	r3, [r2, #8]
        __libc_init_array();
  40021c:	4b09      	ldr	r3, [pc, #36]	; (400244 <Reset_Handler+0x60>)
  40021e:	4798      	blx	r3
        main();
  400220:	4b09      	ldr	r3, [pc, #36]	; (400248 <Reset_Handler+0x64>)
  400222:	4798      	blx	r3
  400224:	e7fe      	b.n	400224 <Reset_Handler+0x40>
  400226:	bf00      	nop
  400228:	20400000 	.word	0x20400000
  40022c:	00403570 	.word	0x00403570
  400230:	20400068 	.word	0x20400068
  400234:	20400068 	.word	0x20400068
  400238:	20400b60 	.word	0x20400b60
  40023c:	e000ed00 	.word	0xe000ed00
  400240:	00400000 	.word	0x00400000
  400244:	00402999 	.word	0x00402999
  400248:	004009c9 	.word	0x004009c9

0040024c <RAND_0_CLOCK_init>:
}

static inline hri_pmc_pcsr1_reg_t hri_pmc_get_PCSR1_reg(const void *const hw, hri_pmc_pcsr1_reg_t mask)
{
	uint32_t tmp;
	tmp = ((Pmc *)hw)->PMC_PCSR1;
  40024c:	4b05      	ldr	r3, [pc, #20]	; (400264 <RAND_0_CLOCK_init+0x18>)
  40024e:	f8d3 3108 	ldr.w	r3, [r3, #264]	; 0x108
		if (!hri_pmc_get_PCSR0_reg(PMC, (1 << periph_id))) {
			hri_pmc_set_PCSR0_reg(PMC, (1 << periph_id));
		}
	} else if (periph_id < 64) {
		periph_id -= 32;
		if (!hri_pmc_get_PCSR1_reg(PMC, (1 << periph_id))) {
  400252:	f013 7f00 	tst.w	r3, #33554432	; 0x2000000
  400256:	d104      	bne.n	400262 <RAND_0_CLOCK_init+0x16>
	((Pmc *)hw)->PMC_PCER1 = mask;
  400258:	f04f 7200 	mov.w	r2, #33554432	; 0x2000000
  40025c:	4b01      	ldr	r3, [pc, #4]	; (400264 <RAND_0_CLOCK_init+0x18>)
  40025e:	f8c3 2100 	str.w	r2, [r3, #256]	; 0x100
  400262:	4770      	bx	lr
  400264:	400e0600 	.word	0x400e0600

00400268 <RAND_0_init>:
{
	_pmc_enable_periph_clock(ID_TRNG);
}

void RAND_0_init(void)
{
  400268:	b508      	push	{r3, lr}
	RAND_0_CLOCK_init();
  40026a:	4b03      	ldr	r3, [pc, #12]	; (400278 <RAND_0_init+0x10>)
  40026c:	4798      	blx	r3
	rand_sync_init(&RAND_0, TRNG);
  40026e:	4903      	ldr	r1, [pc, #12]	; (40027c <RAND_0_init+0x14>)
  400270:	4803      	ldr	r0, [pc, #12]	; (400280 <RAND_0_init+0x18>)
  400272:	4b04      	ldr	r3, [pc, #16]	; (400284 <RAND_0_init+0x1c>)
  400274:	4798      	blx	r3
  400276:	bd08      	pop	{r3, pc}
  400278:	0040024d 	.word	0x0040024d
  40027c:	40070000 	.word	0x40070000
  400280:	20400b44 	.word	0x20400b44
  400284:	00400399 	.word	0x00400399

00400288 <delay_driver_init>:
}

void delay_driver_init(void)
{
  400288:	b508      	push	{r3, lr}
	delay_init(SysTick);
  40028a:	4802      	ldr	r0, [pc, #8]	; (400294 <delay_driver_init+0xc>)
  40028c:	4b02      	ldr	r3, [pc, #8]	; (400298 <delay_driver_init+0x10>)
  40028e:	4798      	blx	r3
  400290:	bd08      	pop	{r3, pc}
  400292:	bf00      	nop
  400294:	e000e010 	.word	0xe000e010
  400298:	00400355 	.word	0x00400355

0040029c <USART_0_CLOCK_init>:
	tmp = ((Pmc *)hw)->PMC_PCSR0;
  40029c:	4b04      	ldr	r3, [pc, #16]	; (4002b0 <USART_0_CLOCK_init+0x14>)
  40029e:	699b      	ldr	r3, [r3, #24]
		if (!hri_pmc_get_PCSR0_reg(PMC, (1 << periph_id))) {
  4002a0:	f013 0f80 	tst.w	r3, #128	; 0x80
  4002a4:	d102      	bne.n	4002ac <USART_0_CLOCK_init+0x10>
	((Pmc *)hw)->PMC_PCER0 = mask;
  4002a6:	2280      	movs	r2, #128	; 0x80
  4002a8:	4b01      	ldr	r3, [pc, #4]	; (4002b0 <USART_0_CLOCK_init+0x14>)
  4002aa:	611a      	str	r2, [r3, #16]
  4002ac:	4770      	bx	lr
  4002ae:	bf00      	nop
  4002b0:	400e0600 	.word	0x400e0600

004002b4 <USART_0_init>:
{
	_pmc_enable_periph_clock(ID_UART0);
}

void USART_0_init(void)
{
  4002b4:	b508      	push	{r3, lr}
	USART_0_CLOCK_init();
  4002b6:	4b05      	ldr	r3, [pc, #20]	; (4002cc <USART_0_init+0x18>)
  4002b8:	4798      	blx	r3
	usart_sync_init(&USART_0, UART0, _uart_get_usart_sync());
  4002ba:	4b05      	ldr	r3, [pc, #20]	; (4002d0 <USART_0_init+0x1c>)
  4002bc:	4798      	blx	r3
  4002be:	4602      	mov	r2, r0
  4002c0:	4904      	ldr	r1, [pc, #16]	; (4002d4 <USART_0_init+0x20>)
  4002c2:	4805      	ldr	r0, [pc, #20]	; (4002d8 <USART_0_init+0x24>)
  4002c4:	4b05      	ldr	r3, [pc, #20]	; (4002dc <USART_0_init+0x28>)
  4002c6:	4798      	blx	r3
  4002c8:	bd08      	pop	{r3, pc}
  4002ca:	bf00      	nop
  4002cc:	0040029d 	.word	0x0040029d
  4002d0:	004008e1 	.word	0x004008e1
  4002d4:	400e0800 	.word	0x400e0800
  4002d8:	20400b50 	.word	0x20400b50
  4002dc:	00400495 	.word	0x00400495

004002e0 <WDT_0_init>:
	USART_0_PORT_init();
}

void WDT_0_init(void)
{
  4002e0:	b508      	push	{r3, lr}
 * \retval 0 Completed sucessfully.
 * \retval -1 Always on or enabled, don't need init again.
 */
static inline int32_t wdt_init(struct wdt_descriptor *const wdt, const void *hw)
{
	ASSERT(wdt && hw);
  4002e2:	2248      	movs	r2, #72	; 0x48
  4002e4:	4904      	ldr	r1, [pc, #16]	; (4002f8 <WDT_0_init+0x18>)
  4002e6:	2001      	movs	r0, #1
  4002e8:	4b04      	ldr	r3, [pc, #16]	; (4002fc <WDT_0_init+0x1c>)
  4002ea:	4798      	blx	r3

	wdt->dev.hw = (void *)hw;
  4002ec:	4804      	ldr	r0, [pc, #16]	; (400300 <WDT_0_init+0x20>)
  4002ee:	4b05      	ldr	r3, [pc, #20]	; (400304 <WDT_0_init+0x24>)
  4002f0:	6003      	str	r3, [r0, #0]

	return _wdt_init(&wdt->dev);
  4002f2:	4b05      	ldr	r3, [pc, #20]	; (400308 <WDT_0_init+0x28>)
  4002f4:	4798      	blx	r3
  4002f6:	bd08      	pop	{r3, pc}
  4002f8:	004032e4 	.word	0x004032e4
  4002fc:	00400531 	.word	0x00400531
  400300:	20400b4c 	.word	0x20400b4c
  400304:	400e1850 	.word	0x400e1850
  400308:	004008e5 	.word	0x004008e5

0040030c <system_init>:
	wdt_init(&WDT_0, WDT);
}

void system_init(void)
{
  40030c:	b508      	push	{r3, lr}
 * Currently the following initialization functions are supported:
 *  - System clock initialization
 */
static inline void init_mcu(void)
{
	_init_chip();
  40030e:	4b05      	ldr	r3, [pc, #20]	; (400324 <system_init+0x18>)
  400310:	4798      	blx	r3
	init_mcu();

	RAND_0_init();
  400312:	4b05      	ldr	r3, [pc, #20]	; (400328 <system_init+0x1c>)
  400314:	4798      	blx	r3

	delay_driver_init();
  400316:	4b05      	ldr	r3, [pc, #20]	; (40032c <system_init+0x20>)
  400318:	4798      	blx	r3

	USART_0_init();
  40031a:	4b05      	ldr	r3, [pc, #20]	; (400330 <system_init+0x24>)
  40031c:	4798      	blx	r3

	WDT_0_init();
  40031e:	4b05      	ldr	r3, [pc, #20]	; (400334 <system_init+0x28>)
  400320:	4798      	blx	r3
  400322:	bd08      	pop	{r3, pc}
  400324:	0040055d 	.word	0x0040055d
  400328:	00400269 	.word	0x00400269
  40032c:	00400289 	.word	0x00400289
  400330:	004002b5 	.word	0x004002b5
  400334:	004002e1 	.word	0x004002e1

00400338 <atomic_enter_critical>:
 */
__STATIC_FORCEINLINE uint32_t __get_PRIMASK(void)
{
  uint32_t result;

  __ASM volatile ("MRS %0, primask" : "=r" (result) :: "memory");
  400338:	f3ef 8310 	mrs	r3, PRIMASK
/**
 * \brief Disable interrupts, enter critical section
 */
void atomic_enter_critical(hal_atomic_t volatile *atomic)
{
	*atomic = __get_PRIMASK();
  40033c:	6003      	str	r3, [r0, #0]
  __ASM volatile ("cpsid i" : : : "memory");
  40033e:	b672      	cpsid	i
  \details Ensures the apparent order of the explicit memory operations before
           and after the instruction, without ensuring their completion.
 */
__STATIC_FORCEINLINE void __DMB(void)
{
  __ASM volatile ("dmb 0xF":::"memory");
  400340:	f3bf 8f5f 	dmb	sy
  400344:	4770      	bx	lr

00400346 <atomic_leave_critical>:
  400346:	f3bf 8f5f 	dmb	sy
 * \brief Exit atomic section
 */
void atomic_leave_critical(hal_atomic_t volatile *atomic)
{
	__DMB();
	__set_PRIMASK(*atomic);
  40034a:	6803      	ldr	r3, [r0, #0]
  __ASM volatile ("MSR primask, %0" : : "r" (priMask) : "memory");
  40034c:	f383 8810 	msr	PRIMASK, r3
  400350:	4770      	bx	lr
	...

00400354 <delay_init>:

/**
 * \brief Initialize Delay driver
 */
void delay_init(void *const hw)
{
  400354:	b508      	push	{r3, lr}
	_delay_init(hardware = hw);
  400356:	4b02      	ldr	r3, [pc, #8]	; (400360 <delay_init+0xc>)
  400358:	6018      	str	r0, [r3, #0]
  40035a:	4b02      	ldr	r3, [pc, #8]	; (400364 <delay_init+0x10>)
  40035c:	4798      	blx	r3
  40035e:	bd08      	pop	{r3, pc}
  400360:	20400084 	.word	0x20400084
  400364:	00400675 	.word	0x00400675

00400368 <io_write>:

/**
 * \brief I/O write interface
 */
int32_t io_write(struct io_descriptor *const io_descr, const uint8_t *const buf, const uint16_t length)
{
  400368:	b570      	push	{r4, r5, r6, lr}
  40036a:	4616      	mov	r6, r2
	ASSERT(io_descr && buf);
  40036c:	4604      	mov	r4, r0
  40036e:	460d      	mov	r5, r1
  400370:	2800      	cmp	r0, #0
  400372:	bf18      	it	ne
  400374:	2900      	cmpne	r1, #0
  400376:	bf14      	ite	ne
  400378:	2001      	movne	r0, #1
  40037a:	2000      	moveq	r0, #0
  40037c:	2234      	movs	r2, #52	; 0x34
  40037e:	4904      	ldr	r1, [pc, #16]	; (400390 <io_write+0x28>)
  400380:	4b04      	ldr	r3, [pc, #16]	; (400394 <io_write+0x2c>)
  400382:	4798      	blx	r3
	return io_descr->write(io_descr, buf, length);
  400384:	6823      	ldr	r3, [r4, #0]
  400386:	4632      	mov	r2, r6
  400388:	4629      	mov	r1, r5
  40038a:	4620      	mov	r0, r4
  40038c:	4798      	blx	r3
}
  40038e:	bd70      	pop	{r4, r5, r6, pc}
  400390:	00403300 	.word	0x00403300
  400394:	00400531 	.word	0x00400531

00400398 <rand_sync_init>:
#include "hal_rand_sync.h"

#define HAL_RNG_SYNC_VERSION 0x00000001u

int32_t rand_sync_init(struct rand_sync_desc *const desc, void *const hw)
{
  400398:	b538      	push	{r3, r4, r5, lr}
  40039a:	460d      	mov	r5, r1
	ASSERT(desc);
  40039c:	4604      	mov	r4, r0
  40039e:	2229      	movs	r2, #41	; 0x29
  4003a0:	4905      	ldr	r1, [pc, #20]	; (4003b8 <rand_sync_init+0x20>)
  4003a2:	3000      	adds	r0, #0
  4003a4:	bf18      	it	ne
  4003a6:	2001      	movne	r0, #1
  4003a8:	4b04      	ldr	r3, [pc, #16]	; (4003bc <rand_sync_init+0x24>)
  4003aa:	4798      	blx	r3

	return _rand_sync_init(&desc->dev, hw);
  4003ac:	4629      	mov	r1, r5
  4003ae:	4620      	mov	r0, r4
  4003b0:	4b03      	ldr	r3, [pc, #12]	; (4003c0 <rand_sync_init+0x28>)
  4003b2:	4798      	blx	r3
}
  4003b4:	bd38      	pop	{r3, r4, r5, pc}
  4003b6:	bf00      	nop
  4003b8:	00403314 	.word	0x00403314
  4003bc:	00400531 	.word	0x00400531
  4003c0:	00400681 	.word	0x00400681

004003c4 <usart_sync_write>:
 * \param[in] length The number of bytes to write
 *
 * \return The number of bytes written.
 */
static int32_t usart_sync_write(struct io_descriptor *const io_descr, const uint8_t *const buf, const uint16_t length)
{
  4003c4:	b5f8      	push	{r3, r4, r5, r6, r7, lr}
  4003c6:	4616      	mov	r6, r2
	uint32_t                      offset = 0;
	struct usart_sync_descriptor *descr  = CONTAINER_OF(io_descr, struct usart_sync_descriptor, io);

	ASSERT(io_descr && buf && length);
  4003c8:	4605      	mov	r5, r0
  4003ca:	460f      	mov	r7, r1
  4003cc:	2800      	cmp	r0, #0
  4003ce:	bf18      	it	ne
  4003d0:	2900      	cmpne	r1, #0
  4003d2:	d002      	beq.n	4003da <usart_sync_write+0x16>
  4003d4:	bb0a      	cbnz	r2, 40041a <usart_sync_write+0x56>
  4003d6:	2000      	movs	r0, #0
  4003d8:	e000      	b.n	4003dc <usart_sync_write+0x18>
  4003da:	2000      	movs	r0, #0
  4003dc:	22f1      	movs	r2, #241	; 0xf1
  4003de:	4910      	ldr	r1, [pc, #64]	; (400420 <usart_sync_write+0x5c>)
  4003e0:	4b10      	ldr	r3, [pc, #64]	; (400424 <usart_sync_write+0x60>)
  4003e2:	4798      	blx	r3
	while (!_usart_sync_is_ready_to_send(&descr->device))
  4003e4:	f105 0408 	add.w	r4, r5, #8
  4003e8:	4620      	mov	r0, r4
  4003ea:	4b0f      	ldr	r3, [pc, #60]	; (400428 <usart_sync_write+0x64>)
  4003ec:	4798      	blx	r3
  4003ee:	2800      	cmp	r0, #0
  4003f0:	d0f8      	beq.n	4003e4 <usart_sync_write+0x20>
  4003f2:	2500      	movs	r5, #0
		;
	do {
		_usart_sync_write_byte(&descr->device, buf[offset]);
  4003f4:	5d79      	ldrb	r1, [r7, r5]
  4003f6:	4620      	mov	r0, r4
  4003f8:	4b0c      	ldr	r3, [pc, #48]	; (40042c <usart_sync_write+0x68>)
  4003fa:	4798      	blx	r3
		while (!_usart_sync_is_ready_to_send(&descr->device))
  4003fc:	4620      	mov	r0, r4
  4003fe:	4b0a      	ldr	r3, [pc, #40]	; (400428 <usart_sync_write+0x64>)
  400400:	4798      	blx	r3
  400402:	2800      	cmp	r0, #0
  400404:	d0fa      	beq.n	4003fc <usart_sync_write+0x38>
			;
	} while (++offset < length);
  400406:	3501      	adds	r5, #1
  400408:	42b5      	cmp	r5, r6
  40040a:	d3f3      	bcc.n	4003f4 <usart_sync_write+0x30>
	while (!_usart_sync_is_transmit_done(&descr->device))
  40040c:	4620      	mov	r0, r4
  40040e:	4b08      	ldr	r3, [pc, #32]	; (400430 <usart_sync_write+0x6c>)
  400410:	4798      	blx	r3
  400412:	2800      	cmp	r0, #0
  400414:	d0fa      	beq.n	40040c <usart_sync_write+0x48>
		;
	return (int32_t)offset;
}
  400416:	4628      	mov	r0, r5
  400418:	bdf8      	pop	{r3, r4, r5, r6, r7, pc}
	ASSERT(io_descr && buf && length);
  40041a:	2001      	movs	r0, #1
  40041c:	e7de      	b.n	4003dc <usart_sync_write+0x18>
  40041e:	bf00      	nop
  400420:	00403330 	.word	0x00403330
  400424:	00400531 	.word	0x00400531
  400428:	00400869 	.word	0x00400869
  40042c:	00400821 	.word	0x00400821
  400430:	00400891 	.word	0x00400891

00400434 <usart_sync_read>:
 * \param[in] length The size of a buffer
 *
 * \return The number of bytes read.
 */
static int32_t usart_sync_read(struct io_descriptor *const io_descr, uint8_t *const buf, const uint16_t length)
{
  400434:	e92d 41f0 	stmdb	sp!, {r4, r5, r6, r7, r8, lr}
  400438:	4617      	mov	r7, r2
	uint32_t                      offset = 0;
	struct usart_sync_descriptor *descr  = CONTAINER_OF(io_descr, struct usart_sync_descriptor, io);

	ASSERT(io_descr && buf && length);
  40043a:	4605      	mov	r5, r0
  40043c:	4688      	mov	r8, r1
  40043e:	2800      	cmp	r0, #0
  400440:	bf18      	it	ne
  400442:	2900      	cmpne	r1, #0
  400444:	d002      	beq.n	40044c <usart_sync_read+0x18>
  400446:	b9d2      	cbnz	r2, 40047e <usart_sync_read+0x4a>
  400448:	2000      	movs	r0, #0
  40044a:	e000      	b.n	40044e <usart_sync_read+0x1a>
  40044c:	2000      	movs	r0, #0
  40044e:	f44f 7286 	mov.w	r2, #268	; 0x10c
  400452:	490c      	ldr	r1, [pc, #48]	; (400484 <usart_sync_read+0x50>)
  400454:	4b0c      	ldr	r3, [pc, #48]	; (400488 <usart_sync_read+0x54>)
  400456:	4798      	blx	r3
	uint32_t                      offset = 0;
  400458:	2600      	movs	r6, #0
	do {
		while (!_usart_sync_is_byte_received(&descr->device))
  40045a:	f105 0408 	add.w	r4, r5, #8
  40045e:	4620      	mov	r0, r4
  400460:	4b0a      	ldr	r3, [pc, #40]	; (40048c <usart_sync_read+0x58>)
  400462:	4798      	blx	r3
  400464:	2800      	cmp	r0, #0
  400466:	d0f8      	beq.n	40045a <usart_sync_read+0x26>
			;
		buf[offset] = _usart_sync_read_byte(&descr->device);
  400468:	4620      	mov	r0, r4
  40046a:	4b09      	ldr	r3, [pc, #36]	; (400490 <usart_sync_read+0x5c>)
  40046c:	4798      	blx	r3
  40046e:	f808 0006 	strb.w	r0, [r8, r6]
	} while (++offset < length);
  400472:	3601      	adds	r6, #1
  400474:	42be      	cmp	r6, r7
  400476:	d3f0      	bcc.n	40045a <usart_sync_read+0x26>

	return (int32_t)offset;
}
  400478:	4630      	mov	r0, r6
  40047a:	e8bd 81f0 	ldmia.w	sp!, {r4, r5, r6, r7, r8, pc}
	ASSERT(io_descr && buf && length);
  40047e:	2001      	movs	r0, #1
  400480:	e7e5      	b.n	40044e <usart_sync_read+0x1a>
  400482:	bf00      	nop
  400484:	00403330 	.word	0x00403330
  400488:	00400531 	.word	0x00400531
  40048c:	004008b9 	.word	0x004008b9
  400490:	00400845 	.word	0x00400845

00400494 <usart_sync_init>:
{
  400494:	b538      	push	{r3, r4, r5, lr}
	ASSERT(descr && hw);
  400496:	4604      	mov	r4, r0
  400498:	460d      	mov	r5, r1
  40049a:	2800      	cmp	r0, #0
  40049c:	bf18      	it	ne
  40049e:	2900      	cmpne	r1, #0
  4004a0:	bf14      	ite	ne
  4004a2:	2001      	movne	r0, #1
  4004a4:	2000      	moveq	r0, #0
  4004a6:	2234      	movs	r2, #52	; 0x34
  4004a8:	4907      	ldr	r1, [pc, #28]	; (4004c8 <usart_sync_init+0x34>)
  4004aa:	4b08      	ldr	r3, [pc, #32]	; (4004cc <usart_sync_init+0x38>)
  4004ac:	4798      	blx	r3
	init_status = _usart_sync_init(&descr->device, hw);
  4004ae:	4629      	mov	r1, r5
  4004b0:	f104 0008 	add.w	r0, r4, #8
  4004b4:	4b06      	ldr	r3, [pc, #24]	; (4004d0 <usart_sync_init+0x3c>)
  4004b6:	4798      	blx	r3
	if (init_status) {
  4004b8:	4603      	mov	r3, r0
  4004ba:	b918      	cbnz	r0, 4004c4 <usart_sync_init+0x30>
	descr->io.read  = usart_sync_read;
  4004bc:	4a05      	ldr	r2, [pc, #20]	; (4004d4 <usart_sync_init+0x40>)
  4004be:	6062      	str	r2, [r4, #4]
	descr->io.write = usart_sync_write;
  4004c0:	4a05      	ldr	r2, [pc, #20]	; (4004d8 <usart_sync_init+0x44>)
  4004c2:	6022      	str	r2, [r4, #0]
}
  4004c4:	4618      	mov	r0, r3
  4004c6:	bd38      	pop	{r3, r4, r5, pc}
  4004c8:	00403330 	.word	0x00403330
  4004cc:	00400531 	.word	0x00400531
  4004d0:	004007b5 	.word	0x004007b5
  4004d4:	00400435 	.word	0x00400435
  4004d8:	004003c5 	.word	0x004003c5

004004dc <usart_sync_enable>:
{
  4004dc:	b510      	push	{r4, lr}
	ASSERT(descr);
  4004de:	4604      	mov	r4, r0
  4004e0:	2253      	movs	r2, #83	; 0x53
  4004e2:	4906      	ldr	r1, [pc, #24]	; (4004fc <usart_sync_enable+0x20>)
  4004e4:	3000      	adds	r0, #0
  4004e6:	bf18      	it	ne
  4004e8:	2001      	movne	r0, #1
  4004ea:	4b05      	ldr	r3, [pc, #20]	; (400500 <usart_sync_enable+0x24>)
  4004ec:	4798      	blx	r3
	_usart_sync_enable(&descr->device);
  4004ee:	f104 0008 	add.w	r0, r4, #8
  4004f2:	4b04      	ldr	r3, [pc, #16]	; (400504 <usart_sync_enable+0x28>)
  4004f4:	4798      	blx	r3
}
  4004f6:	2000      	movs	r0, #0
  4004f8:	bd10      	pop	{r4, pc}
  4004fa:	bf00      	nop
  4004fc:	00403330 	.word	0x00403330
  400500:	00400531 	.word	0x00400531
  400504:	004007ed 	.word	0x004007ed

00400508 <usart_sync_get_io_descriptor>:
{
  400508:	b538      	push	{r3, r4, r5, lr}
	ASSERT(descr && io);
  40050a:	4605      	mov	r5, r0
  40050c:	460c      	mov	r4, r1
  40050e:	2800      	cmp	r0, #0
  400510:	bf18      	it	ne
  400512:	2900      	cmpne	r1, #0
  400514:	bf14      	ite	ne
  400516:	2001      	movne	r0, #1
  400518:	2000      	moveq	r0, #0
  40051a:	2269      	movs	r2, #105	; 0x69
  40051c:	4902      	ldr	r1, [pc, #8]	; (400528 <usart_sync_get_io_descriptor+0x20>)
  40051e:	4b03      	ldr	r3, [pc, #12]	; (40052c <usart_sync_get_io_descriptor+0x24>)
  400520:	4798      	blx	r3
	*io = &descr->io;
  400522:	6025      	str	r5, [r4, #0]
}
  400524:	2000      	movs	r0, #0
  400526:	bd38      	pop	{r3, r4, r5, pc}
  400528:	00403330 	.word	0x00403330
  40052c:	00400531 	.word	0x00400531

00400530 <assert>:
/**
 * \brief Assert function
 */
void assert(const bool condition, const char *const file, const int line)
{
	if (!(condition)) {
  400530:	b900      	cbnz	r0, 400534 <assert+0x4>
		__asm("BKPT #0");
  400532:	be00      	bkpt	0x0000
  400534:	4770      	bx	lr
	...

00400538 <_sbrk>:

/**
 * \brief Replacement of C library of _sbrk
 */
extern caddr_t _sbrk(int incr)
{
  400538:	4603      	mov	r3, r0
	static unsigned char *heap = NULL;
	unsigned char *       prev_heap;

	if (heap == NULL) {
  40053a:	4a06      	ldr	r2, [pc, #24]	; (400554 <_sbrk+0x1c>)
  40053c:	6812      	ldr	r2, [r2, #0]
  40053e:	b122      	cbz	r2, 40054a <_sbrk+0x12>
		heap = (unsigned char *)&_end;
	}
	prev_heap = heap;
  400540:	4a04      	ldr	r2, [pc, #16]	; (400554 <_sbrk+0x1c>)
  400542:	6810      	ldr	r0, [r2, #0]

	heap += incr;
  400544:	4403      	add	r3, r0
  400546:	6013      	str	r3, [r2, #0]

	return (caddr_t)prev_heap;
}
  400548:	4770      	bx	lr
		heap = (unsigned char *)&_end;
  40054a:	4903      	ldr	r1, [pc, #12]	; (400558 <_sbrk+0x20>)
  40054c:	4a01      	ldr	r2, [pc, #4]	; (400554 <_sbrk+0x1c>)
  40054e:	6011      	str	r1, [r2, #0]
  400550:	e7f6      	b.n	400540 <_sbrk+0x8>
  400552:	bf00      	nop
  400554:	20400088 	.word	0x20400088
  400558:	20401160 	.word	0x20401160

0040055c <_init_chip>:

/**
 * \brief Initialize the hardware abstraction layer
 */
void _init_chip(void)
{
  40055c:	b500      	push	{lr}
  40055e:	b083      	sub	sp, #12
/**
 * \brief Enable FPU
 */
static inline void _fpu_enable(void)
{
	CRITICAL_SECTION_ENTER()
  400560:	a801      	add	r0, sp, #4
  400562:	4b0e      	ldr	r3, [pc, #56]	; (40059c <_init_chip+0x40>)
  400564:	4798      	blx	r3
	/** Set bits 20-23 to enable CP10 and CP11 coprocessors */
	SCB->CPACR |= (0xFu << 20);
  400566:	4a0e      	ldr	r2, [pc, #56]	; (4005a0 <_init_chip+0x44>)
  400568:	f8d2 3088 	ldr.w	r3, [r2, #136]	; 0x88
  40056c:	f443 0370 	orr.w	r3, r3, #15728640	; 0xf00000
  400570:	f8c2 3088 	str.w	r3, [r2, #136]	; 0x88
  __ASM volatile ("dsb 0xF":::"memory");
  400574:	f3bf 8f4f 	dsb	sy
  __ASM volatile ("isb 0xF":::"memory");
  400578:	f3bf 8f6f 	isb	sy
	__DSB();
	__ISB();
	CRITICAL_SECTION_LEAVE()
  40057c:	a801      	add	r0, sp, #4
  40057e:	4b09      	ldr	r3, [pc, #36]	; (4005a4 <_init_chip+0x48>)
  400580:	4798      	blx	r3

static inline void hri_efc_write_EEFC_FMR_FWS_bf(const void *const hw, hri_efc_eefc_fmr_reg_t data)
{
	uint32_t tmp;
	EFC_CRITICAL_SECTION_ENTER();
	tmp = ((Efc *)hw)->EEFC_FMR;
  400582:	4a09      	ldr	r2, [pc, #36]	; (4005a8 <_init_chip+0x4c>)
  400584:	6813      	ldr	r3, [r2, #0]
	tmp &= ~EEFC_FMR_FWS_Msk;
  400586:	f423 6370 	bic.w	r3, r3, #3840	; 0xf00
	tmp |= EEFC_FMR_FWS(data);
  40058a:	f443 63c0 	orr.w	r3, r3, #1536	; 0x600
	((Efc *)hw)->EEFC_FMR = tmp;
  40058e:	6013      	str	r3, [r2, #0]
#if CONF_DMA_ENABLE
	_pmc_enable_periph_clock(ID_XDMAC);
	_dma_init();

#endif
	_pmc_init();
  400590:	4b06      	ldr	r3, [pc, #24]	; (4005ac <_init_chip+0x50>)
  400592:	4798      	blx	r3
}
  400594:	b003      	add	sp, #12
  400596:	f85d fb04 	ldr.w	pc, [sp], #4
  40059a:	bf00      	nop
  40059c:	00400339 	.word	0x00400339
  4005a0:	e000ed00 	.word	0xe000ed00
  4005a4:	00400347 	.word	0x00400347
  4005a8:	400e0c00 	.word	0x400e0c00
  4005ac:	0040064d 	.word	0x0040064d

004005b0 <_pmc_init_sources>:
	PMC_CRITICAL_SECTION_LEAVE();
}

static inline hri_pmc_ckgr_mor_reg_t hri_pmc_read_CKGR_MOR_reg(const void *const hw)
{
	return ((Pmc *)hw)->CKGR_MOR;
  4005b0:	490e      	ldr	r1, [pc, #56]	; (4005ec <_pmc_init_sources+0x3c>)
  4005b2:	6a0a      	ldr	r2, [r1, #32]
	/* Enable Main XTAL oscillator */
	data = hri_pmc_read_CKGR_MOR_reg(PMC) & ~CKGR_MOR_MOSCXTEN;
	data |= CKGR_MOR_KEY_PASSWD | CKGR_MOR_MOSCXTBY | CKGR_MOR_MOSCSEL;
	hri_pmc_write_CKGR_MOR_reg(PMC, data);
#else
	data = hri_pmc_read_CKGR_MOR_reg(PMC) & ~CKGR_MOR_MOSCXTBY;
  4005b4:	f022 0202 	bic.w	r2, r2, #2
	data |= CKGR_MOR_KEY_PASSWD | CKGR_MOR_MOSCXTEN | CKGR_MOR_MOSCXTST(CONF_XOSC20M_STARTUP_TIME);
  4005b8:	4b0d      	ldr	r3, [pc, #52]	; (4005f0 <_pmc_init_sources+0x40>)
  4005ba:	4313      	orrs	r3, r2
	((Pmc *)hw)->CKGR_MOR = data;
  4005bc:	620b      	str	r3, [r1, #32]
	return (((Pmc *)hw)->PMC_SR & PMC_SR_MOSCXTS) > 0;
  4005be:	4b0b      	ldr	r3, [pc, #44]	; (4005ec <_pmc_init_sources+0x3c>)
  4005c0:	6e9b      	ldr	r3, [r3, #104]	; 0x68
	hri_pmc_write_CKGR_MOR_reg(PMC, data);
	while (!hri_pmc_get_SR_MOSCXTS_bit(PMC)) {
  4005c2:	f013 0f01 	tst.w	r3, #1
  4005c6:	d0fa      	beq.n	4005be <_pmc_init_sources+0xe>
	((Pmc *)hw)->CKGR_MOR |= mask;
  4005c8:	4b08      	ldr	r3, [pc, #32]	; (4005ec <_pmc_init_sources+0x3c>)
  4005ca:	6a19      	ldr	r1, [r3, #32]
  4005cc:	4a09      	ldr	r2, [pc, #36]	; (4005f4 <_pmc_init_sources+0x44>)
  4005ce:	430a      	orrs	r2, r1
  4005d0:	621a      	str	r2, [r3, #32]

static inline void hri_pmc_write_CKGR_PLLAR_MULA_bf(const void *const hw, hri_pmc_ckgr_pllar_reg_t data)
{
	uint32_t tmp;
	PMC_CRITICAL_SECTION_ENTER();
	tmp = ((Pmc *)hw)->CKGR_PLLAR;
  4005d2:	6a99      	ldr	r1, [r3, #40]	; 0x28
	tmp &= ~CKGR_PLLAR_MULA_Msk;
  4005d4:	4a08      	ldr	r2, [pc, #32]	; (4005f8 <_pmc_init_sources+0x48>)
  4005d6:	400a      	ands	r2, r1
	tmp |= CKGR_PLLAR_MULA(data);
	((Pmc *)hw)->CKGR_PLLAR = tmp;
  4005d8:	629a      	str	r2, [r3, #40]	; 0x28
}

static inline void hri_pmc_write_CKGR_PLLAR_reg(const void *const hw, hri_pmc_ckgr_pllar_reg_t data)
{
	PMC_CRITICAL_SECTION_ENTER();
	((Pmc *)hw)->CKGR_PLLAR = data;
  4005da:	4a08      	ldr	r2, [pc, #32]	; (4005fc <_pmc_init_sources+0x4c>)
  4005dc:	629a      	str	r2, [r3, #40]	; 0x28
	return (((Pmc *)hw)->PMC_SR & PMC_SR_LOCKA) > 0;
  4005de:	4b03      	ldr	r3, [pc, #12]	; (4005ec <_pmc_init_sources+0x3c>)
  4005e0:	6e9b      	ldr	r3, [r3, #104]	; 0x68
#if (CONF_PLLACK_ENABLE == 1)
	data = CKGR_PLLAR_MULA(CONF_PLLACK_MUL - 1) | CKGR_PLLAR_DIVA(CONF_PLLACK_DIV) | CKGR_PLLAR_PLLACOUNT(PLL_COUNT);
	/* Stop PLL first */
	hri_pmc_write_CKGR_PLLAR_MULA_bf(PMC, 0);
	hri_pmc_write_CKGR_PLLAR_reg(PMC, (CKGR_PLLAR_ONE | data));
	while (!hri_pmc_get_SR_LOCKA_bit(PMC)) {
  4005e2:	f013 0f02 	tst.w	r3, #2
  4005e6:	d0fa      	beq.n	4005de <_pmc_init_sources+0x2e>
#if (CONF_CLK_CFDEN_ENABLE == 1)
	/* Enable main clock failure detection */
	hri_pmc_set_CKGR_MOR_CFDEN_bit(PMC);
#endif
#endif
}
  4005e8:	4770      	bx	lr
  4005ea:	bf00      	nop
  4005ec:	400e0600 	.word	0x400e0600
  4005f0:	00373e01 	.word	0x00373e01
  4005f4:	01370000 	.word	0x01370000
  4005f8:	f800ffff 	.word	0xf800ffff
  4005fc:	20183f01 	.word	0x20183f01

00400600 <_pmc_init_master_clock>:

static inline void hri_pmc_write_MCKR_PRES_bf(const void *const hw, hri_pmc_mckr_reg_t data)
{
	uint32_t tmp;
	PMC_CRITICAL_SECTION_ENTER();
	tmp = ((Pmc *)hw)->PMC_MCKR;
  400600:	4a11      	ldr	r2, [pc, #68]	; (400648 <_pmc_init_master_clock+0x48>)
  400602:	6b13      	ldr	r3, [r2, #48]	; 0x30
	tmp &= ~PMC_MCKR_PRES_Msk;
  400604:	f023 0370 	bic.w	r3, r3, #112	; 0x70
	tmp |= PMC_MCKR_PRES(data);
	((Pmc *)hw)->PMC_MCKR = tmp;
  400608:	6313      	str	r3, [r2, #48]	; 0x30
	return (((Pmc *)hw)->PMC_SR & PMC_SR_MCKRDY) > 0;
  40060a:	4b0f      	ldr	r3, [pc, #60]	; (400648 <_pmc_init_master_clock+0x48>)
  40060c:	6e9b      	ldr	r3, [r3, #104]	; 0x68
	while (!hri_pmc_get_SR_MCKRDY_bit(PMC)) {
		/* Wait until master clock is ready */
	}
#elif ((CONF_CLK_GEN_MCKR_SRC == CLK_SRC_OPTION_PLLACK) || (CONF_CLK_GEN_MCKR_SRC == CLK_SRC_OPTION_UPLLCKDIV))
	hri_pmc_write_MCKR_PRES_bf(PMC, CONF_MCKR_PRESC);
	while (!hri_pmc_get_SR_MCKRDY_bit(PMC)) {
  40060e:	f013 0f08 	tst.w	r3, #8
  400612:	d0fa      	beq.n	40060a <_pmc_init_master_clock+0xa>

static inline void hri_pmc_write_MCKR_MDIV_bf(const void *const hw, hri_pmc_mckr_reg_t data)
{
	uint32_t tmp;
	PMC_CRITICAL_SECTION_ENTER();
	tmp = ((Pmc *)hw)->PMC_MCKR;
  400614:	4a0c      	ldr	r2, [pc, #48]	; (400648 <_pmc_init_master_clock+0x48>)
  400616:	6b13      	ldr	r3, [r2, #48]	; 0x30
	tmp &= ~PMC_MCKR_MDIV_Msk;
  400618:	f423 7340 	bic.w	r3, r3, #768	; 0x300
	tmp |= PMC_MCKR_MDIV(data);
  40061c:	f443 7380 	orr.w	r3, r3, #256	; 0x100
	((Pmc *)hw)->PMC_MCKR = tmp;
  400620:	6313      	str	r3, [r2, #48]	; 0x30
	return (((Pmc *)hw)->PMC_SR & PMC_SR_MCKRDY) > 0;
  400622:	4b09      	ldr	r3, [pc, #36]	; (400648 <_pmc_init_master_clock+0x48>)
  400624:	6e9b      	ldr	r3, [r3, #104]	; 0x68
		/* Wait until master clock is ready */
	}
	hri_pmc_write_MCKR_MDIV_bf(PMC, CONF_MCK_DIV);
	while (!hri_pmc_get_SR_MCKRDY_bit(PMC)) {
  400626:	f013 0f08 	tst.w	r3, #8
  40062a:	d0fa      	beq.n	400622 <_pmc_init_master_clock+0x22>
	tmp = ((Pmc *)hw)->PMC_MCKR;
  40062c:	4a06      	ldr	r2, [pc, #24]	; (400648 <_pmc_init_master_clock+0x48>)
  40062e:	6b13      	ldr	r3, [r2, #48]	; 0x30
	tmp &= ~PMC_MCKR_CSS_Msk;
  400630:	f023 0303 	bic.w	r3, r3, #3
	tmp |= PMC_MCKR_CSS(data);
  400634:	f043 0302 	orr.w	r3, r3, #2
	((Pmc *)hw)->PMC_MCKR = tmp;
  400638:	6313      	str	r3, [r2, #48]	; 0x30
	return (((Pmc *)hw)->PMC_SR & PMC_SR_MCKRDY) > 0;
  40063a:	4b03      	ldr	r3, [pc, #12]	; (400648 <_pmc_init_master_clock+0x48>)
  40063c:	6e9b      	ldr	r3, [r3, #104]	; 0x68
		/* Wait until master clock is ready */
	}
	hri_pmc_write_MCKR_CSS_bf(PMC, CONF_CLK_GEN_MCKR_SRC);
	while (!hri_pmc_get_SR_MCKRDY_bit(PMC)) {
  40063e:	f013 0f08 	tst.w	r3, #8
  400642:	d0fa      	beq.n	40063a <_pmc_init_master_clock+0x3a>
		/* Wait until master clock is ready */
	}
#endif
#endif
}
  400644:	4770      	bx	lr
  400646:	bf00      	nop
  400648:	400e0600 	.word	0x400e0600

0040064c <_pmc_init>:
/**
 * \brief Initializes cortex M7 core clock
 *
 */
void _pmc_init(void)
{
  40064c:	b508      	push	{r3, lr}
	_pmc_init_sources();
  40064e:	4b02      	ldr	r3, [pc, #8]	; (400658 <_pmc_init+0xc>)
  400650:	4798      	blx	r3
	_pmc_init_master_clock();
  400652:	4b02      	ldr	r3, [pc, #8]	; (40065c <_pmc_init+0x10>)
  400654:	4798      	blx	r3
  400656:	bd08      	pop	{r3, pc}
  400658:	004005b1 	.word	0x004005b1
  40065c:	00400601 	.word	0x00400601

00400660 <_system_time_init>:
 * \brief Initialize system time module
 */
void _system_time_init(void *const hw)
{
	(void)hw;
	SysTick->LOAD = (0xFFFFFF << SysTick_LOAD_RELOAD_Pos);
  400660:	4b03      	ldr	r3, [pc, #12]	; (400670 <_system_time_init+0x10>)
  400662:	f06f 427f 	mvn.w	r2, #4278190080	; 0xff000000
  400666:	605a      	str	r2, [r3, #4]
	SysTick->CTRL = (1 << SysTick_CTRL_ENABLE_Pos) | (CONF_SYSTICK_TICKINT << SysTick_CTRL_TICKINT_Pos)
  400668:	2205      	movs	r2, #5
  40066a:	601a      	str	r2, [r3, #0]
  40066c:	4770      	bx	lr
  40066e:	bf00      	nop
  400670:	e000e010 	.word	0xe000e010

00400674 <_delay_init>:
}
/**
 * \brief Initialize delay functionality
 */
void _delay_init(void *const hw)
{
  400674:	b508      	push	{r3, lr}
	_system_time_init(hw);
  400676:	4b01      	ldr	r3, [pc, #4]	; (40067c <_delay_init+0x8>)
  400678:	4798      	blx	r3
  40067a:	bd08      	pop	{r3, pc}
  40067c:	00400661 	.word	0x00400661

00400680 <_rand_sync_init>:
#include <err_codes.h>
#include <hpl_rand_sync.h>
#include <utils_assert.h>

int32_t _rand_sync_init(struct _rand_sync_dev *const dev, void *const hw)
{
  400680:	b538      	push	{r3, r4, r5, lr}
	ASSERT(dev && hw);
  400682:	4604      	mov	r4, r0
  400684:	460d      	mov	r5, r1
  400686:	2800      	cmp	r0, #0
  400688:	bf18      	it	ne
  40068a:	2900      	cmpne	r1, #0
  40068c:	bf14      	ite	ne
  40068e:	2001      	movne	r0, #1
  400690:	2000      	moveq	r0, #0
  400692:	2228      	movs	r2, #40	; 0x28
  400694:	4903      	ldr	r1, [pc, #12]	; (4006a4 <_rand_sync_init+0x24>)
  400696:	4b04      	ldr	r3, [pc, #16]	; (4006a8 <_rand_sync_init+0x28>)
  400698:	4798      	blx	r3

	dev->prvt   = hw;
  40069a:	6025      	str	r5, [r4, #0]
	dev->n_bits = 32;
  40069c:	2320      	movs	r3, #32
  40069e:	7123      	strb	r3, [r4, #4]

	return ERR_NONE;
}
  4006a0:	2000      	movs	r0, #0
  4006a2:	bd38      	pop	{r3, r4, r5, pc}
  4006a4:	0040334c 	.word	0x0040334c
  4006a8:	00400531 	.word	0x00400531

004006ac <_uart_get_hardware_index>:
/**
 * \brief Retrieve ordinal number of the given uart hardware instance
 * \param[in] p The pointer to interrupt parameter
 */
static uint8_t _uart_get_hardware_index(const void *const hw)
{
  4006ac:	b510      	push	{r4, lr}
	ASSERT(hw);
  4006ae:	4604      	mov	r4, r0
  4006b0:	f240 2219 	movw	r2, #537	; 0x219
  4006b4:	4912      	ldr	r1, [pc, #72]	; (400700 <_uart_get_hardware_index+0x54>)
  4006b6:	3000      	adds	r0, #0
  4006b8:	bf18      	it	ne
  4006ba:	2001      	movne	r0, #1
  4006bc:	4b11      	ldr	r3, [pc, #68]	; (400704 <_uart_get_hardware_index+0x58>)
  4006be:	4798      	blx	r3
#ifdef _UNIT_TEST_
	return ((uint32_t)hw - (uint32_t)UART0) / sizeof(Uart);
#endif
	if (UART0 == hw) {
  4006c0:	4b11      	ldr	r3, [pc, #68]	; (400708 <_uart_get_hardware_index+0x5c>)
  4006c2:	429c      	cmp	r4, r3
  4006c4:	d013      	beq.n	4006ee <_uart_get_hardware_index+0x42>
		return 0;
	} else if (UART1 == hw) {
  4006c6:	f503 7300 	add.w	r3, r3, #512	; 0x200
  4006ca:	429c      	cmp	r4, r3
  4006cc:	d011      	beq.n	4006f2 <_uart_get_hardware_index+0x46>
		return 1;
	} else if (UART2 == hw) {
  4006ce:	f503 5380 	add.w	r3, r3, #4096	; 0x1000
  4006d2:	429c      	cmp	r4, r3
  4006d4:	d00f      	beq.n	4006f6 <_uart_get_hardware_index+0x4a>
		return 2;
	} else if (UART3 == hw) {
  4006d6:	f503 7300 	add.w	r3, r3, #512	; 0x200
  4006da:	429c      	cmp	r4, r3
  4006dc:	d00d      	beq.n	4006fa <_uart_get_hardware_index+0x4e>
		return 3;
	} else if (UART4 == hw) {
  4006de:	f503 7300 	add.w	r3, r3, #512	; 0x200
  4006e2:	429c      	cmp	r4, r3
  4006e4:	d001      	beq.n	4006ea <_uart_get_hardware_index+0x3e>
		return 4;
	} else {
		return ERR_INVALID_DATA;
  4006e6:	20ff      	movs	r0, #255	; 0xff
	}
}
  4006e8:	bd10      	pop	{r4, pc}
		return 4;
  4006ea:	2004      	movs	r0, #4
  4006ec:	bd10      	pop	{r4, pc}
		return 0;
  4006ee:	2000      	movs	r0, #0
  4006f0:	bd10      	pop	{r4, pc}
		return 1;
  4006f2:	2001      	movs	r0, #1
  4006f4:	bd10      	pop	{r4, pc}
		return 2;
  4006f6:	2002      	movs	r0, #2
  4006f8:	bd10      	pop	{r4, pc}
		return 3;
  4006fa:	2003      	movs	r0, #3
  4006fc:	bd10      	pop	{r4, pc}
  4006fe:	bf00      	nop
  400700:	00403370 	.word	0x00403370
  400704:	00400531 	.word	0x00400531
  400708:	400e0800 	.word	0x400e0800

0040070c <_get_uart_index>:
 * \param[in] hw The pointer to hardware instance

 * \return The ordinal number of the given uart hardware instance
 */
static uint8_t _get_uart_index(const void *const hw)
{
  40070c:	b510      	push	{r4, lr}
	ASSERT(hw);
  40070e:	4604      	mov	r4, r0
  400710:	f44f 7227 	mov.w	r2, #668	; 0x29c
  400714:	490e      	ldr	r1, [pc, #56]	; (400750 <_get_uart_index+0x44>)
  400716:	3000      	adds	r0, #0
  400718:	bf18      	it	ne
  40071a:	2001      	movne	r0, #1
  40071c:	4b0d      	ldr	r3, [pc, #52]	; (400754 <_get_uart_index+0x48>)
  40071e:	4798      	blx	r3
	uint8_t uart_offset = _uart_get_hardware_index(hw);
  400720:	4620      	mov	r0, r4
  400722:	4b0d      	ldr	r3, [pc, #52]	; (400758 <_get_uart_index+0x4c>)
  400724:	4798      	blx	r3
	uint8_t i;

	for (i = 0; i < ARRAY_SIZE(_uarts); i++) {
  400726:	2300      	movs	r3, #0
  400728:	b143      	cbz	r3, 40073c <_get_uart_index+0x30>
		if (_uarts[i].number == uart_offset) {
			return i;
		}
	}

	ASSERT(false);
  40072a:	f240 22a6 	movw	r2, #678	; 0x2a6
  40072e:	4908      	ldr	r1, [pc, #32]	; (400750 <_get_uart_index+0x44>)
  400730:	2000      	movs	r0, #0
  400732:	4b08      	ldr	r3, [pc, #32]	; (400754 <_get_uart_index+0x48>)
  400734:	4798      	blx	r3
	return 0;
  400736:	2300      	movs	r3, #0
}
  400738:	4618      	mov	r0, r3
  40073a:	bd10      	pop	{r4, pc}
		if (_uarts[i].number == uart_offset) {
  40073c:	eb03 0143 	add.w	r1, r3, r3, lsl #1
  400740:	008a      	lsls	r2, r1, #2
  400742:	4906      	ldr	r1, [pc, #24]	; (40075c <_get_uart_index+0x50>)
  400744:	5c8a      	ldrb	r2, [r1, r2]
  400746:	4290      	cmp	r0, r2
  400748:	d0f6      	beq.n	400738 <_get_uart_index+0x2c>
	for (i = 0; i < ARRAY_SIZE(_uarts); i++) {
  40074a:	3301      	adds	r3, #1
  40074c:	b2db      	uxtb	r3, r3
  40074e:	e7eb      	b.n	400728 <_get_uart_index+0x1c>
  400750:	00403370 	.word	0x00403370
  400754:	00400531 	.word	0x00400531
  400758:	004006ad 	.word	0x004006ad
  40075c:	00403364 	.word	0x00403364

00400760 <_uart_init>:
 * \param[in] hw The pointer to hardware instance
 *
 * \return The status of initialization
 */
static int32_t _uart_init(void *const hw)
{
  400760:	b510      	push	{r4, lr}
	ASSERT(hw);
  400762:	4604      	mov	r4, r0
  400764:	f240 22b3 	movw	r2, #691	; 0x2b3
  400768:	490d      	ldr	r1, [pc, #52]	; (4007a0 <_uart_init+0x40>)
  40076a:	3000      	adds	r0, #0
  40076c:	bf18      	it	ne
  40076e:	2001      	movne	r0, #1
  400770:	4b0c      	ldr	r3, [pc, #48]	; (4007a4 <_uart_init+0x44>)
  400772:	4798      	blx	r3
	uint8_t i = _get_uart_index(hw);
  400774:	4620      	mov	r0, r4
  400776:	4b0c      	ldr	r3, [pc, #48]	; (4007a8 <_uart_init+0x48>)
  400778:	4798      	blx	r3
}

static inline void hri_uart_write_WPMR_reg(const void *const hw, hri_uart_wpmr_reg_t data)
{
	UART_CRITICAL_SECTION_ENTER();
	((Uart *)hw)->UART_WPMR = data;
  40077a:	4b0c      	ldr	r3, [pc, #48]	; (4007ac <_uart_init+0x4c>)
  40077c:	f8c4 30e4 	str.w	r3, [r4, #228]	; 0xe4
}

static inline void hri_uart_write_CR_reg(const void *const hw, hri_uart_cr_reg_t data)
{
	UART_CRITICAL_SECTION_ENTER();
	((Uart *)hw)->UART_CR = data;
  400780:	23ac      	movs	r3, #172	; 0xac
  400782:	6023      	str	r3, [r4, #0]
  400784:	f44f 7380 	mov.w	r3, #256	; 0x100
  400788:	6023      	str	r3, [r4, #0]
	/* Disable and reset TX and RX. */
	hri_uart_write_CR_reg(hw, UART_CR_RSTRX | UART_CR_RXDIS | UART_CR_RSTTX | UART_CR_TXDIS);
	/* Reset status bits. */
	hri_uart_write_CR_reg(hw, UART_CR_RSTSTA);

	hri_uart_write_MR_reg(hw, _uarts[i].mr);
  40078a:	eb00 0040 	add.w	r0, r0, r0, lsl #1
  40078e:	0082      	lsls	r2, r0, #2
  400790:	4b07      	ldr	r3, [pc, #28]	; (4007b0 <_uart_init+0x50>)
  400792:	4413      	add	r3, r2
  400794:	685b      	ldr	r3, [r3, #4]
	((Uart *)hw)->UART_MR = data;
  400796:	6063      	str	r3, [r4, #4]
	((Uart *)hw)->UART_BRGR = data;
  400798:	23f4      	movs	r3, #244	; 0xf4
  40079a:	6223      	str	r3, [r4, #32]
	hri_uart_write_BRGR_reg(hw, _uarts[i].brgr);

	return ERR_NONE;
}
  40079c:	2000      	movs	r0, #0
  40079e:	bd10      	pop	{r4, pc}
  4007a0:	00403370 	.word	0x00403370
  4007a4:	00400531 	.word	0x00400531
  4007a8:	0040070d 	.word	0x0040070d
  4007ac:	55415200 	.word	0x55415200
  4007b0:	00403364 	.word	0x00403364

004007b4 <_usart_sync_init>:
{
  4007b4:	b5f8      	push	{r3, r4, r5, r6, r7, lr}
  4007b6:	460c      	mov	r4, r1
	ASSERT(device);
  4007b8:	4e09      	ldr	r6, [pc, #36]	; (4007e0 <_usart_sync_init+0x2c>)
  4007ba:	4607      	mov	r7, r0
  4007bc:	22a9      	movs	r2, #169	; 0xa9
  4007be:	4631      	mov	r1, r6
  4007c0:	3000      	adds	r0, #0
  4007c2:	bf18      	it	ne
  4007c4:	2001      	movne	r0, #1
  4007c6:	4d07      	ldr	r5, [pc, #28]	; (4007e4 <_usart_sync_init+0x30>)
  4007c8:	47a8      	blx	r5
	ASSERT(hw);
  4007ca:	22aa      	movs	r2, #170	; 0xaa
  4007cc:	4631      	mov	r1, r6
  4007ce:	1c20      	adds	r0, r4, #0
  4007d0:	bf18      	it	ne
  4007d2:	2001      	movne	r0, #1
  4007d4:	47a8      	blx	r5
	device->hw = hw;
  4007d6:	603c      	str	r4, [r7, #0]
	return _uart_init(hw);
  4007d8:	4620      	mov	r0, r4
  4007da:	4b03      	ldr	r3, [pc, #12]	; (4007e8 <_usart_sync_init+0x34>)
  4007dc:	4798      	blx	r3
}
  4007de:	bdf8      	pop	{r3, r4, r5, r6, r7, pc}
  4007e0:	00403370 	.word	0x00403370
  4007e4:	00400531 	.word	0x00400531
  4007e8:	00400761 	.word	0x00400761

004007ec <_usart_sync_enable>:
{
  4007ec:	b570      	push	{r4, r5, r6, lr}
	ASSERT(device);
  4007ee:	4e0a      	ldr	r6, [pc, #40]	; (400818 <_usart_sync_enable+0x2c>)
  4007f0:	4604      	mov	r4, r0
  4007f2:	22f2      	movs	r2, #242	; 0xf2
  4007f4:	4631      	mov	r1, r6
  4007f6:	3000      	adds	r0, #0
  4007f8:	bf18      	it	ne
  4007fa:	2001      	movne	r0, #1
  4007fc:	4d07      	ldr	r5, [pc, #28]	; (40081c <_usart_sync_enable+0x30>)
  4007fe:	47a8      	blx	r5
	_uart_enable(device->hw);
  400800:	6824      	ldr	r4, [r4, #0]
 *
 * \param[in] hw The pointer to hardware instance
 */
static inline void _uart_enable(void *const hw)
{
	ASSERT(hw);
  400802:	f240 22d7 	movw	r2, #727	; 0x2d7
  400806:	4631      	mov	r1, r6
  400808:	1c20      	adds	r0, r4, #0
  40080a:	bf18      	it	ne
  40080c:	2001      	movne	r0, #1
  40080e:	47a8      	blx	r5
	((Uart *)hw)->UART_CR = data;
  400810:	2350      	movs	r3, #80	; 0x50
  400812:	6023      	str	r3, [r4, #0]
  400814:	bd70      	pop	{r4, r5, r6, pc}
  400816:	bf00      	nop
  400818:	00403370 	.word	0x00403370
  40081c:	00400531 	.word	0x00400531

00400820 <_usart_sync_write_byte>:
{
  400820:	b538      	push	{r3, r4, r5, lr}
  400822:	460c      	mov	r4, r1
	ASSERT(device);
  400824:	4605      	mov	r5, r0
  400826:	f240 1295 	movw	r2, #405	; 0x195
  40082a:	4904      	ldr	r1, [pc, #16]	; (40083c <_usart_sync_write_byte+0x1c>)
  40082c:	3000      	adds	r0, #0
  40082e:	bf18      	it	ne
  400830:	2001      	movne	r0, #1
  400832:	4b03      	ldr	r3, [pc, #12]	; (400840 <_usart_sync_write_byte+0x20>)
  400834:	4798      	blx	r3
	hri_uart_write_THR_reg(device->hw, (hri_uart_thr_reg_t)data);
  400836:	682b      	ldr	r3, [r5, #0]
}

static inline void hri_uart_write_THR_reg(const void *const hw, hri_uart_thr_reg_t data)
{
	UART_CRITICAL_SECTION_ENTER();
	((Uart *)hw)->UART_THR = data;
  400838:	61dc      	str	r4, [r3, #28]
  40083a:	bd38      	pop	{r3, r4, r5, pc}
  40083c:	00403370 	.word	0x00403370
  400840:	00400531 	.word	0x00400531

00400844 <_usart_sync_read_byte>:
{
  400844:	b510      	push	{r4, lr}
	ASSERT(device);
  400846:	4604      	mov	r4, r0
  400848:	f240 12a7 	movw	r2, #423	; 0x1a7
  40084c:	4904      	ldr	r1, [pc, #16]	; (400860 <_usart_sync_read_byte+0x1c>)
  40084e:	3000      	adds	r0, #0
  400850:	bf18      	it	ne
  400852:	2001      	movne	r0, #1
  400854:	4b03      	ldr	r3, [pc, #12]	; (400864 <_usart_sync_read_byte+0x20>)
  400856:	4798      	blx	r3
	return (uint8_t)(hri_uart_read_RHR_RXCHR_bf(device->hw));
  400858:	6823      	ldr	r3, [r4, #0]
	return (((Uart *)hw)->UART_RHR & UART_RHR_RXCHR_Msk) >> UART_RHR_RXCHR_Pos;
  40085a:	6998      	ldr	r0, [r3, #24]
}
  40085c:	b2c0      	uxtb	r0, r0
  40085e:	bd10      	pop	{r4, pc}
  400860:	00403370 	.word	0x00403370
  400864:	00400531 	.word	0x00400531

00400868 <_usart_sync_is_ready_to_send>:
{
  400868:	b510      	push	{r4, lr}
	ASSERT(device);
  40086a:	4604      	mov	r4, r0
  40086c:	f44f 72d8 	mov.w	r2, #432	; 0x1b0
  400870:	4905      	ldr	r1, [pc, #20]	; (400888 <_usart_sync_is_ready_to_send+0x20>)
  400872:	3000      	adds	r0, #0
  400874:	bf18      	it	ne
  400876:	2001      	movne	r0, #1
  400878:	4b04      	ldr	r3, [pc, #16]	; (40088c <_usart_sync_is_ready_to_send+0x24>)
  40087a:	4798      	blx	r3
	return hri_uart_get_SR_TXRDY_bit(device->hw);
  40087c:	6823      	ldr	r3, [r4, #0]
	return (((Uart *)hw)->UART_SR & UART_SR_TXRDY) > 0;
  40087e:	6958      	ldr	r0, [r3, #20]
}
  400880:	f3c0 0040 	ubfx	r0, r0, #1, #1
  400884:	bd10      	pop	{r4, pc}
  400886:	bf00      	nop
  400888:	00403370 	.word	0x00403370
  40088c:	00400531 	.word	0x00400531

00400890 <_usart_sync_is_transmit_done>:
{
  400890:	b510      	push	{r4, lr}
	ASSERT(device);
  400892:	4604      	mov	r4, r0
  400894:	f240 12b9 	movw	r2, #441	; 0x1b9
  400898:	4905      	ldr	r1, [pc, #20]	; (4008b0 <_usart_sync_is_transmit_done+0x20>)
  40089a:	3000      	adds	r0, #0
  40089c:	bf18      	it	ne
  40089e:	2001      	movne	r0, #1
  4008a0:	4b04      	ldr	r3, [pc, #16]	; (4008b4 <_usart_sync_is_transmit_done+0x24>)
  4008a2:	4798      	blx	r3
	return hri_uart_get_SR_TXEMPTY_bit(device->hw);
  4008a4:	6823      	ldr	r3, [r4, #0]
	return (((Uart *)hw)->UART_SR & UART_SR_TXEMPTY) > 0;
  4008a6:	6958      	ldr	r0, [r3, #20]
}
  4008a8:	f3c0 2040 	ubfx	r0, r0, #9, #1
  4008ac:	bd10      	pop	{r4, pc}
  4008ae:	bf00      	nop
  4008b0:	00403370 	.word	0x00403370
  4008b4:	00400531 	.word	0x00400531

004008b8 <_usart_sync_is_byte_received>:
{
  4008b8:	b510      	push	{r4, lr}
	ASSERT(device);
  4008ba:	4604      	mov	r4, r0
  4008bc:	f240 12cb 	movw	r2, #459	; 0x1cb
  4008c0:	4905      	ldr	r1, [pc, #20]	; (4008d8 <_usart_sync_is_byte_received+0x20>)
  4008c2:	3000      	adds	r0, #0
  4008c4:	bf18      	it	ne
  4008c6:	2001      	movne	r0, #1
  4008c8:	4b04      	ldr	r3, [pc, #16]	; (4008dc <_usart_sync_is_byte_received+0x24>)
  4008ca:	4798      	blx	r3
	return hri_uart_get_SR_RXRDY_bit(device->hw);
  4008cc:	6823      	ldr	r3, [r4, #0]
	return (((Uart *)hw)->UART_SR & UART_SR_RXRDY) > 0;
  4008ce:	6958      	ldr	r0, [r3, #20]
  4008d0:	f000 0001 	and.w	r0, r0, #1
}
  4008d4:	bd10      	pop	{r4, pc}
  4008d6:	bf00      	nop
  4008d8:	00403370 	.word	0x00403370
  4008dc:	00400531 	.word	0x00400531

004008e0 <_uart_get_usart_sync>:
}
  4008e0:	2000      	movs	r0, #0
  4008e2:	4770      	bx	lr

004008e4 <_wdt_init>:

/**
 * \brief WDT initialization function
 */
int32_t _wdt_init(struct wdt_dev *const dev)
{
  4008e4:	b510      	push	{r4, lr}
	/* Sanity check arguments */
	ASSERT(dev && dev->hw);
  4008e6:	4604      	mov	r4, r0
  4008e8:	b168      	cbz	r0, 400906 <_wdt_init+0x22>
  4008ea:	6803      	ldr	r3, [r0, #0]
  4008ec:	b14b      	cbz	r3, 400902 <_wdt_init+0x1e>
  4008ee:	2001      	movs	r0, #1
  4008f0:	2233      	movs	r2, #51	; 0x33
  4008f2:	4906      	ldr	r1, [pc, #24]	; (40090c <_wdt_init+0x28>)
  4008f4:	4b06      	ldr	r3, [pc, #24]	; (400910 <_wdt_init+0x2c>)
  4008f6:	4798      	blx	r3

	hri_wdt_write_MR_reg(dev->hw, (hri_wdt_mr_reg_t)WDT_CONFIGURATION);
  4008f8:	6823      	ldr	r3, [r4, #0]
}

static inline void hri_wdt_write_MR_reg(const void *const hw, hri_wdt_mr_reg_t data)
{
	WDT_CRITICAL_SECTION_ENTER();
	((Wdt *)hw)->WDT_MR = data;
  4008fa:	4a06      	ldr	r2, [pc, #24]	; (400914 <_wdt_init+0x30>)
  4008fc:	605a      	str	r2, [r3, #4]

	return ERR_NONE;
}
  4008fe:	2000      	movs	r0, #0
  400900:	bd10      	pop	{r4, pc}
	ASSERT(dev && dev->hw);
  400902:	2000      	movs	r0, #0
  400904:	e7f4      	b.n	4008f0 <_wdt_init+0xc>
  400906:	2000      	movs	r0, #0
  400908:	e7f2      	b.n	4008f0 <_wdt_init+0xc>
  40090a:	bf00      	nop
  40090c:	00403388 	.word	0x00403388
  400910:	00400531 	.word	0x00400531
  400914:	3fff2fff 	.word	0x3fff2fff

00400918 <USART_Init>:
		vTaskDelay(pdMS_TO_TICKS(500));
	}
	vTaskDelete(computation_tasks_id[2]);
}

void USART_Init(void){
  400918:	b510      	push	{r4, lr}
	usart_sync_get_io_descriptor(&USART_0, &uartIO);
  40091a:	4c04      	ldr	r4, [pc, #16]	; (40092c <USART_Init+0x14>)
  40091c:	4904      	ldr	r1, [pc, #16]	; (400930 <USART_Init+0x18>)
  40091e:	4620      	mov	r0, r4
  400920:	4b04      	ldr	r3, [pc, #16]	; (400934 <USART_Init+0x1c>)
  400922:	4798      	blx	r3
	usart_sync_enable(&USART_0);
  400924:	4620      	mov	r0, r4
  400926:	4b04      	ldr	r3, [pc, #16]	; (400938 <USART_Init+0x20>)
  400928:	4798      	blx	r3
  40092a:	bd10      	pop	{r4, pc}
  40092c:	20400b50 	.word	0x20400b50
  400930:	2040008c 	.word	0x2040008c
  400934:	00400509 	.word	0x00400509
  400938:	004004dd 	.word	0x004004dd

0040093c <controlTask>:
void controlTask(void *pvParameters){
  40093c:	b570      	push	{r4, r5, r6, lr}
  40093e:	b082      	sub	sp, #8
	mutex = xSemaphoreCreateMutex();
  400940:	2001      	movs	r0, #1
  400942:	4b16      	ldr	r3, [pc, #88]	; (40099c <controlTask+0x60>)
  400944:	4798      	blx	r3
  400946:	4c16      	ldr	r4, [pc, #88]	; (4009a0 <controlTask+0x64>)
  400948:	6060      	str	r0, [r4, #4]
	USART_Init();
  40094a:	4b16      	ldr	r3, [pc, #88]	; (4009a4 <controlTask+0x68>)
  40094c:	4798      	blx	r3
	if(mutex != NULL){
  40094e:	6863      	ldr	r3, [r4, #4]
  400950:	b313      	cbz	r3, 400998 <controlTask+0x5c>
		priorities[0] = 1;
  400952:	4625      	mov	r5, r4
  400954:	2301      	movs	r3, #1
  400956:	60a3      	str	r3, [r4, #8]
		priorities[1] = 4;
  400958:	2304      	movs	r3, #4
  40095a:	60e3      	str	r3, [r4, #12]
		priorities[2] = 3;
  40095c:	2303      	movs	r3, #3
  40095e:	6123      	str	r3, [r4, #16]
		xTaskCreate(computationTask1,"Computation Task 1",configMINIMAL_STACK_SIZE, NULL,priorities[0],computation_tasks_id[0]);
  400960:	68a3      	ldr	r3, [r4, #8]
  400962:	2400      	movs	r4, #0
  400964:	9401      	str	r4, [sp, #4]
  400966:	9300      	str	r3, [sp, #0]
  400968:	4623      	mov	r3, r4
  40096a:	2240      	movs	r2, #64	; 0x40
  40096c:	490e      	ldr	r1, [pc, #56]	; (4009a8 <controlTask+0x6c>)
  40096e:	480f      	ldr	r0, [pc, #60]	; (4009ac <controlTask+0x70>)
  400970:	4e0f      	ldr	r6, [pc, #60]	; (4009b0 <controlTask+0x74>)
  400972:	47b0      	blx	r6
		xTaskCreate(computationTask2,"Computation Task 2",configMINIMAL_STACK_SIZE, NULL,priorities[1],computation_tasks_id[1]);
  400974:	68eb      	ldr	r3, [r5, #12]
  400976:	9401      	str	r4, [sp, #4]
  400978:	9300      	str	r3, [sp, #0]
  40097a:	4623      	mov	r3, r4
  40097c:	2240      	movs	r2, #64	; 0x40
  40097e:	490d      	ldr	r1, [pc, #52]	; (4009b4 <controlTask+0x78>)
  400980:	480d      	ldr	r0, [pc, #52]	; (4009b8 <controlTask+0x7c>)
  400982:	47b0      	blx	r6
		xTaskCreate(computationTask3,"Computation Task 3",configMINIMAL_STACK_SIZE, NULL,priorities[2],computation_tasks_id[2]);
  400984:	692b      	ldr	r3, [r5, #16]
  400986:	9401      	str	r4, [sp, #4]
  400988:	9300      	str	r3, [sp, #0]
  40098a:	4623      	mov	r3, r4
  40098c:	2240      	movs	r2, #64	; 0x40
  40098e:	490b      	ldr	r1, [pc, #44]	; (4009bc <controlTask+0x80>)
  400990:	480b      	ldr	r0, [pc, #44]	; (4009c0 <controlTask+0x84>)
  400992:	47b0      	blx	r6
		vTaskStartScheduler();
  400994:	4b0b      	ldr	r3, [pc, #44]	; (4009c4 <controlTask+0x88>)
  400996:	4798      	blx	r3
}
  400998:	b002      	add	sp, #8
  40099a:	bd70      	pop	{r4, r5, r6, pc}
  40099c:	004014e5 	.word	0x004014e5
  4009a0:	2040008c 	.word	0x2040008c
  4009a4:	00400919 	.word	0x00400919
  4009a8:	004033a0 	.word	0x004033a0
  4009ac:	00400a05 	.word	0x00400a05
  4009b0:	00401c9d 	.word	0x00401c9d
  4009b4:	004033b4 	.word	0x004033b4
  4009b8:	00400a6d 	.word	0x00400a6d
  4009bc:	004033c8 	.word	0x004033c8
  4009c0:	00400ad5 	.word	0x00400ad5
  4009c4:	00401d11 	.word	0x00401d11

004009c8 <main>:
{
  4009c8:	b508      	push	{r3, lr}
	atmel_start_init();
  4009ca:	4b03      	ldr	r3, [pc, #12]	; (4009d8 <main+0x10>)
  4009cc:	4798      	blx	r3
	controlTask(NULL);
  4009ce:	2000      	movs	r0, #0
  4009d0:	4b02      	ldr	r3, [pc, #8]	; (4009dc <main+0x14>)
  4009d2:	4798      	blx	r3
}
  4009d4:	2000      	movs	r0, #0
  4009d6:	bd08      	pop	{r3, pc}
  4009d8:	004001d5 	.word	0x004001d5
  4009dc:	0040093d 	.word	0x0040093d

004009e0 <USART_Print>:
}

void USART_Print(const char *str){
  4009e0:	b510      	push	{r4, lr}
  4009e2:	4604      	mov	r4, r0
	io_write(uartIO, (uint8_t *)str, strlen(str));
  4009e4:	4b04      	ldr	r3, [pc, #16]	; (4009f8 <USART_Print+0x18>)
  4009e6:	4798      	blx	r3
  4009e8:	b282      	uxth	r2, r0
  4009ea:	4621      	mov	r1, r4
  4009ec:	4b03      	ldr	r3, [pc, #12]	; (4009fc <USART_Print+0x1c>)
  4009ee:	6818      	ldr	r0, [r3, #0]
  4009f0:	4b03      	ldr	r3, [pc, #12]	; (400a00 <USART_Print+0x20>)
  4009f2:	4798      	blx	r3
  4009f4:	bd10      	pop	{r4, pc}
  4009f6:	bf00      	nop
  4009f8:	00402a51 	.word	0x00402a51
  4009fc:	2040008c 	.word	0x2040008c
  400a00:	00400369 	.word	0x00400369

00400a04 <computationTask1>:
void computationTask1(void *pvParameters){
  400a04:	b500      	push	{lr}
  400a06:	b0b5      	sub	sp, #212	; 0xd4
  400a08:	e003      	b.n	400a12 <computationTask1+0xe>
		vTaskDelay(pdMS_TO_TICKS(500));
  400a0a:	f44f 70fa 	mov.w	r0, #500	; 0x1f4
  400a0e:	4b10      	ldr	r3, [pc, #64]	; (400a50 <computationTask1+0x4c>)
  400a10:	4798      	blx	r3
		if(xSemaphoreTake(mutex, portMAX_DELAY) == pdTRUE){
  400a12:	f04f 31ff 	mov.w	r1, #4294967295
  400a16:	4b0f      	ldr	r3, [pc, #60]	; (400a54 <computationTask1+0x50>)
  400a18:	6858      	ldr	r0, [r3, #4]
  400a1a:	4b0f      	ldr	r3, [pc, #60]	; (400a58 <computationTask1+0x54>)
  400a1c:	4798      	blx	r3
  400a1e:	2801      	cmp	r0, #1
  400a20:	d1f3      	bne.n	400a0a <computationTask1+0x6>
			instance++;
  400a22:	4c0c      	ldr	r4, [pc, #48]	; (400a54 <computationTask1+0x50>)
  400a24:	7d22      	ldrb	r2, [r4, #20]
  400a26:	3201      	adds	r2, #1
  400a28:	b2d2      	uxtb	r2, r2
  400a2a:	7522      	strb	r2, [r4, #20]
			(uint8_t)priorities[0],
  400a2c:	68a3      	ldr	r3, [r4, #8]
			sprintf(
  400a2e:	210a      	movs	r1, #10
  400a30:	9100      	str	r1, [sp, #0]
  400a32:	b2db      	uxtb	r3, r3
  400a34:	4909      	ldr	r1, [pc, #36]	; (400a5c <computationTask1+0x58>)
  400a36:	a802      	add	r0, sp, #8
  400a38:	4d09      	ldr	r5, [pc, #36]	; (400a60 <computationTask1+0x5c>)
  400a3a:	47a8      	blx	r5
			USART_Print(buffer);
  400a3c:	a802      	add	r0, sp, #8
  400a3e:	4b09      	ldr	r3, [pc, #36]	; (400a64 <computationTask1+0x60>)
  400a40:	4798      	blx	r3
			xSemaphoreGive(mutex);
  400a42:	2300      	movs	r3, #0
  400a44:	461a      	mov	r2, r3
  400a46:	4619      	mov	r1, r3
  400a48:	6860      	ldr	r0, [r4, #4]
  400a4a:	4c07      	ldr	r4, [pc, #28]	; (400a68 <computationTask1+0x64>)
  400a4c:	47a0      	blx	r4
  400a4e:	e7dc      	b.n	400a0a <computationTask1+0x6>
  400a50:	00402009 	.word	0x00402009
  400a54:	2040008c 	.word	0x2040008c
  400a58:	004017c1 	.word	0x004017c1
  400a5c:	004033dc 	.word	0x004033dc
  400a60:	00402a09 	.word	0x00402a09
  400a64:	004009e1 	.word	0x004009e1
  400a68:	004012d9 	.word	0x004012d9

00400a6c <computationTask2>:
void computationTask2(void *pvParameters){
  400a6c:	b500      	push	{lr}
  400a6e:	b0b5      	sub	sp, #212	; 0xd4
  400a70:	e003      	b.n	400a7a <computationTask2+0xe>
		vTaskDelay(pdMS_TO_TICKS(500));
  400a72:	f44f 70fa 	mov.w	r0, #500	; 0x1f4
  400a76:	4b10      	ldr	r3, [pc, #64]	; (400ab8 <computationTask2+0x4c>)
  400a78:	4798      	blx	r3
		if(xSemaphoreTake(mutex, portMAX_DELAY) == pdTRUE){
  400a7a:	f04f 31ff 	mov.w	r1, #4294967295
  400a7e:	4b0f      	ldr	r3, [pc, #60]	; (400abc <computationTask2+0x50>)
  400a80:	6858      	ldr	r0, [r3, #4]
  400a82:	4b0f      	ldr	r3, [pc, #60]	; (400ac0 <computationTask2+0x54>)
  400a84:	4798      	blx	r3
  400a86:	2801      	cmp	r0, #1
  400a88:	d1f3      	bne.n	400a72 <computationTask2+0x6>
			instance++;
  400a8a:	4c0c      	ldr	r4, [pc, #48]	; (400abc <computationTask2+0x50>)
  400a8c:	7d22      	ldrb	r2, [r4, #20]
  400a8e:	3201      	adds	r2, #1
  400a90:	b2d2      	uxtb	r2, r2
  400a92:	7522      	strb	r2, [r4, #20]
			(uint8_t)priorities[1],
  400a94:	68e3      	ldr	r3, [r4, #12]
			sprintf(
  400a96:	214b      	movs	r1, #75	; 0x4b
  400a98:	9100      	str	r1, [sp, #0]
  400a9a:	b2db      	uxtb	r3, r3
  400a9c:	4909      	ldr	r1, [pc, #36]	; (400ac4 <computationTask2+0x58>)
  400a9e:	a802      	add	r0, sp, #8
  400aa0:	4d09      	ldr	r5, [pc, #36]	; (400ac8 <computationTask2+0x5c>)
  400aa2:	47a8      	blx	r5
			USART_Print(buffer);
  400aa4:	a802      	add	r0, sp, #8
  400aa6:	4b09      	ldr	r3, [pc, #36]	; (400acc <computationTask2+0x60>)
  400aa8:	4798      	blx	r3
			xSemaphoreGive(mutex);
  400aaa:	2300      	movs	r3, #0
  400aac:	461a      	mov	r2, r3
  400aae:	4619      	mov	r1, r3
  400ab0:	6860      	ldr	r0, [r4, #4]
  400ab2:	4c07      	ldr	r4, [pc, #28]	; (400ad0 <computationTask2+0x64>)
  400ab4:	47a0      	blx	r4
  400ab6:	e7dc      	b.n	400a72 <computationTask2+0x6>
  400ab8:	00402009 	.word	0x00402009
  400abc:	2040008c 	.word	0x2040008c
  400ac0:	004017c1 	.word	0x004017c1
  400ac4:	0040341c 	.word	0x0040341c
  400ac8:	00402a09 	.word	0x00402a09
  400acc:	004009e1 	.word	0x004009e1
  400ad0:	004012d9 	.word	0x004012d9

00400ad4 <computationTask3>:
void computationTask3(void *pvParameters){
  400ad4:	b500      	push	{lr}
  400ad6:	b0b5      	sub	sp, #212	; 0xd4
  400ad8:	e003      	b.n	400ae2 <computationTask3+0xe>
		vTaskDelay(pdMS_TO_TICKS(500));
  400ada:	f44f 70fa 	mov.w	r0, #500	; 0x1f4
  400ade:	4b10      	ldr	r3, [pc, #64]	; (400b20 <computationTask3+0x4c>)
  400ae0:	4798      	blx	r3
		if(xSemaphoreTake(mutex, portMAX_DELAY) == pdTRUE){
  400ae2:	f04f 31ff 	mov.w	r1, #4294967295
  400ae6:	4b0f      	ldr	r3, [pc, #60]	; (400b24 <computationTask3+0x50>)
  400ae8:	6858      	ldr	r0, [r3, #4]
  400aea:	4b0f      	ldr	r3, [pc, #60]	; (400b28 <computationTask3+0x54>)
  400aec:	4798      	blx	r3
  400aee:	2801      	cmp	r0, #1
  400af0:	d1f3      	bne.n	400ada <computationTask3+0x6>
			instance++;
  400af2:	4c0c      	ldr	r4, [pc, #48]	; (400b24 <computationTask3+0x50>)
  400af4:	7d22      	ldrb	r2, [r4, #20]
  400af6:	3201      	adds	r2, #1
  400af8:	b2d2      	uxtb	r2, r2
  400afa:	7522      	strb	r2, [r4, #20]
			(uint8_t)priorities[2],
  400afc:	6923      	ldr	r3, [r4, #16]
			sprintf(
  400afe:	21c8      	movs	r1, #200	; 0xc8
  400b00:	9100      	str	r1, [sp, #0]
  400b02:	b2db      	uxtb	r3, r3
  400b04:	4909      	ldr	r1, [pc, #36]	; (400b2c <computationTask3+0x58>)
  400b06:	a802      	add	r0, sp, #8
  400b08:	4d09      	ldr	r5, [pc, #36]	; (400b30 <computationTask3+0x5c>)
  400b0a:	47a8      	blx	r5
			USART_Print(buffer);
  400b0c:	a802      	add	r0, sp, #8
  400b0e:	4b09      	ldr	r3, [pc, #36]	; (400b34 <computationTask3+0x60>)
  400b10:	4798      	blx	r3
			xSemaphoreGive(mutex);
  400b12:	2300      	movs	r3, #0
  400b14:	461a      	mov	r2, r3
  400b16:	4619      	mov	r1, r3
  400b18:	6860      	ldr	r0, [r4, #4]
  400b1a:	4c07      	ldr	r4, [pc, #28]	; (400b38 <computationTask3+0x64>)
  400b1c:	47a0      	blx	r4
  400b1e:	e7dc      	b.n	400ada <computationTask3+0x6>
  400b20:	00402009 	.word	0x00402009
  400b24:	2040008c 	.word	0x2040008c
  400b28:	004017c1 	.word	0x004017c1
  400b2c:	0040345c 	.word	0x0040345c
  400b30:	00402a09 	.word	0x00402a09
  400b34:	004009e1 	.word	0x004009e1
  400b38:	004012d9 	.word	0x004012d9

00400b3c <vListInitialise>:
void vListInitialise(List_t *const pxList)
{
	/* The list structure contains a list item which is used to mark the
	end of the list.  To initialise the list the list end is inserted
	as the only list entry. */
	pxList->pxIndex = (ListItem_t *)&(
  400b3c:	f100 0308 	add.w	r3, r0, #8
  400b40:	6043      	str	r3, [r0, #4]
	    pxList->xListEnd); /*lint !e826 !e740 The mini list structure is used as the list end to save RAM.  This is
	                          checked and valid. */

	/* The list end value is the highest possible value in the list to
	ensure it remains at the end of the list. */
	pxList->xListEnd.xItemValue = portMAX_DELAY;
  400b42:	f04f 32ff 	mov.w	r2, #4294967295
  400b46:	6082      	str	r2, [r0, #8]

	/* The list end next and previous pointers point to itself so we know
	when the list is empty. */
	pxList->xListEnd.pxNext = (ListItem_t *)&(pxList->xListEnd); /*lint !e826 !e740 The mini list structure is used as
  400b48:	60c3      	str	r3, [r0, #12]
	                                                                the list end to save RAM.  This is checked and
	                                                                valid. */
	pxList->xListEnd.pxPrevious = (ListItem_t *)&(
  400b4a:	6103      	str	r3, [r0, #16]
	    pxList->xListEnd); /*lint !e826 !e740 The mini list structure is used as the list end to save RAM.  This is
	                          checked and valid. */

	pxList->uxNumberOfItems = (UBaseType_t)0U;
  400b4c:	2300      	movs	r3, #0
  400b4e:	6003      	str	r3, [r0, #0]
  400b50:	4770      	bx	lr

00400b52 <vListInitialiseItem>:
/*-----------------------------------------------------------*/

void vListInitialiseItem(ListItem_t *const pxItem)
{
	/* Make sure the list item is not recorded as being on a list. */
	pxItem->pvContainer = NULL;
  400b52:	2300      	movs	r3, #0
  400b54:	6103      	str	r3, [r0, #16]
  400b56:	4770      	bx	lr

00400b58 <vListInsertEnd>:
}
/*-----------------------------------------------------------*/

void vListInsertEnd(List_t *const pxList, ListItem_t *const pxNewListItem)
{
	ListItem_t *const pxIndex = pxList->pxIndex;
  400b58:	6843      	ldr	r3, [r0, #4]
	listTEST_LIST_ITEM_INTEGRITY(pxNewListItem);

	/* Insert a new list item into pxList, but rather than sort the list,
	makes the new list item the last item to be removed by a call to
	listGET_OWNER_OF_NEXT_ENTRY(). */
	pxNewListItem->pxNext     = pxIndex;
  400b5a:	604b      	str	r3, [r1, #4]
	pxNewListItem->pxPrevious = pxIndex->pxPrevious;
  400b5c:	689a      	ldr	r2, [r3, #8]
  400b5e:	608a      	str	r2, [r1, #8]

	/* Only used during decision coverage testing. */
	mtCOVERAGE_TEST_DELAY();

	pxIndex->pxPrevious->pxNext = pxNewListItem;
  400b60:	689a      	ldr	r2, [r3, #8]
  400b62:	6051      	str	r1, [r2, #4]
	pxIndex->pxPrevious         = pxNewListItem;
  400b64:	6099      	str	r1, [r3, #8]

	/* Remember which list the item is in. */
	pxNewListItem->pvContainer = (void *)pxList;
  400b66:	6108      	str	r0, [r1, #16]

	(pxList->uxNumberOfItems)++;
  400b68:	6803      	ldr	r3, [r0, #0]
  400b6a:	3301      	adds	r3, #1
  400b6c:	6003      	str	r3, [r0, #0]
  400b6e:	4770      	bx	lr

00400b70 <vListInsert>:
}
/*-----------------------------------------------------------*/

void vListInsert(List_t *const pxList, ListItem_t *const pxNewListItem)
{
  400b70:	b430      	push	{r4, r5}
	ListItem_t *     pxIterator;
	const TickType_t xValueOfInsertion = pxNewListItem->xItemValue;
  400b72:	680d      	ldr	r5, [r1, #0]
	new list item should be placed after it.  This ensures that TCB's which are
	stored in ready lists (all of which have the same xItemValue value) get a
	share of the CPU.  However, if the xItemValue is the same as the back marker
	the iteration loop below will not end.  Therefore the value is checked
	first, and the algorithm slightly modified if necessary. */
	if (xValueOfInsertion == portMAX_DELAY) {
  400b74:	f1b5 3fff 	cmp.w	r5, #4294967295
  400b78:	d002      	beq.n	400b80 <vListInsert+0x10>
		    4) Using a queue or semaphore before it has been initialised or
		       before the scheduler has been started (are interrupts firing
		       before vTaskStartScheduler() has been called?).
		**********************************************************************/

		for (pxIterator = (ListItem_t *)&(pxList->xListEnd); pxIterator->pxNext->xItemValue <= xValueOfInsertion;
  400b7a:	f100 0208 	add.w	r2, r0, #8
  400b7e:	e002      	b.n	400b86 <vListInsert+0x16>
		pxIterator = pxList->xListEnd.pxPrevious;
  400b80:	6902      	ldr	r2, [r0, #16]
  400b82:	e004      	b.n	400b8e <vListInsert+0x1e>
		     pxIterator
		     = pxIterator
  400b84:	461a      	mov	r2, r3
		for (pxIterator = (ListItem_t *)&(pxList->xListEnd); pxIterator->pxNext->xItemValue <= xValueOfInsertion;
  400b86:	6853      	ldr	r3, [r2, #4]
  400b88:	681c      	ldr	r4, [r3, #0]
  400b8a:	42a5      	cmp	r5, r4
  400b8c:	d2fa      	bcs.n	400b84 <vListInsert+0x14>
			/* There is nothing to do here, just iterating to the wanted
			insertion position. */
		}
	}

	pxNewListItem->pxNext             = pxIterator->pxNext;
  400b8e:	6853      	ldr	r3, [r2, #4]
  400b90:	604b      	str	r3, [r1, #4]
	pxNewListItem->pxNext->pxPrevious = pxNewListItem;
  400b92:	6099      	str	r1, [r3, #8]
	pxNewListItem->pxPrevious         = pxIterator;
  400b94:	608a      	str	r2, [r1, #8]
	pxIterator->pxNext                = pxNewListItem;
  400b96:	6051      	str	r1, [r2, #4]

	/* Remember which list the item is in.  This allows fast removal of the
	item later. */
	pxNewListItem->pvContainer = (void *)pxList;
  400b98:	6108      	str	r0, [r1, #16]

	(pxList->uxNumberOfItems)++;
  400b9a:	6803      	ldr	r3, [r0, #0]
  400b9c:	3301      	adds	r3, #1
  400b9e:	6003      	str	r3, [r0, #0]
}
  400ba0:	bc30      	pop	{r4, r5}
  400ba2:	4770      	bx	lr

00400ba4 <uxListRemove>:

UBaseType_t uxListRemove(ListItem_t *const pxItemToRemove)
{
	/* The list item knows which list it is in.  Obtain the list from the list
	item. */
	List_t *const pxList = (List_t *)pxItemToRemove->pvContainer;
  400ba4:	6903      	ldr	r3, [r0, #16]

	pxItemToRemove->pxNext->pxPrevious = pxItemToRemove->pxPrevious;
  400ba6:	6842      	ldr	r2, [r0, #4]
  400ba8:	6881      	ldr	r1, [r0, #8]
  400baa:	6091      	str	r1, [r2, #8]
	pxItemToRemove->pxPrevious->pxNext = pxItemToRemove->pxNext;
  400bac:	6882      	ldr	r2, [r0, #8]
  400bae:	6841      	ldr	r1, [r0, #4]
  400bb0:	6051      	str	r1, [r2, #4]

	/* Only used during decision coverage testing. */
	mtCOVERAGE_TEST_DELAY();

	/* Make sure the index is left pointing to a valid item. */
	if (pxList->pxIndex == pxItemToRemove) {
  400bb2:	685a      	ldr	r2, [r3, #4]
  400bb4:	4290      	cmp	r0, r2
  400bb6:	d006      	beq.n	400bc6 <uxListRemove+0x22>
		pxList->pxIndex = pxItemToRemove->pxPrevious;
	} else {
		mtCOVERAGE_TEST_MARKER();
	}

	pxItemToRemove->pvContainer = NULL;
  400bb8:	2200      	movs	r2, #0
  400bba:	6102      	str	r2, [r0, #16]
	(pxList->uxNumberOfItems)--;
  400bbc:	681a      	ldr	r2, [r3, #0]
  400bbe:	3a01      	subs	r2, #1
  400bc0:	601a      	str	r2, [r3, #0]

	return pxList->uxNumberOfItems;
  400bc2:	6818      	ldr	r0, [r3, #0]
}
  400bc4:	4770      	bx	lr
		pxList->pxIndex = pxItemToRemove->pxPrevious;
  400bc6:	6882      	ldr	r2, [r0, #8]
  400bc8:	605a      	str	r2, [r3, #4]
  400bca:	e7f5      	b.n	400bb8 <uxListRemove+0x14>

00400bcc <prvTaskExitError>:
	return pxTopOfStack;
}
/*-----------------------------------------------------------*/

static void prvTaskExitError(void)
{
  400bcc:	b082      	sub	sp, #8
	volatile uint32_t ulDummy = 0;
  400bce:	2300      	movs	r3, #0
  400bd0:	9301      	str	r3, [sp, #4]
	its caller as there is nothing to return to.  If a task wants to exit it
	should instead call vTaskDelete( NULL ).

	Artificially force an assert() to be triggered if configASSERT() is
	defined, then stop here so application writers can catch the error. */
	configASSERT(uxCriticalNesting == ~0UL);
  400bd2:	4b0f      	ldr	r3, [pc, #60]	; (400c10 <prvTaskExitError+0x44>)
  400bd4:	681b      	ldr	r3, [r3, #0]
  400bd6:	f1b3 3fff 	cmp.w	r3, #4294967295
  400bda:	d00a      	beq.n	400bf2 <prvTaskExitError+0x26>

portFORCE_INLINE static void vPortRaiseBASEPRI(void)
{
	uint32_t ulNewBASEPRI;

	__asm volatile("	mov %0, %1												\n"
  400bdc:	f04f 0380 	mov.w	r3, #128	; 0x80
  400be0:	b672      	cpsid	i
  400be2:	f383 8811 	msr	BASEPRI, r3
  400be6:	f3bf 8f6f 	isb	sy
  400bea:	f3bf 8f4f 	dsb	sy
  400bee:	b662      	cpsie	i
  400bf0:	e7fe      	b.n	400bf0 <prvTaskExitError+0x24>
  400bf2:	f04f 0380 	mov.w	r3, #128	; 0x80
  400bf6:	b672      	cpsid	i
  400bf8:	f383 8811 	msr	BASEPRI, r3
  400bfc:	f3bf 8f6f 	isb	sy
  400c00:	f3bf 8f4f 	dsb	sy
  400c04:	b662      	cpsie	i
	portDISABLE_INTERRUPTS();
	while (ulDummy == 0) {
  400c06:	9b01      	ldr	r3, [sp, #4]
  400c08:	2b00      	cmp	r3, #0
  400c0a:	d0fc      	beq.n	400c06 <prvTaskExitError+0x3a>
		about code appearing after this function is called - making ulDummy
		volatile makes the compiler think the function could return and
		therefore not output an 'unreachable code' warning for code that appears
		after it. */
	}
}
  400c0c:	b002      	add	sp, #8
  400c0e:	4770      	bx	lr
  400c10:	20400000 	.word	0x20400000

00400c14 <prvPortStartFirstTask>:
{
	/* Start the first task.  This also clears the bit that indicates the FPU is
	in use in case the FPU was used before the scheduler was started - which
	would otherwise result in the unnecessary leaving of space in the SVC stack
	for lazy saving of FPU registers. */
	__asm volatile(" ldr r0, =0xE000ED08 	\n" /* Use the NVIC offset register to locate the stack. */
  400c14:	4808      	ldr	r0, [pc, #32]	; (400c38 <prvPortStartFirstTask+0x24>)
  400c16:	6800      	ldr	r0, [r0, #0]
  400c18:	6800      	ldr	r0, [r0, #0]
  400c1a:	f380 8808 	msr	MSP, r0
  400c1e:	f04f 0000 	mov.w	r0, #0
  400c22:	f380 8814 	msr	CONTROL, r0
  400c26:	b662      	cpsie	i
  400c28:	b661      	cpsie	f
  400c2a:	f3bf 8f4f 	dsb	sy
  400c2e:	f3bf 8f6f 	isb	sy
  400c32:	df00      	svc	0
  400c34:	bf00      	nop
  400c36:	0000      	.short	0x0000
  400c38:	e000ed08 	.word	0xe000ed08

00400c3c <vPortEnableVFP>:
/*-----------------------------------------------------------*/

/* This is a naked function. */
static void vPortEnableVFP(void)
{
	__asm volatile("	ldr.w r0, =0xE000ED88		\n" /* The FPU enable bits are in the CPACR. */
  400c3c:	f8df 000c 	ldr.w	r0, [pc, #12]	; 400c4c <vPortEnableVFP+0x10>
  400c40:	6801      	ldr	r1, [r0, #0]
  400c42:	f441 0170 	orr.w	r1, r1, #15728640	; 0xf00000
  400c46:	6001      	str	r1, [r0, #0]
  400c48:	4770      	bx	lr
  400c4a:	0000      	.short	0x0000
  400c4c:	e000ed88 	.word	0xe000ed88

00400c50 <pxPortInitialiseStack>:
	*pxTopOfStack = portINITIAL_XPSR; /* xPSR */
  400c50:	f04f 7380 	mov.w	r3, #16777216	; 0x1000000
  400c54:	f840 3c04 	str.w	r3, [r0, #-4]
	*pxTopOfStack = ((StackType_t)pxCode) & portSTART_ADDRESS_MASK; /* PC */
  400c58:	f021 0101 	bic.w	r1, r1, #1
  400c5c:	f840 1c08 	str.w	r1, [r0, #-8]
	*pxTopOfStack = (StackType_t)portTASK_RETURN_ADDRESS; /* LR */
  400c60:	4b05      	ldr	r3, [pc, #20]	; (400c78 <pxPortInitialiseStack+0x28>)
  400c62:	f840 3c0c 	str.w	r3, [r0, #-12]
	*pxTopOfStack = (StackType_t)pvParameters; /* R0 */
  400c66:	f840 2c20 	str.w	r2, [r0, #-32]
	*pxTopOfStack = portINITIAL_EXC_RETURN;
  400c6a:	f06f 0302 	mvn.w	r3, #2
  400c6e:	f840 3c24 	str.w	r3, [r0, #-36]
}
  400c72:	3844      	subs	r0, #68	; 0x44
  400c74:	4770      	bx	lr
  400c76:	bf00      	nop
  400c78:	00400bcd 	.word	0x00400bcd
  400c7c:	00000000 	.word	0x00000000

00400c80 <SVCall_Handler>:
	__asm volatile("	ldr	r3, pxCurrentTCBConst2		\n" /* Restore the context. */
  400c80:	4b07      	ldr	r3, [pc, #28]	; (400ca0 <pxCurrentTCBConst2>)
  400c82:	6819      	ldr	r1, [r3, #0]
  400c84:	6808      	ldr	r0, [r1, #0]
  400c86:	e8b0 4ff0 	ldmia.w	r0!, {r4, r5, r6, r7, r8, r9, sl, fp, lr}
  400c8a:	f380 8809 	msr	PSP, r0
  400c8e:	f3bf 8f6f 	isb	sy
  400c92:	f04f 0000 	mov.w	r0, #0
  400c96:	f380 8811 	msr	BASEPRI, r0
  400c9a:	4770      	bx	lr
  400c9c:	f3af 8000 	nop.w

00400ca0 <pxCurrentTCBConst2>:
  400ca0:	20400ad8 	.word	0x20400ad8

00400ca4 <vPortEnterCritical>:
  400ca4:	f04f 0380 	mov.w	r3, #128	; 0x80
  400ca8:	b672      	cpsid	i
  400caa:	f383 8811 	msr	BASEPRI, r3
  400cae:	f3bf 8f6f 	isb	sy
  400cb2:	f3bf 8f4f 	dsb	sy
  400cb6:	b662      	cpsie	i
	uxCriticalNesting++;
  400cb8:	4a0b      	ldr	r2, [pc, #44]	; (400ce8 <vPortEnterCritical+0x44>)
  400cba:	6813      	ldr	r3, [r2, #0]
  400cbc:	3301      	adds	r3, #1
  400cbe:	6013      	str	r3, [r2, #0]
	if (uxCriticalNesting == 1) {
  400cc0:	2b01      	cmp	r3, #1
  400cc2:	d10f      	bne.n	400ce4 <vPortEnterCritical+0x40>
		configASSERT((portNVIC_INT_CTRL_REG & portVECTACTIVE_MASK) == 0);
  400cc4:	4b09      	ldr	r3, [pc, #36]	; (400cec <vPortEnterCritical+0x48>)
  400cc6:	681b      	ldr	r3, [r3, #0]
  400cc8:	f013 0fff 	tst.w	r3, #255	; 0xff
  400ccc:	d00a      	beq.n	400ce4 <vPortEnterCritical+0x40>
  400cce:	f04f 0380 	mov.w	r3, #128	; 0x80
  400cd2:	b672      	cpsid	i
  400cd4:	f383 8811 	msr	BASEPRI, r3
  400cd8:	f3bf 8f6f 	isb	sy
  400cdc:	f3bf 8f4f 	dsb	sy
  400ce0:	b662      	cpsie	i
  400ce2:	e7fe      	b.n	400ce2 <vPortEnterCritical+0x3e>
  400ce4:	4770      	bx	lr
  400ce6:	bf00      	nop
  400ce8:	20400000 	.word	0x20400000
  400cec:	e000ed04 	.word	0xe000ed04

00400cf0 <vPortExitCritical>:
	configASSERT(uxCriticalNesting);
  400cf0:	4b0a      	ldr	r3, [pc, #40]	; (400d1c <vPortExitCritical+0x2c>)
  400cf2:	681b      	ldr	r3, [r3, #0]
  400cf4:	b953      	cbnz	r3, 400d0c <vPortExitCritical+0x1c>
  400cf6:	f04f 0380 	mov.w	r3, #128	; 0x80
  400cfa:	b672      	cpsid	i
  400cfc:	f383 8811 	msr	BASEPRI, r3
  400d00:	f3bf 8f6f 	isb	sy
  400d04:	f3bf 8f4f 	dsb	sy
  400d08:	b662      	cpsie	i
  400d0a:	e7fe      	b.n	400d0a <vPortExitCritical+0x1a>
	uxCriticalNesting--;
  400d0c:	3b01      	subs	r3, #1
  400d0e:	4a03      	ldr	r2, [pc, #12]	; (400d1c <vPortExitCritical+0x2c>)
  400d10:	6013      	str	r3, [r2, #0]
	if (uxCriticalNesting == 0) {
  400d12:	b90b      	cbnz	r3, 400d18 <vPortExitCritical+0x28>
}
/*-----------------------------------------------------------*/

portFORCE_INLINE static void vPortSetBASEPRI(uint32_t ulNewMaskValue)
{
	__asm volatile("	msr basepri, %0	" ::"r"(ulNewMaskValue) : "memory");
  400d14:	f383 8811 	msr	BASEPRI, r3
  400d18:	4770      	bx	lr
  400d1a:	bf00      	nop
  400d1c:	20400000 	.word	0x20400000

00400d20 <PendSV_Handler>:
	__asm volatile(
  400d20:	f3ef 8009 	mrs	r0, PSP
  400d24:	f3bf 8f6f 	isb	sy
  400d28:	4b15      	ldr	r3, [pc, #84]	; (400d80 <pxCurrentTCBConst>)
  400d2a:	681a      	ldr	r2, [r3, #0]
  400d2c:	f01e 0f10 	tst.w	lr, #16
  400d30:	bf08      	it	eq
  400d32:	ed20 8a10 	vstmdbeq	r0!, {s16-s31}
  400d36:	e920 4ff0 	stmdb	r0!, {r4, r5, r6, r7, r8, r9, sl, fp, lr}
  400d3a:	6010      	str	r0, [r2, #0]
  400d3c:	e92d 0009 	stmdb	sp!, {r0, r3}
  400d40:	f04f 0080 	mov.w	r0, #128	; 0x80
  400d44:	b672      	cpsid	i
  400d46:	f380 8811 	msr	BASEPRI, r0
  400d4a:	f3bf 8f4f 	dsb	sy
  400d4e:	f3bf 8f6f 	isb	sy
  400d52:	b662      	cpsie	i
  400d54:	f001 f988 	bl	402068 <vTaskSwitchContext>
  400d58:	f04f 0000 	mov.w	r0, #0
  400d5c:	f380 8811 	msr	BASEPRI, r0
  400d60:	bc09      	pop	{r0, r3}
  400d62:	6819      	ldr	r1, [r3, #0]
  400d64:	6808      	ldr	r0, [r1, #0]
  400d66:	e8b0 4ff0 	ldmia.w	r0!, {r4, r5, r6, r7, r8, r9, sl, fp, lr}
  400d6a:	f01e 0f10 	tst.w	lr, #16
  400d6e:	bf08      	it	eq
  400d70:	ecb0 8a10 	vldmiaeq	r0!, {s16-s31}
  400d74:	f380 8809 	msr	PSP, r0
  400d78:	f3bf 8f6f 	isb	sy
  400d7c:	4770      	bx	lr
  400d7e:	bf00      	nop

00400d80 <pxCurrentTCBConst>:
  400d80:	20400ad8 	.word	0x20400ad8

00400d84 <SysTick_Handler>:
{
  400d84:	b508      	push	{r3, lr}
	__asm volatile("	mov %0, %1												\n"
  400d86:	f04f 0380 	mov.w	r3, #128	; 0x80
  400d8a:	b672      	cpsid	i
  400d8c:	f383 8811 	msr	BASEPRI, r3
  400d90:	f3bf 8f6f 	isb	sy
  400d94:	f3bf 8f4f 	dsb	sy
  400d98:	b662      	cpsie	i
		if (xTaskIncrementTick() != pdFALSE) {
  400d9a:	4b05      	ldr	r3, [pc, #20]	; (400db0 <SysTick_Handler+0x2c>)
  400d9c:	4798      	blx	r3
  400d9e:	b118      	cbz	r0, 400da8 <SysTick_Handler+0x24>
			portNVIC_INT_CTRL_REG = portNVIC_PENDSVSET_BIT;
  400da0:	f04f 5280 	mov.w	r2, #268435456	; 0x10000000
  400da4:	4b03      	ldr	r3, [pc, #12]	; (400db4 <SysTick_Handler+0x30>)
  400da6:	601a      	str	r2, [r3, #0]
	__asm volatile("	msr basepri, %0	" ::"r"(ulNewMaskValue) : "memory");
  400da8:	2300      	movs	r3, #0
  400daa:	f383 8811 	msr	BASEPRI, r3
  400dae:	bd08      	pop	{r3, pc}
  400db0:	00401dc1 	.word	0x00401dc1
  400db4:	e000ed04 	.word	0xe000ed04

00400db8 <vPortSetupTimerInterrupt>:
	portNVIC_SYSTICK_CTRL_REG          = 0UL;
  400db8:	4b05      	ldr	r3, [pc, #20]	; (400dd0 <vPortSetupTimerInterrupt+0x18>)
  400dba:	2200      	movs	r2, #0
  400dbc:	601a      	str	r2, [r3, #0]
	portNVIC_SYSTICK_CURRENT_VALUE_REG = 0UL;
  400dbe:	4905      	ldr	r1, [pc, #20]	; (400dd4 <vPortSetupTimerInterrupt+0x1c>)
  400dc0:	600a      	str	r2, [r1, #0]
	portNVIC_SYSTICK_LOAD_REG = (configSYSTICK_CLOCK_HZ / configTICK_RATE_HZ) - 1UL;
  400dc2:	4905      	ldr	r1, [pc, #20]	; (400dd8 <vPortSetupTimerInterrupt+0x20>)
  400dc4:	4a05      	ldr	r2, [pc, #20]	; (400ddc <vPortSetupTimerInterrupt+0x24>)
  400dc6:	6011      	str	r1, [r2, #0]
	portNVIC_SYSTICK_CTRL_REG = (portNVIC_SYSTICK_CLK_BIT | portNVIC_SYSTICK_INT_BIT | portNVIC_SYSTICK_ENABLE_BIT);
  400dc8:	2207      	movs	r2, #7
  400dca:	601a      	str	r2, [r3, #0]
  400dcc:	4770      	bx	lr
  400dce:	bf00      	nop
  400dd0:	e000e010 	.word	0xe000e010
  400dd4:	e000e018 	.word	0xe000e018
  400dd8:	000493df 	.word	0x000493df
  400ddc:	e000e014 	.word	0xe000e014

00400de0 <xPortStartScheduler>:
{
  400de0:	b510      	push	{r4, lr}
  400de2:	b082      	sub	sp, #8
		ulOriginalPriority = *pucFirstUserPriorityRegister;
  400de4:	4b2b      	ldr	r3, [pc, #172]	; (400e94 <xPortStartScheduler+0xb4>)
  400de6:	781a      	ldrb	r2, [r3, #0]
  400de8:	b2d2      	uxtb	r2, r2
  400dea:	9201      	str	r2, [sp, #4]
		*pucFirstUserPriorityRegister = portMAX_8_BIT_VALUE;
  400dec:	22ff      	movs	r2, #255	; 0xff
  400dee:	701a      	strb	r2, [r3, #0]
		ucMaxPriorityValue = *pucFirstUserPriorityRegister;
  400df0:	781b      	ldrb	r3, [r3, #0]
  400df2:	b2db      	uxtb	r3, r3
  400df4:	f88d 3003 	strb.w	r3, [sp, #3]
		ucMaxSysCallPriority = configMAX_SYSCALL_INTERRUPT_PRIORITY & ucMaxPriorityValue;
  400df8:	f89d 3003 	ldrb.w	r3, [sp, #3]
  400dfc:	f003 0380 	and.w	r3, r3, #128	; 0x80
  400e00:	4a25      	ldr	r2, [pc, #148]	; (400e98 <xPortStartScheduler+0xb8>)
  400e02:	7013      	strb	r3, [r2, #0]
		ulMaxPRIGROUPValue = portMAX_PRIGROUP_BITS;
  400e04:	2307      	movs	r3, #7
  400e06:	6053      	str	r3, [r2, #4]
		while ((ucMaxPriorityValue & portTOP_BIT_OF_BYTE) == portTOP_BIT_OF_BYTE) {
  400e08:	e009      	b.n	400e1e <xPortStartScheduler+0x3e>
			ulMaxPRIGROUPValue--;
  400e0a:	4a23      	ldr	r2, [pc, #140]	; (400e98 <xPortStartScheduler+0xb8>)
  400e0c:	6853      	ldr	r3, [r2, #4]
  400e0e:	3b01      	subs	r3, #1
  400e10:	6053      	str	r3, [r2, #4]
			ucMaxPriorityValue <<= (uint8_t)0x01;
  400e12:	f89d 3003 	ldrb.w	r3, [sp, #3]
  400e16:	005b      	lsls	r3, r3, #1
  400e18:	b2db      	uxtb	r3, r3
  400e1a:	f88d 3003 	strb.w	r3, [sp, #3]
		while ((ucMaxPriorityValue & portTOP_BIT_OF_BYTE) == portTOP_BIT_OF_BYTE) {
  400e1e:	f89d 3003 	ldrb.w	r3, [sp, #3]
  400e22:	f013 0f80 	tst.w	r3, #128	; 0x80
  400e26:	d1f0      	bne.n	400e0a <xPortStartScheduler+0x2a>
			configASSERT((portMAX_PRIGROUP_BITS - ulMaxPRIGROUPValue) == configPRIO_BITS);
  400e28:	4b1b      	ldr	r3, [pc, #108]	; (400e98 <xPortStartScheduler+0xb8>)
  400e2a:	685b      	ldr	r3, [r3, #4]
  400e2c:	2b04      	cmp	r3, #4
  400e2e:	d00a      	beq.n	400e46 <xPortStartScheduler+0x66>
	__asm volatile("	mov %0, %1												\n"
  400e30:	f04f 0380 	mov.w	r3, #128	; 0x80
  400e34:	b672      	cpsid	i
  400e36:	f383 8811 	msr	BASEPRI, r3
  400e3a:	f3bf 8f6f 	isb	sy
  400e3e:	f3bf 8f4f 	dsb	sy
  400e42:	b662      	cpsie	i
  400e44:	e7fe      	b.n	400e44 <xPortStartScheduler+0x64>
		ulMaxPRIGROUPValue <<= portPRIGROUP_SHIFT;
  400e46:	021b      	lsls	r3, r3, #8
		ulMaxPRIGROUPValue &= portPRIORITY_GROUP_MASK;
  400e48:	f403 63e0 	and.w	r3, r3, #1792	; 0x700
  400e4c:	4a12      	ldr	r2, [pc, #72]	; (400e98 <xPortStartScheduler+0xb8>)
  400e4e:	6053      	str	r3, [r2, #4]
		*pucFirstUserPriorityRegister = ulOriginalPriority;
  400e50:	9b01      	ldr	r3, [sp, #4]
  400e52:	b2db      	uxtb	r3, r3
  400e54:	4a0f      	ldr	r2, [pc, #60]	; (400e94 <xPortStartScheduler+0xb4>)
  400e56:	7013      	strb	r3, [r2, #0]
	portNVIC_SYSPRI2_REG |= portNVIC_PENDSV_PRI;
  400e58:	4b10      	ldr	r3, [pc, #64]	; (400e9c <xPortStartScheduler+0xbc>)
  400e5a:	681a      	ldr	r2, [r3, #0]
  400e5c:	f442 0260 	orr.w	r2, r2, #14680064	; 0xe00000
  400e60:	601a      	str	r2, [r3, #0]
	portNVIC_SYSPRI2_REG |= portNVIC_SYSTICK_PRI;
  400e62:	681a      	ldr	r2, [r3, #0]
  400e64:	f042 4260 	orr.w	r2, r2, #3758096384	; 0xe0000000
  400e68:	601a      	str	r2, [r3, #0]
	vPortSetupTimerInterrupt();
  400e6a:	4b0d      	ldr	r3, [pc, #52]	; (400ea0 <xPortStartScheduler+0xc0>)
  400e6c:	4798      	blx	r3
	uxCriticalNesting = 0;
  400e6e:	2400      	movs	r4, #0
  400e70:	4b0c      	ldr	r3, [pc, #48]	; (400ea4 <xPortStartScheduler+0xc4>)
  400e72:	601c      	str	r4, [r3, #0]
	vPortEnableVFP();
  400e74:	4b0c      	ldr	r3, [pc, #48]	; (400ea8 <xPortStartScheduler+0xc8>)
  400e76:	4798      	blx	r3
	*(portFPCCR) |= portASPEN_AND_LSPEN_BITS;
  400e78:	4a0c      	ldr	r2, [pc, #48]	; (400eac <xPortStartScheduler+0xcc>)
  400e7a:	6813      	ldr	r3, [r2, #0]
  400e7c:	f043 4340 	orr.w	r3, r3, #3221225472	; 0xc0000000
  400e80:	6013      	str	r3, [r2, #0]
	prvPortStartFirstTask();
  400e82:	4b0b      	ldr	r3, [pc, #44]	; (400eb0 <xPortStartScheduler+0xd0>)
  400e84:	4798      	blx	r3
	vTaskSwitchContext();
  400e86:	4b0b      	ldr	r3, [pc, #44]	; (400eb4 <xPortStartScheduler+0xd4>)
  400e88:	4798      	blx	r3
	prvTaskExitError();
  400e8a:	4b0b      	ldr	r3, [pc, #44]	; (400eb8 <xPortStartScheduler+0xd8>)
  400e8c:	4798      	blx	r3
}
  400e8e:	4620      	mov	r0, r4
  400e90:	b002      	add	sp, #8
  400e92:	bd10      	pop	{r4, pc}
  400e94:	e000e400 	.word	0xe000e400
  400e98:	204000a4 	.word	0x204000a4
  400e9c:	e000ed20 	.word	0xe000ed20
  400ea0:	00400db9 	.word	0x00400db9
  400ea4:	20400000 	.word	0x20400000
  400ea8:	00400c3d 	.word	0x00400c3d
  400eac:	e000ef34 	.word	0xe000ef34
  400eb0:	00400c15 	.word	0x00400c15
  400eb4:	00402069 	.word	0x00402069
  400eb8:	00400bcd 	.word	0x00400bcd

00400ebc <vPortValidateInterruptPriority>:
{
	uint32_t ulCurrentInterrupt;
	uint8_t  ucCurrentPriority;

	/* Obtain the number of the currently executing interrupt. */
	__asm volatile("mrs %0, ipsr" : "=r"(ulCurrentInterrupt)::"memory");
  400ebc:	f3ef 8305 	mrs	r3, IPSR

	/* Is the interrupt number a user defined interrupt? */
	if (ulCurrentInterrupt >= portFIRST_USER_INTERRUPT_NUMBER) {
  400ec0:	2b0f      	cmp	r3, #15
  400ec2:	d911      	bls.n	400ee8 <vPortValidateInterruptPriority+0x2c>
		/* Look up the interrupt's priority. */
		ucCurrentPriority = pcInterruptPriorityRegisters[ulCurrentInterrupt];
  400ec4:	4a12      	ldr	r2, [pc, #72]	; (400f10 <vPortValidateInterruptPriority+0x54>)
  400ec6:	5c9b      	ldrb	r3, [r3, r2]
  400ec8:	b2db      	uxtb	r3, r3
		interrupt entry is as fast and simple as possible.

		The following links provide detailed information:
		http://www.freertos.org/RTOS-Cortex-M3-M4.html
		http://www.freertos.org/FAQHelp.html */
		configASSERT(ucCurrentPriority >= ucMaxSysCallPriority);
  400eca:	4a12      	ldr	r2, [pc, #72]	; (400f14 <vPortValidateInterruptPriority+0x58>)
  400ecc:	7812      	ldrb	r2, [r2, #0]
  400ece:	4293      	cmp	r3, r2
  400ed0:	d20a      	bcs.n	400ee8 <vPortValidateInterruptPriority+0x2c>
  400ed2:	f04f 0380 	mov.w	r3, #128	; 0x80
  400ed6:	b672      	cpsid	i
  400ed8:	f383 8811 	msr	BASEPRI, r3
  400edc:	f3bf 8f6f 	isb	sy
  400ee0:	f3bf 8f4f 	dsb	sy
  400ee4:	b662      	cpsie	i
  400ee6:	e7fe      	b.n	400ee6 <vPortValidateInterruptPriority+0x2a>
	configuration then the correct setting can be achieved on all Cortex-M
	devices by calling NVIC_SetPriorityGrouping( 0 ); before starting the
	scheduler.  Note however that some vendor specific peripheral libraries
	assume a non-zero priority group setting, in which cases using a value
	of zero will result in unpredictable behaviour. */
	configASSERT((portAIRCR_REG & portPRIORITY_GROUP_MASK) <= ulMaxPRIGROUPValue);
  400ee8:	4b0b      	ldr	r3, [pc, #44]	; (400f18 <vPortValidateInterruptPriority+0x5c>)
  400eea:	681b      	ldr	r3, [r3, #0]
  400eec:	f403 63e0 	and.w	r3, r3, #1792	; 0x700
  400ef0:	4a08      	ldr	r2, [pc, #32]	; (400f14 <vPortValidateInterruptPriority+0x58>)
  400ef2:	6852      	ldr	r2, [r2, #4]
  400ef4:	4293      	cmp	r3, r2
  400ef6:	d90a      	bls.n	400f0e <vPortValidateInterruptPriority+0x52>
  400ef8:	f04f 0380 	mov.w	r3, #128	; 0x80
  400efc:	b672      	cpsid	i
  400efe:	f383 8811 	msr	BASEPRI, r3
  400f02:	f3bf 8f6f 	isb	sy
  400f06:	f3bf 8f4f 	dsb	sy
  400f0a:	b662      	cpsie	i
  400f0c:	e7fe      	b.n	400f0c <vPortValidateInterruptPriority+0x50>
  400f0e:	4770      	bx	lr
  400f10:	e000e3f0 	.word	0xe000e3f0
  400f14:	204000a4 	.word	0x204000a4
  400f18:	e000ed0c 	.word	0xe000ed0c

00400f1c <pvPortMalloc>:
static size_t xNextFreeByte = (size_t)0;

/*-----------------------------------------------------------*/

void *pvPortMalloc(size_t xWantedSize)
{
  400f1c:	b538      	push	{r3, r4, r5, lr}
  400f1e:	4604      	mov	r4, r0
	static uint8_t *pucAlignedHeap = NULL;

/* Ensure that blocks are always aligned to the required number of bytes. */
#if (portBYTE_ALIGNMENT != 1)
	{
		if (xWantedSize & portBYTE_ALIGNMENT_MASK) {
  400f20:	f010 0f07 	tst.w	r0, #7
  400f24:	d002      	beq.n	400f2c <pvPortMalloc+0x10>
			/* Byte alignment required. */
			xWantedSize += (portBYTE_ALIGNMENT - (xWantedSize & portBYTE_ALIGNMENT_MASK));
  400f26:	f020 0407 	bic.w	r4, r0, #7
  400f2a:	3408      	adds	r4, #8
		}
	}
#endif

	vTaskSuspendAll();
  400f2c:	4b11      	ldr	r3, [pc, #68]	; (400f74 <pvPortMalloc+0x58>)
  400f2e:	4798      	blx	r3
	{
		if (pucAlignedHeap == NULL) {
  400f30:	4b11      	ldr	r3, [pc, #68]	; (400f78 <pvPortMalloc+0x5c>)
  400f32:	681b      	ldr	r3, [r3, #0]
  400f34:	b193      	cbz	r3, 400f5c <pvPortMalloc+0x40>
			pucAlignedHeap = (uint8_t *)(((portPOINTER_SIZE_TYPE)&ucHeap[portBYTE_ALIGNMENT])
			                             & (~((portPOINTER_SIZE_TYPE)portBYTE_ALIGNMENT_MASK)));
		}

		/* Check there is enough room left for the allocation. */
		if (((xNextFreeByte + xWantedSize) < configADJUSTED_HEAP_SIZE)
  400f36:	4b10      	ldr	r3, [pc, #64]	; (400f78 <pvPortMalloc+0x5c>)
  400f38:	f8d3 3964 	ldr.w	r3, [r3, #2404]	; 0x964
  400f3c:	441c      	add	r4, r3
  400f3e:	f640 1257 	movw	r2, #2391	; 0x957
  400f42:	4294      	cmp	r4, r2
  400f44:	d811      	bhi.n	400f6a <pvPortMalloc+0x4e>
		    && ((xNextFreeByte + xWantedSize) > xNextFreeByte)) /* Check for overflow. */
  400f46:	42a3      	cmp	r3, r4
  400f48:	d211      	bcs.n	400f6e <pvPortMalloc+0x52>
		{
			/* Return the next free byte then increment the index past this
			block. */
			pvReturn = pucAlignedHeap + xNextFreeByte;
  400f4a:	4a0b      	ldr	r2, [pc, #44]	; (400f78 <pvPortMalloc+0x5c>)
  400f4c:	6815      	ldr	r5, [r2, #0]
  400f4e:	441d      	add	r5, r3
			xNextFreeByte += xWantedSize;
  400f50:	f8c2 4964 	str.w	r4, [r2, #2404]	; 0x964
		}

		traceMALLOC(pvReturn, xWantedSize);
	}
	(void)xTaskResumeAll();
  400f54:	4b09      	ldr	r3, [pc, #36]	; (400f7c <pvPortMalloc+0x60>)
  400f56:	4798      	blx	r3
		}
	}
#endif

	return pvReturn;
}
  400f58:	4628      	mov	r0, r5
  400f5a:	bd38      	pop	{r3, r4, r5, pc}
			pucAlignedHeap = (uint8_t *)(((portPOINTER_SIZE_TYPE)&ucHeap[portBYTE_ALIGNMENT])
  400f5c:	4a06      	ldr	r2, [pc, #24]	; (400f78 <pvPortMalloc+0x5c>)
  400f5e:	f102 030c 	add.w	r3, r2, #12
			                             & (~((portPOINTER_SIZE_TYPE)portBYTE_ALIGNMENT_MASK)));
  400f62:	f023 0307 	bic.w	r3, r3, #7
			pucAlignedHeap = (uint8_t *)(((portPOINTER_SIZE_TYPE)&ucHeap[portBYTE_ALIGNMENT])
  400f66:	6013      	str	r3, [r2, #0]
  400f68:	e7e5      	b.n	400f36 <pvPortMalloc+0x1a>
	void *          pvReturn       = NULL;
  400f6a:	2500      	movs	r5, #0
  400f6c:	e7f2      	b.n	400f54 <pvPortMalloc+0x38>
  400f6e:	2500      	movs	r5, #0
  400f70:	e7f0      	b.n	400f54 <pvPortMalloc+0x38>
  400f72:	bf00      	nop
  400f74:	00401da1 	.word	0x00401da1
  400f78:	204000ac 	.word	0x204000ac
  400f7c:	00401ef9 	.word	0x00401ef9

00400f80 <vPortFree>:
	heap_4.c for alternative implementations, and the memory management pages of
	http://www.FreeRTOS.org for more information. */
	(void)pv;

	/* Force an assert as it is invalid to call this function. */
	configASSERT(pv == NULL);
  400f80:	b150      	cbz	r0, 400f98 <vPortFree+0x18>
  400f82:	f04f 0380 	mov.w	r3, #128	; 0x80
  400f86:	b672      	cpsid	i
  400f88:	f383 8811 	msr	BASEPRI, r3
  400f8c:	f3bf 8f6f 	isb	sy
  400f90:	f3bf 8f4f 	dsb	sy
  400f94:	b662      	cpsie	i
  400f96:	e7fe      	b.n	400f96 <vPortFree+0x16>
  400f98:	4770      	bx	lr

00400f9a <prvGetDisinheritPriorityAfterTimeout>:
	priority, but the waiting task times out, then the holder should
	disinherit the priority - but only down to the highest priority of any
	other tasks that are waiting for the same mutex.  For this purpose,
	return the priority of the highest priority task that is waiting for the
	mutex. */
	if (listCURRENT_LIST_LENGTH(&(pxQueue->xTasksWaitingToReceive)) > 0) {
  400f9a:	6a43      	ldr	r3, [r0, #36]	; 0x24
  400f9c:	b123      	cbz	r3, 400fa8 <prvGetDisinheritPriorityAfterTimeout+0xe>
		uxHighestPriorityOfWaitingTasks
		    = configMAX_PRIORITIES - listGET_ITEM_VALUE_OF_HEAD_ENTRY(&(pxQueue->xTasksWaitingToReceive));
  400f9e:	6b03      	ldr	r3, [r0, #48]	; 0x30
  400fa0:	6818      	ldr	r0, [r3, #0]
  400fa2:	f1c0 0005 	rsb	r0, r0, #5
  400fa6:	4770      	bx	lr
	} else {
		uxHighestPriorityOfWaitingTasks = tskIDLE_PRIORITY;
  400fa8:	2000      	movs	r0, #0
	}

	return uxHighestPriorityOfWaitingTasks;
}
  400faa:	4770      	bx	lr

00400fac <prvIsQueueFull>:
	return xReturn;
} /*lint !e818 xQueue could not be pointer to const because it is a typedef. */
/*-----------------------------------------------------------*/

static BaseType_t prvIsQueueFull(const Queue_t *pxQueue)
{
  400fac:	b510      	push	{r4, lr}
  400fae:	4604      	mov	r4, r0
	BaseType_t xReturn;

	taskENTER_CRITICAL();
  400fb0:	4b06      	ldr	r3, [pc, #24]	; (400fcc <prvIsQueueFull+0x20>)
  400fb2:	4798      	blx	r3
	{
		if (pxQueue->uxMessagesWaiting == pxQueue->uxLength) {
  400fb4:	6ba2      	ldr	r2, [r4, #56]	; 0x38
  400fb6:	6be3      	ldr	r3, [r4, #60]	; 0x3c
  400fb8:	429a      	cmp	r2, r3
  400fba:	d004      	beq.n	400fc6 <prvIsQueueFull+0x1a>
			xReturn = pdTRUE;
		} else {
			xReturn = pdFALSE;
  400fbc:	2400      	movs	r4, #0
		}
	}
	taskEXIT_CRITICAL();
  400fbe:	4b04      	ldr	r3, [pc, #16]	; (400fd0 <prvIsQueueFull+0x24>)
  400fc0:	4798      	blx	r3

	return xReturn;
}
  400fc2:	4620      	mov	r0, r4
  400fc4:	bd10      	pop	{r4, pc}
			xReturn = pdTRUE;
  400fc6:	2401      	movs	r4, #1
  400fc8:	e7f9      	b.n	400fbe <prvIsQueueFull+0x12>
  400fca:	bf00      	nop
  400fcc:	00400ca5 	.word	0x00400ca5
  400fd0:	00400cf1 	.word	0x00400cf1

00400fd4 <prvIsQueueEmpty>:
{
  400fd4:	b510      	push	{r4, lr}
  400fd6:	4604      	mov	r4, r0
	taskENTER_CRITICAL();
  400fd8:	4b05      	ldr	r3, [pc, #20]	; (400ff0 <prvIsQueueEmpty+0x1c>)
  400fda:	4798      	blx	r3
		if (pxQueue->uxMessagesWaiting == (UBaseType_t)0) {
  400fdc:	6ba3      	ldr	r3, [r4, #56]	; 0x38
  400fde:	b123      	cbz	r3, 400fea <prvIsQueueEmpty+0x16>
			xReturn = pdFALSE;
  400fe0:	2400      	movs	r4, #0
	taskEXIT_CRITICAL();
  400fe2:	4b04      	ldr	r3, [pc, #16]	; (400ff4 <prvIsQueueEmpty+0x20>)
  400fe4:	4798      	blx	r3
}
  400fe6:	4620      	mov	r0, r4
  400fe8:	bd10      	pop	{r4, pc}
			xReturn = pdTRUE;
  400fea:	2401      	movs	r4, #1
  400fec:	e7f9      	b.n	400fe2 <prvIsQueueEmpty+0xe>
  400fee:	bf00      	nop
  400ff0:	00400ca5 	.word	0x00400ca5
  400ff4:	00400cf1 	.word	0x00400cf1

00400ff8 <prvCopyDataToQueue>:
{
  400ff8:	b570      	push	{r4, r5, r6, lr}
  400ffa:	4604      	mov	r4, r0
  400ffc:	4616      	mov	r6, r2
	uxMessagesWaiting = pxQueue->uxMessagesWaiting;
  400ffe:	6b85      	ldr	r5, [r0, #56]	; 0x38
	if (pxQueue->uxItemSize == (UBaseType_t)0) {
  401000:	6c02      	ldr	r2, [r0, #64]	; 0x40
  401002:	b952      	cbnz	r2, 40101a <prvCopyDataToQueue+0x22>
			if (pxQueue->uxQueueType == queueQUEUE_IS_MUTEX) {
  401004:	6803      	ldr	r3, [r0, #0]
  401006:	2b00      	cmp	r3, #0
  401008:	d12a      	bne.n	401060 <prvCopyDataToQueue+0x68>
				xReturn                = xTaskPriorityDisinherit((void *)pxQueue->pxMutexHolder);
  40100a:	6840      	ldr	r0, [r0, #4]
  40100c:	4b18      	ldr	r3, [pc, #96]	; (401070 <prvCopyDataToQueue+0x78>)
  40100e:	4798      	blx	r3
				pxQueue->pxMutexHolder = NULL;
  401010:	2300      	movs	r3, #0
  401012:	6063      	str	r3, [r4, #4]
	pxQueue->uxMessagesWaiting = uxMessagesWaiting + (UBaseType_t)1;
  401014:	3501      	adds	r5, #1
  401016:	63a5      	str	r5, [r4, #56]	; 0x38
}
  401018:	bd70      	pop	{r4, r5, r6, pc}
	} else if (xPosition == queueSEND_TO_BACK) {
  40101a:	b96e      	cbnz	r6, 401038 <prvCopyDataToQueue+0x40>
		(void)memcpy((void *)pxQueue->pcWriteTo,
  40101c:	6880      	ldr	r0, [r0, #8]
  40101e:	4b15      	ldr	r3, [pc, #84]	; (401074 <prvCopyDataToQueue+0x7c>)
  401020:	4798      	blx	r3
		pxQueue->pcWriteTo += pxQueue->uxItemSize;
  401022:	6c22      	ldr	r2, [r4, #64]	; 0x40
  401024:	68a3      	ldr	r3, [r4, #8]
  401026:	4413      	add	r3, r2
  401028:	60a3      	str	r3, [r4, #8]
		if (pxQueue->pcWriteTo >= pxQueue->pcTail) /*lint !e946 MISRA exception justified as comparison of pointers is
  40102a:	6862      	ldr	r2, [r4, #4]
  40102c:	4293      	cmp	r3, r2
  40102e:	d319      	bcc.n	401064 <prvCopyDataToQueue+0x6c>
			pxQueue->pcWriteTo = pxQueue->pcHead;
  401030:	6823      	ldr	r3, [r4, #0]
  401032:	60a3      	str	r3, [r4, #8]
	BaseType_t  xReturn = pdFALSE;
  401034:	2000      	movs	r0, #0
  401036:	e7ed      	b.n	401014 <prvCopyDataToQueue+0x1c>
		(void)memcpy((void *)pxQueue->u.pcReadFrom,
  401038:	68c0      	ldr	r0, [r0, #12]
  40103a:	4b0e      	ldr	r3, [pc, #56]	; (401074 <prvCopyDataToQueue+0x7c>)
  40103c:	4798      	blx	r3
		pxQueue->u.pcReadFrom -= pxQueue->uxItemSize;
  40103e:	6c23      	ldr	r3, [r4, #64]	; 0x40
  401040:	425b      	negs	r3, r3
  401042:	68e2      	ldr	r2, [r4, #12]
  401044:	441a      	add	r2, r3
  401046:	60e2      	str	r2, [r4, #12]
		    < pxQueue->pcHead) /*lint !e946 MISRA exception justified as comparison of pointers is the cleanest
  401048:	6821      	ldr	r1, [r4, #0]
		if (pxQueue->u.pcReadFrom
  40104a:	428a      	cmp	r2, r1
  40104c:	d202      	bcs.n	401054 <prvCopyDataToQueue+0x5c>
			pxQueue->u.pcReadFrom = (pxQueue->pcTail - pxQueue->uxItemSize);
  40104e:	6862      	ldr	r2, [r4, #4]
  401050:	4413      	add	r3, r2
  401052:	60e3      	str	r3, [r4, #12]
		if (xPosition == queueOVERWRITE) {
  401054:	2e02      	cmp	r6, #2
  401056:	d107      	bne.n	401068 <prvCopyDataToQueue+0x70>
			if (uxMessagesWaiting > (UBaseType_t)0) {
  401058:	b145      	cbz	r5, 40106c <prvCopyDataToQueue+0x74>
				--uxMessagesWaiting;
  40105a:	3d01      	subs	r5, #1
	BaseType_t  xReturn = pdFALSE;
  40105c:	2000      	movs	r0, #0
  40105e:	e7d9      	b.n	401014 <prvCopyDataToQueue+0x1c>
  401060:	2000      	movs	r0, #0
  401062:	e7d7      	b.n	401014 <prvCopyDataToQueue+0x1c>
  401064:	2000      	movs	r0, #0
  401066:	e7d5      	b.n	401014 <prvCopyDataToQueue+0x1c>
  401068:	2000      	movs	r0, #0
  40106a:	e7d3      	b.n	401014 <prvCopyDataToQueue+0x1c>
  40106c:	2000      	movs	r0, #0
  40106e:	e7d1      	b.n	401014 <prvCopyDataToQueue+0x1c>
  401070:	004023a1 	.word	0x004023a1
  401074:	004029e1 	.word	0x004029e1

00401078 <prvNotifyQueueSetContainer>:
	/*-----------------------------------------------------------*/

#if (configUSE_QUEUE_SETS == 1)

static BaseType_t prvNotifyQueueSetContainer(const Queue_t *const pxQueue, const BaseType_t xCopyPosition)
{
  401078:	b570      	push	{r4, r5, r6, lr}
  40107a:	b082      	sub	sp, #8
  40107c:	9001      	str	r0, [sp, #4]
	Queue_t *  pxQueueSetContainer = pxQueue->pxQueueSetContainer;
  40107e:	6c84      	ldr	r4, [r0, #72]	; 0x48
	BaseType_t xReturn             = pdFALSE;

	/* This function must be called form a critical section. */

	configASSERT(pxQueueSetContainer);
  401080:	b174      	cbz	r4, 4010a0 <prvNotifyQueueSetContainer+0x28>
	configASSERT(pxQueueSetContainer->uxMessagesWaiting < pxQueueSetContainer->uxLength);
  401082:	6ba2      	ldr	r2, [r4, #56]	; 0x38
  401084:	6be3      	ldr	r3, [r4, #60]	; 0x3c
  401086:	429a      	cmp	r2, r3
  401088:	d315      	bcc.n	4010b6 <prvNotifyQueueSetContainer+0x3e>
  40108a:	f04f 0380 	mov.w	r3, #128	; 0x80
  40108e:	b672      	cpsid	i
  401090:	f383 8811 	msr	BASEPRI, r3
  401094:	f3bf 8f6f 	isb	sy
  401098:	f3bf 8f4f 	dsb	sy
  40109c:	b662      	cpsie	i
  40109e:	e7fe      	b.n	40109e <prvNotifyQueueSetContainer+0x26>
  4010a0:	f04f 0380 	mov.w	r3, #128	; 0x80
  4010a4:	b672      	cpsid	i
  4010a6:	f383 8811 	msr	BASEPRI, r3
  4010aa:	f3bf 8f6f 	isb	sy
  4010ae:	f3bf 8f4f 	dsb	sy
  4010b2:	b662      	cpsie	i
  4010b4:	e7fe      	b.n	4010b4 <prvNotifyQueueSetContainer+0x3c>

	if (pxQueueSetContainer->uxMessagesWaiting < pxQueueSetContainer->uxLength) {
  4010b6:	6ba2      	ldr	r2, [r4, #56]	; 0x38
  4010b8:	4293      	cmp	r3, r2
  4010ba:	d803      	bhi.n	4010c4 <prvNotifyQueueSetContainer+0x4c>
	BaseType_t xReturn             = pdFALSE;
  4010bc:	2600      	movs	r6, #0
	} else {
		mtCOVERAGE_TEST_MARKER();
	}

	return xReturn;
}
  4010be:	4630      	mov	r0, r6
  4010c0:	b002      	add	sp, #8
  4010c2:	bd70      	pop	{r4, r5, r6, pc}
  4010c4:	460a      	mov	r2, r1
		const int8_t cTxLock = pxQueueSetContainer->cTxLock;
  4010c6:	f894 5045 	ldrb.w	r5, [r4, #69]	; 0x45
  4010ca:	b26d      	sxtb	r5, r5
		xReturn = prvCopyDataToQueue(pxQueueSetContainer, &pxQueue, xCopyPosition);
  4010cc:	a901      	add	r1, sp, #4
  4010ce:	4620      	mov	r0, r4
  4010d0:	4b0a      	ldr	r3, [pc, #40]	; (4010fc <prvNotifyQueueSetContainer+0x84>)
  4010d2:	4798      	blx	r3
  4010d4:	4606      	mov	r6, r0
		if (cTxLock == queueUNLOCKED) {
  4010d6:	f1b5 3fff 	cmp.w	r5, #4294967295
  4010da:	d10a      	bne.n	4010f2 <prvNotifyQueueSetContainer+0x7a>
			if (listLIST_IS_EMPTY(&(pxQueueSetContainer->xTasksWaitingToReceive)) == pdFALSE) {
  4010dc:	6a63      	ldr	r3, [r4, #36]	; 0x24
  4010de:	2b00      	cmp	r3, #0
  4010e0:	d0ed      	beq.n	4010be <prvNotifyQueueSetContainer+0x46>
				if (xTaskRemoveFromEventList(&(pxQueueSetContainer->xTasksWaitingToReceive)) != pdFALSE) {
  4010e2:	f104 0024 	add.w	r0, r4, #36	; 0x24
  4010e6:	4b06      	ldr	r3, [pc, #24]	; (401100 <prvNotifyQueueSetContainer+0x88>)
  4010e8:	4798      	blx	r3
  4010ea:	2800      	cmp	r0, #0
  4010ec:	d0e7      	beq.n	4010be <prvNotifyQueueSetContainer+0x46>
					xReturn = pdTRUE;
  4010ee:	2601      	movs	r6, #1
	return xReturn;
  4010f0:	e7e5      	b.n	4010be <prvNotifyQueueSetContainer+0x46>
			pxQueueSetContainer->cTxLock = (int8_t)(cTxLock + 1);
  4010f2:	1c6b      	adds	r3, r5, #1
  4010f4:	b25b      	sxtb	r3, r3
  4010f6:	f884 3045 	strb.w	r3, [r4, #69]	; 0x45
  4010fa:	e7e0      	b.n	4010be <prvNotifyQueueSetContainer+0x46>
  4010fc:	00400ff9 	.word	0x00400ff9
  401100:	00402185 	.word	0x00402185

00401104 <prvCopyDataFromQueue>:
	if (pxQueue->uxItemSize != (UBaseType_t)0) {
  401104:	6c02      	ldr	r2, [r0, #64]	; 0x40
  401106:	b172      	cbz	r2, 401126 <prvCopyDataFromQueue+0x22>
{
  401108:	b510      	push	{r4, lr}
  40110a:	4603      	mov	r3, r0
		pxQueue->u.pcReadFrom += pxQueue->uxItemSize;
  40110c:	68c4      	ldr	r4, [r0, #12]
  40110e:	4414      	add	r4, r2
  401110:	60c4      	str	r4, [r0, #12]
		if (pxQueue->u.pcReadFrom >= pxQueue->pcTail) /*lint !e946 MISRA exception justified as use of the relational
  401112:	6840      	ldr	r0, [r0, #4]
  401114:	4284      	cmp	r4, r0
  401116:	d301      	bcc.n	40111c <prvCopyDataFromQueue+0x18>
			pxQueue->u.pcReadFrom = pxQueue->pcHead;
  401118:	6818      	ldr	r0, [r3, #0]
  40111a:	60d8      	str	r0, [r3, #12]
  40111c:	4608      	mov	r0, r1
		(void)memcpy((void *)pvBuffer,
  40111e:	68d9      	ldr	r1, [r3, #12]
  401120:	4b01      	ldr	r3, [pc, #4]	; (401128 <prvCopyDataFromQueue+0x24>)
  401122:	4798      	blx	r3
  401124:	bd10      	pop	{r4, pc}
  401126:	4770      	bx	lr
  401128:	004029e1 	.word	0x004029e1

0040112c <prvUnlockQueue>:
{
  40112c:	b538      	push	{r3, r4, r5, lr}
  40112e:	4605      	mov	r5, r0
	taskENTER_CRITICAL();
  401130:	4b1f      	ldr	r3, [pc, #124]	; (4011b0 <prvUnlockQueue+0x84>)
  401132:	4798      	blx	r3
		int8_t cTxLock = pxQueue->cTxLock;
  401134:	f895 4045 	ldrb.w	r4, [r5, #69]	; 0x45
  401138:	b264      	sxtb	r4, r4
		while (cTxLock > queueLOCKED_UNMODIFIED) {
  40113a:	e008      	b.n	40114e <prvUnlockQueue+0x22>
					if (listLIST_IS_EMPTY(&(pxQueue->xTasksWaitingToReceive)) == pdFALSE) {
  40113c:	6a6b      	ldr	r3, [r5, #36]	; 0x24
  40113e:	b1bb      	cbz	r3, 401170 <prvUnlockQueue+0x44>
						if (xTaskRemoveFromEventList(&(pxQueue->xTasksWaitingToReceive)) != pdFALSE) {
  401140:	f105 0024 	add.w	r0, r5, #36	; 0x24
  401144:	4b1b      	ldr	r3, [pc, #108]	; (4011b4 <prvUnlockQueue+0x88>)
  401146:	4798      	blx	r3
  401148:	b978      	cbnz	r0, 40116a <prvUnlockQueue+0x3e>
			--cTxLock;
  40114a:	3c01      	subs	r4, #1
  40114c:	b264      	sxtb	r4, r4
		while (cTxLock > queueLOCKED_UNMODIFIED) {
  40114e:	2c00      	cmp	r4, #0
  401150:	dd0e      	ble.n	401170 <prvUnlockQueue+0x44>
				if (pxQueue->pxQueueSetContainer != NULL) {
  401152:	6cab      	ldr	r3, [r5, #72]	; 0x48
  401154:	2b00      	cmp	r3, #0
  401156:	d0f1      	beq.n	40113c <prvUnlockQueue+0x10>
					if (prvNotifyQueueSetContainer(pxQueue, queueSEND_TO_BACK) != pdFALSE) {
  401158:	2100      	movs	r1, #0
  40115a:	4628      	mov	r0, r5
  40115c:	4b16      	ldr	r3, [pc, #88]	; (4011b8 <prvUnlockQueue+0x8c>)
  40115e:	4798      	blx	r3
  401160:	2800      	cmp	r0, #0
  401162:	d0f2      	beq.n	40114a <prvUnlockQueue+0x1e>
						vTaskMissedYield();
  401164:	4b15      	ldr	r3, [pc, #84]	; (4011bc <prvUnlockQueue+0x90>)
  401166:	4798      	blx	r3
  401168:	e7ef      	b.n	40114a <prvUnlockQueue+0x1e>
							vTaskMissedYield();
  40116a:	4b14      	ldr	r3, [pc, #80]	; (4011bc <prvUnlockQueue+0x90>)
  40116c:	4798      	blx	r3
  40116e:	e7ec      	b.n	40114a <prvUnlockQueue+0x1e>
		pxQueue->cTxLock = queueUNLOCKED;
  401170:	23ff      	movs	r3, #255	; 0xff
  401172:	f885 3045 	strb.w	r3, [r5, #69]	; 0x45
	taskEXIT_CRITICAL();
  401176:	4b12      	ldr	r3, [pc, #72]	; (4011c0 <prvUnlockQueue+0x94>)
  401178:	4798      	blx	r3
	taskENTER_CRITICAL();
  40117a:	4b0d      	ldr	r3, [pc, #52]	; (4011b0 <prvUnlockQueue+0x84>)
  40117c:	4798      	blx	r3
		int8_t cRxLock = pxQueue->cRxLock;
  40117e:	f895 4044 	ldrb.w	r4, [r5, #68]	; 0x44
  401182:	b264      	sxtb	r4, r4
		while (cRxLock > queueLOCKED_UNMODIFIED) {
  401184:	e001      	b.n	40118a <prvUnlockQueue+0x5e>
				--cRxLock;
  401186:	3c01      	subs	r4, #1
  401188:	b264      	sxtb	r4, r4
		while (cRxLock > queueLOCKED_UNMODIFIED) {
  40118a:	2c00      	cmp	r4, #0
  40118c:	dd0a      	ble.n	4011a4 <prvUnlockQueue+0x78>
			if (listLIST_IS_EMPTY(&(pxQueue->xTasksWaitingToSend)) == pdFALSE) {
  40118e:	692b      	ldr	r3, [r5, #16]
  401190:	b143      	cbz	r3, 4011a4 <prvUnlockQueue+0x78>
				if (xTaskRemoveFromEventList(&(pxQueue->xTasksWaitingToSend)) != pdFALSE) {
  401192:	f105 0010 	add.w	r0, r5, #16
  401196:	4b07      	ldr	r3, [pc, #28]	; (4011b4 <prvUnlockQueue+0x88>)
  401198:	4798      	blx	r3
  40119a:	2800      	cmp	r0, #0
  40119c:	d0f3      	beq.n	401186 <prvUnlockQueue+0x5a>
					vTaskMissedYield();
  40119e:	4b07      	ldr	r3, [pc, #28]	; (4011bc <prvUnlockQueue+0x90>)
  4011a0:	4798      	blx	r3
  4011a2:	e7f0      	b.n	401186 <prvUnlockQueue+0x5a>
		pxQueue->cRxLock = queueUNLOCKED;
  4011a4:	23ff      	movs	r3, #255	; 0xff
  4011a6:	f885 3044 	strb.w	r3, [r5, #68]	; 0x44
	taskEXIT_CRITICAL();
  4011aa:	4b05      	ldr	r3, [pc, #20]	; (4011c0 <prvUnlockQueue+0x94>)
  4011ac:	4798      	blx	r3
  4011ae:	bd38      	pop	{r3, r4, r5, pc}
  4011b0:	00400ca5 	.word	0x00400ca5
  4011b4:	00402185 	.word	0x00402185
  4011b8:	00401079 	.word	0x00401079
  4011bc:	004022c1 	.word	0x004022c1
  4011c0:	00400cf1 	.word	0x00400cf1

004011c4 <xQueueGenericReset>:
{
  4011c4:	b538      	push	{r3, r4, r5, lr}
	configASSERT(pxQueue);
  4011c6:	b330      	cbz	r0, 401216 <xQueueGenericReset+0x52>
  4011c8:	4604      	mov	r4, r0
  4011ca:	460d      	mov	r5, r1
	taskENTER_CRITICAL();
  4011cc:	4b1d      	ldr	r3, [pc, #116]	; (401244 <xQueueGenericReset+0x80>)
  4011ce:	4798      	blx	r3
		pxQueue->pcTail            = pxQueue->pcHead + (pxQueue->uxLength * pxQueue->uxItemSize);
  4011d0:	6821      	ldr	r1, [r4, #0]
  4011d2:	6be2      	ldr	r2, [r4, #60]	; 0x3c
  4011d4:	6c23      	ldr	r3, [r4, #64]	; 0x40
  4011d6:	fb03 1002 	mla	r0, r3, r2, r1
  4011da:	6060      	str	r0, [r4, #4]
		pxQueue->uxMessagesWaiting = (UBaseType_t)0U;
  4011dc:	2000      	movs	r0, #0
  4011de:	63a0      	str	r0, [r4, #56]	; 0x38
		pxQueue->pcWriteTo         = pxQueue->pcHead;
  4011e0:	60a1      	str	r1, [r4, #8]
		pxQueue->u.pcReadFrom      = pxQueue->pcHead + ((pxQueue->uxLength - (UBaseType_t)1U) * pxQueue->uxItemSize);
  4011e2:	3a01      	subs	r2, #1
  4011e4:	fb02 1303 	mla	r3, r2, r3, r1
  4011e8:	60e3      	str	r3, [r4, #12]
		pxQueue->cRxLock           = queueUNLOCKED;
  4011ea:	23ff      	movs	r3, #255	; 0xff
  4011ec:	f884 3044 	strb.w	r3, [r4, #68]	; 0x44
		pxQueue->cTxLock           = queueUNLOCKED;
  4011f0:	f884 3045 	strb.w	r3, [r4, #69]	; 0x45
		if (xNewQueue == pdFALSE) {
  4011f4:	b9d5      	cbnz	r5, 40122c <xQueueGenericReset+0x68>
			if (listLIST_IS_EMPTY(&(pxQueue->xTasksWaitingToSend)) == pdFALSE) {
  4011f6:	6923      	ldr	r3, [r4, #16]
  4011f8:	b1fb      	cbz	r3, 40123a <xQueueGenericReset+0x76>
				if (xTaskRemoveFromEventList(&(pxQueue->xTasksWaitingToSend)) != pdFALSE) {
  4011fa:	f104 0010 	add.w	r0, r4, #16
  4011fe:	4b12      	ldr	r3, [pc, #72]	; (401248 <xQueueGenericReset+0x84>)
  401200:	4798      	blx	r3
  401202:	b1d0      	cbz	r0, 40123a <xQueueGenericReset+0x76>
					queueYIELD_IF_USING_PREEMPTION();
  401204:	f04f 5280 	mov.w	r2, #268435456	; 0x10000000
  401208:	4b10      	ldr	r3, [pc, #64]	; (40124c <xQueueGenericReset+0x88>)
  40120a:	601a      	str	r2, [r3, #0]
  40120c:	f3bf 8f4f 	dsb	sy
  401210:	f3bf 8f6f 	isb	sy
  401214:	e011      	b.n	40123a <xQueueGenericReset+0x76>
  401216:	f04f 0380 	mov.w	r3, #128	; 0x80
  40121a:	b672      	cpsid	i
  40121c:	f383 8811 	msr	BASEPRI, r3
  401220:	f3bf 8f6f 	isb	sy
  401224:	f3bf 8f4f 	dsb	sy
  401228:	b662      	cpsie	i
  40122a:	e7fe      	b.n	40122a <xQueueGenericReset+0x66>
			vListInitialise(&(pxQueue->xTasksWaitingToSend));
  40122c:	f104 0010 	add.w	r0, r4, #16
  401230:	4d07      	ldr	r5, [pc, #28]	; (401250 <xQueueGenericReset+0x8c>)
  401232:	47a8      	blx	r5
			vListInitialise(&(pxQueue->xTasksWaitingToReceive));
  401234:	f104 0024 	add.w	r0, r4, #36	; 0x24
  401238:	47a8      	blx	r5
	taskEXIT_CRITICAL();
  40123a:	4b06      	ldr	r3, [pc, #24]	; (401254 <xQueueGenericReset+0x90>)
  40123c:	4798      	blx	r3
}
  40123e:	2001      	movs	r0, #1
  401240:	bd38      	pop	{r3, r4, r5, pc}
  401242:	bf00      	nop
  401244:	00400ca5 	.word	0x00400ca5
  401248:	00402185 	.word	0x00402185
  40124c:	e000ed04 	.word	0xe000ed04
  401250:	00400b3d 	.word	0x00400b3d
  401254:	00400cf1 	.word	0x00400cf1

00401258 <prvInitialiseNewQueue>:
{
  401258:	b538      	push	{r3, r4, r5, lr}
  40125a:	461d      	mov	r5, r3
  40125c:	9c04      	ldr	r4, [sp, #16]
	if (uxItemSize == (UBaseType_t)0) {
  40125e:	460b      	mov	r3, r1
  401260:	b159      	cbz	r1, 40127a <prvInitialiseNewQueue+0x22>
		pxNewQueue->pcHead = (int8_t *)pucQueueStorage;
  401262:	6022      	str	r2, [r4, #0]
	pxNewQueue->uxLength   = uxQueueLength;
  401264:	63e0      	str	r0, [r4, #60]	; 0x3c
	pxNewQueue->uxItemSize = uxItemSize;
  401266:	6423      	str	r3, [r4, #64]	; 0x40
	(void)xQueueGenericReset(pxNewQueue, pdTRUE);
  401268:	2101      	movs	r1, #1
  40126a:	4620      	mov	r0, r4
  40126c:	4b04      	ldr	r3, [pc, #16]	; (401280 <prvInitialiseNewQueue+0x28>)
  40126e:	4798      	blx	r3
		pxNewQueue->ucQueueType = ucQueueType;
  401270:	f884 5050 	strb.w	r5, [r4, #80]	; 0x50
		pxNewQueue->pxQueueSetContainer = NULL;
  401274:	2300      	movs	r3, #0
  401276:	64a3      	str	r3, [r4, #72]	; 0x48
  401278:	bd38      	pop	{r3, r4, r5, pc}
		pxNewQueue->pcHead = (int8_t *)pxNewQueue;
  40127a:	6024      	str	r4, [r4, #0]
  40127c:	e7f2      	b.n	401264 <prvInitialiseNewQueue+0xc>
  40127e:	bf00      	nop
  401280:	004011c5 	.word	0x004011c5

00401284 <xQueueGenericCreate>:
	configASSERT(uxQueueLength > (UBaseType_t)0);
  401284:	b950      	cbnz	r0, 40129c <xQueueGenericCreate+0x18>
  401286:	f04f 0380 	mov.w	r3, #128	; 0x80
  40128a:	b672      	cpsid	i
  40128c:	f383 8811 	msr	BASEPRI, r3
  401290:	f3bf 8f6f 	isb	sy
  401294:	f3bf 8f4f 	dsb	sy
  401298:	b662      	cpsie	i
  40129a:	e7fe      	b.n	40129a <xQueueGenericCreate+0x16>
{
  40129c:	b5f0      	push	{r4, r5, r6, r7, lr}
  40129e:	b083      	sub	sp, #12
  4012a0:	4605      	mov	r5, r0
	if (uxItemSize == (UBaseType_t)0) {
  4012a2:	b111      	cbz	r1, 4012aa <xQueueGenericCreate+0x26>
		xQueueSizeInBytes = (size_t)(
  4012a4:	fb01 f000 	mul.w	r0, r1, r0
  4012a8:	e000      	b.n	4012ac <xQueueGenericCreate+0x28>
		xQueueSizeInBytes = (size_t)0;
  4012aa:	2000      	movs	r0, #0
  4012ac:	4617      	mov	r7, r2
  4012ae:	460c      	mov	r4, r1
	pxNewQueue = (Queue_t *)pvPortMalloc(sizeof(Queue_t) + xQueueSizeInBytes);
  4012b0:	3054      	adds	r0, #84	; 0x54
  4012b2:	4b07      	ldr	r3, [pc, #28]	; (4012d0 <xQueueGenericCreate+0x4c>)
  4012b4:	4798      	blx	r3
	if (pxNewQueue != NULL) {
  4012b6:	4606      	mov	r6, r0
  4012b8:	b138      	cbz	r0, 4012ca <xQueueGenericCreate+0x46>
		prvInitialiseNewQueue(uxQueueLength, uxItemSize, pucQueueStorage, ucQueueType, pxNewQueue);
  4012ba:	9000      	str	r0, [sp, #0]
  4012bc:	463b      	mov	r3, r7
  4012be:	f100 0254 	add.w	r2, r0, #84	; 0x54
  4012c2:	4621      	mov	r1, r4
  4012c4:	4628      	mov	r0, r5
  4012c6:	4c03      	ldr	r4, [pc, #12]	; (4012d4 <xQueueGenericCreate+0x50>)
  4012c8:	47a0      	blx	r4
}
  4012ca:	4630      	mov	r0, r6
  4012cc:	b003      	add	sp, #12
  4012ce:	bdf0      	pop	{r4, r5, r6, r7, pc}
  4012d0:	00400f1d 	.word	0x00400f1d
  4012d4:	00401259 	.word	0x00401259

004012d8 <xQueueGenericSend>:
{
  4012d8:	b5f0      	push	{r4, r5, r6, r7, lr}
  4012da:	b085      	sub	sp, #20
  4012dc:	9201      	str	r2, [sp, #4]
	configASSERT(pxQueue);
  4012de:	b170      	cbz	r0, 4012fe <xQueueGenericSend+0x26>
  4012e0:	4604      	mov	r4, r0
	configASSERT(!((pvItemToQueue == NULL) && (pxQueue->uxItemSize != (UBaseType_t)0U)));
  4012e2:	b1b9      	cbz	r1, 401314 <xQueueGenericSend+0x3c>
  4012e4:	2501      	movs	r5, #1
  4012e6:	b9dd      	cbnz	r5, 401320 <xQueueGenericSend+0x48>
  4012e8:	f04f 0380 	mov.w	r3, #128	; 0x80
  4012ec:	b672      	cpsid	i
  4012ee:	f383 8811 	msr	BASEPRI, r3
  4012f2:	f3bf 8f6f 	isb	sy
  4012f6:	f3bf 8f4f 	dsb	sy
  4012fa:	b662      	cpsie	i
  4012fc:	e7fe      	b.n	4012fc <xQueueGenericSend+0x24>
  4012fe:	f04f 0380 	mov.w	r3, #128	; 0x80
  401302:	b672      	cpsid	i
  401304:	f383 8811 	msr	BASEPRI, r3
  401308:	f3bf 8f6f 	isb	sy
  40130c:	f3bf 8f4f 	dsb	sy
  401310:	b662      	cpsie	i
  401312:	e7fe      	b.n	401312 <xQueueGenericSend+0x3a>
  401314:	6c02      	ldr	r2, [r0, #64]	; 0x40
  401316:	b90a      	cbnz	r2, 40131c <xQueueGenericSend+0x44>
  401318:	2501      	movs	r5, #1
  40131a:	e7e4      	b.n	4012e6 <xQueueGenericSend+0xe>
  40131c:	2500      	movs	r5, #0
  40131e:	e7e2      	b.n	4012e6 <xQueueGenericSend+0xe>
	configASSERT(!((xCopyPosition == queueOVERWRITE) && (pxQueue->uxLength != 1)));
  401320:	2b02      	cmp	r3, #2
  401322:	d00b      	beq.n	40133c <xQueueGenericSend+0x64>
  401324:	b97d      	cbnz	r5, 401346 <xQueueGenericSend+0x6e>
  401326:	f04f 0380 	mov.w	r3, #128	; 0x80
  40132a:	b672      	cpsid	i
  40132c:	f383 8811 	msr	BASEPRI, r3
  401330:	f3bf 8f6f 	isb	sy
  401334:	f3bf 8f4f 	dsb	sy
  401338:	b662      	cpsie	i
  40133a:	e7fe      	b.n	40133a <xQueueGenericSend+0x62>
  40133c:	6be2      	ldr	r2, [r4, #60]	; 0x3c
  40133e:	2a01      	cmp	r2, #1
  401340:	d0f0      	beq.n	401324 <xQueueGenericSend+0x4c>
  401342:	2500      	movs	r5, #0
  401344:	e7ee      	b.n	401324 <xQueueGenericSend+0x4c>
  401346:	461e      	mov	r6, r3
  401348:	460f      	mov	r7, r1
		configASSERT(!((xTaskGetSchedulerState() == taskSCHEDULER_SUSPENDED) && (xTicksToWait != 0)));
  40134a:	4b51      	ldr	r3, [pc, #324]	; (401490 <xQueueGenericSend+0x1b8>)
  40134c:	4798      	blx	r3
  40134e:	b910      	cbnz	r0, 401356 <xQueueGenericSend+0x7e>
  401350:	9b01      	ldr	r3, [sp, #4]
  401352:	b103      	cbz	r3, 401356 <xQueueGenericSend+0x7e>
  401354:	2500      	movs	r5, #0
  401356:	b955      	cbnz	r5, 40136e <xQueueGenericSend+0x96>
  401358:	f04f 0380 	mov.w	r3, #128	; 0x80
  40135c:	b672      	cpsid	i
  40135e:	f383 8811 	msr	BASEPRI, r3
  401362:	f3bf 8f6f 	isb	sy
  401366:	f3bf 8f4f 	dsb	sy
  40136a:	b662      	cpsie	i
  40136c:	e7fe      	b.n	40136c <xQueueGenericSend+0x94>
  40136e:	2500      	movs	r5, #0
  401370:	e03d      	b.n	4013ee <xQueueGenericSend+0x116>
				xYieldRequired = prvCopyDataToQueue(pxQueue, pvItemToQueue, xCopyPosition);
  401372:	4632      	mov	r2, r6
  401374:	4639      	mov	r1, r7
  401376:	4620      	mov	r0, r4
  401378:	4b46      	ldr	r3, [pc, #280]	; (401494 <xQueueGenericSend+0x1bc>)
  40137a:	4798      	blx	r3
					if (pxQueue->pxQueueSetContainer != NULL) {
  40137c:	6ca3      	ldr	r3, [r4, #72]	; 0x48
  40137e:	b18b      	cbz	r3, 4013a4 <xQueueGenericSend+0xcc>
						if (prvNotifyQueueSetContainer(pxQueue, xCopyPosition) != pdFALSE) {
  401380:	4631      	mov	r1, r6
  401382:	4620      	mov	r0, r4
  401384:	4b44      	ldr	r3, [pc, #272]	; (401498 <xQueueGenericSend+0x1c0>)
  401386:	4798      	blx	r3
  401388:	b138      	cbz	r0, 40139a <xQueueGenericSend+0xc2>
							queueYIELD_IF_USING_PREEMPTION();
  40138a:	f04f 5280 	mov.w	r2, #268435456	; 0x10000000
  40138e:	4b43      	ldr	r3, [pc, #268]	; (40149c <xQueueGenericSend+0x1c4>)
  401390:	601a      	str	r2, [r3, #0]
  401392:	f3bf 8f4f 	dsb	sy
  401396:	f3bf 8f6f 	isb	sy
				taskEXIT_CRITICAL();
  40139a:	4b41      	ldr	r3, [pc, #260]	; (4014a0 <xQueueGenericSend+0x1c8>)
  40139c:	4798      	blx	r3
				return pdPASS;
  40139e:	2001      	movs	r0, #1
}
  4013a0:	b005      	add	sp, #20
  4013a2:	bdf0      	pop	{r4, r5, r6, r7, pc}
						if (listLIST_IS_EMPTY(&(pxQueue->xTasksWaitingToReceive)) == pdFALSE) {
  4013a4:	6a63      	ldr	r3, [r4, #36]	; 0x24
  4013a6:	b173      	cbz	r3, 4013c6 <xQueueGenericSend+0xee>
							if (xTaskRemoveFromEventList(&(pxQueue->xTasksWaitingToReceive)) != pdFALSE) {
  4013a8:	f104 0024 	add.w	r0, r4, #36	; 0x24
  4013ac:	4b3d      	ldr	r3, [pc, #244]	; (4014a4 <xQueueGenericSend+0x1cc>)
  4013ae:	4798      	blx	r3
  4013b0:	2800      	cmp	r0, #0
  4013b2:	d0f2      	beq.n	40139a <xQueueGenericSend+0xc2>
								queueYIELD_IF_USING_PREEMPTION();
  4013b4:	f04f 5280 	mov.w	r2, #268435456	; 0x10000000
  4013b8:	4b38      	ldr	r3, [pc, #224]	; (40149c <xQueueGenericSend+0x1c4>)
  4013ba:	601a      	str	r2, [r3, #0]
  4013bc:	f3bf 8f4f 	dsb	sy
  4013c0:	f3bf 8f6f 	isb	sy
  4013c4:	e7e9      	b.n	40139a <xQueueGenericSend+0xc2>
						} else if (xYieldRequired != pdFALSE) {
  4013c6:	2800      	cmp	r0, #0
  4013c8:	d0e7      	beq.n	40139a <xQueueGenericSend+0xc2>
							queueYIELD_IF_USING_PREEMPTION();
  4013ca:	f04f 5280 	mov.w	r2, #268435456	; 0x10000000
  4013ce:	4b33      	ldr	r3, [pc, #204]	; (40149c <xQueueGenericSend+0x1c4>)
  4013d0:	601a      	str	r2, [r3, #0]
  4013d2:	f3bf 8f4f 	dsb	sy
  4013d6:	f3bf 8f6f 	isb	sy
  4013da:	e7de      	b.n	40139a <xQueueGenericSend+0xc2>
					taskEXIT_CRITICAL();
  4013dc:	4b30      	ldr	r3, [pc, #192]	; (4014a0 <xQueueGenericSend+0x1c8>)
  4013de:	4798      	blx	r3
					return errQUEUE_FULL;
  4013e0:	2000      	movs	r0, #0
  4013e2:	e7dd      	b.n	4013a0 <xQueueGenericSend+0xc8>
				prvUnlockQueue(pxQueue);
  4013e4:	4620      	mov	r0, r4
  4013e6:	4b30      	ldr	r3, [pc, #192]	; (4014a8 <xQueueGenericSend+0x1d0>)
  4013e8:	4798      	blx	r3
				(void)xTaskResumeAll();
  4013ea:	4b30      	ldr	r3, [pc, #192]	; (4014ac <xQueueGenericSend+0x1d4>)
  4013ec:	4798      	blx	r3
		taskENTER_CRITICAL();
  4013ee:	4b30      	ldr	r3, [pc, #192]	; (4014b0 <xQueueGenericSend+0x1d8>)
  4013f0:	4798      	blx	r3
			if ((pxQueue->uxMessagesWaiting < pxQueue->uxLength) || (xCopyPosition == queueOVERWRITE)) {
  4013f2:	6ba2      	ldr	r2, [r4, #56]	; 0x38
  4013f4:	6be3      	ldr	r3, [r4, #60]	; 0x3c
  4013f6:	429a      	cmp	r2, r3
  4013f8:	d3bb      	bcc.n	401372 <xQueueGenericSend+0x9a>
  4013fa:	2e02      	cmp	r6, #2
  4013fc:	d0b9      	beq.n	401372 <xQueueGenericSend+0x9a>
				if (xTicksToWait == (TickType_t)0) {
  4013fe:	9b01      	ldr	r3, [sp, #4]
  401400:	2b00      	cmp	r3, #0
  401402:	d0eb      	beq.n	4013dc <xQueueGenericSend+0x104>
				} else if (xEntryTimeSet == pdFALSE) {
  401404:	b91d      	cbnz	r5, 40140e <xQueueGenericSend+0x136>
					vTaskInternalSetTimeOutState(&xTimeOut);
  401406:	a802      	add	r0, sp, #8
  401408:	4b2a      	ldr	r3, [pc, #168]	; (4014b4 <xQueueGenericSend+0x1dc>)
  40140a:	4798      	blx	r3
					xEntryTimeSet = pdTRUE;
  40140c:	2501      	movs	r5, #1
		taskEXIT_CRITICAL();
  40140e:	4b24      	ldr	r3, [pc, #144]	; (4014a0 <xQueueGenericSend+0x1c8>)
  401410:	4798      	blx	r3
		vTaskSuspendAll();
  401412:	4b29      	ldr	r3, [pc, #164]	; (4014b8 <xQueueGenericSend+0x1e0>)
  401414:	4798      	blx	r3
		prvLockQueue(pxQueue);
  401416:	4b26      	ldr	r3, [pc, #152]	; (4014b0 <xQueueGenericSend+0x1d8>)
  401418:	4798      	blx	r3
  40141a:	f894 3044 	ldrb.w	r3, [r4, #68]	; 0x44
  40141e:	b25b      	sxtb	r3, r3
  401420:	f1b3 3fff 	cmp.w	r3, #4294967295
  401424:	d102      	bne.n	40142c <xQueueGenericSend+0x154>
  401426:	2300      	movs	r3, #0
  401428:	f884 3044 	strb.w	r3, [r4, #68]	; 0x44
  40142c:	f894 3045 	ldrb.w	r3, [r4, #69]	; 0x45
  401430:	b25b      	sxtb	r3, r3
  401432:	f1b3 3fff 	cmp.w	r3, #4294967295
  401436:	d102      	bne.n	40143e <xQueueGenericSend+0x166>
  401438:	2300      	movs	r3, #0
  40143a:	f884 3045 	strb.w	r3, [r4, #69]	; 0x45
  40143e:	4b18      	ldr	r3, [pc, #96]	; (4014a0 <xQueueGenericSend+0x1c8>)
  401440:	4798      	blx	r3
		if (xTaskCheckForTimeOut(&xTimeOut, &xTicksToWait) == pdFALSE) {
  401442:	a901      	add	r1, sp, #4
  401444:	a802      	add	r0, sp, #8
  401446:	4b1d      	ldr	r3, [pc, #116]	; (4014bc <xQueueGenericSend+0x1e4>)
  401448:	4798      	blx	r3
  40144a:	b9c8      	cbnz	r0, 401480 <xQueueGenericSend+0x1a8>
			if (prvIsQueueFull(pxQueue) != pdFALSE) {
  40144c:	4620      	mov	r0, r4
  40144e:	4b1c      	ldr	r3, [pc, #112]	; (4014c0 <xQueueGenericSend+0x1e8>)
  401450:	4798      	blx	r3
  401452:	2800      	cmp	r0, #0
  401454:	d0c6      	beq.n	4013e4 <xQueueGenericSend+0x10c>
				vTaskPlaceOnEventList(&(pxQueue->xTasksWaitingToSend), xTicksToWait);
  401456:	9901      	ldr	r1, [sp, #4]
  401458:	f104 0010 	add.w	r0, r4, #16
  40145c:	4b19      	ldr	r3, [pc, #100]	; (4014c4 <xQueueGenericSend+0x1ec>)
  40145e:	4798      	blx	r3
				prvUnlockQueue(pxQueue);
  401460:	4620      	mov	r0, r4
  401462:	4b11      	ldr	r3, [pc, #68]	; (4014a8 <xQueueGenericSend+0x1d0>)
  401464:	4798      	blx	r3
				if (xTaskResumeAll() == pdFALSE) {
  401466:	4b11      	ldr	r3, [pc, #68]	; (4014ac <xQueueGenericSend+0x1d4>)
  401468:	4798      	blx	r3
  40146a:	2800      	cmp	r0, #0
  40146c:	d1bf      	bne.n	4013ee <xQueueGenericSend+0x116>
					portYIELD_WITHIN_API();
  40146e:	f04f 5280 	mov.w	r2, #268435456	; 0x10000000
  401472:	4b0a      	ldr	r3, [pc, #40]	; (40149c <xQueueGenericSend+0x1c4>)
  401474:	601a      	str	r2, [r3, #0]
  401476:	f3bf 8f4f 	dsb	sy
  40147a:	f3bf 8f6f 	isb	sy
  40147e:	e7b6      	b.n	4013ee <xQueueGenericSend+0x116>
			prvUnlockQueue(pxQueue);
  401480:	4620      	mov	r0, r4
  401482:	4b09      	ldr	r3, [pc, #36]	; (4014a8 <xQueueGenericSend+0x1d0>)
  401484:	4798      	blx	r3
			(void)xTaskResumeAll();
  401486:	4b09      	ldr	r3, [pc, #36]	; (4014ac <xQueueGenericSend+0x1d4>)
  401488:	4798      	blx	r3
			return errQUEUE_FULL;
  40148a:	2000      	movs	r0, #0
  40148c:	e788      	b.n	4013a0 <xQueueGenericSend+0xc8>
  40148e:	bf00      	nop
  401490:	004022d1 	.word	0x004022d1
  401494:	00400ff9 	.word	0x00400ff9
  401498:	00401079 	.word	0x00401079
  40149c:	e000ed04 	.word	0xe000ed04
  4014a0:	00400cf1 	.word	0x00400cf1
  4014a4:	00402185 	.word	0x00402185
  4014a8:	0040112d 	.word	0x0040112d
  4014ac:	00401ef9 	.word	0x00401ef9
  4014b0:	00400ca5 	.word	0x00400ca5
  4014b4:	00402219 	.word	0x00402219
  4014b8:	00401da1 	.word	0x00401da1
  4014bc:	0040222d 	.word	0x0040222d
  4014c0:	00400fad 	.word	0x00400fad
  4014c4:	004020fd 	.word	0x004020fd

004014c8 <prvInitialiseMutex>:
	if (pxNewQueue != NULL) {
  4014c8:	b148      	cbz	r0, 4014de <prvInitialiseMutex+0x16>
{
  4014ca:	b510      	push	{r4, lr}
		pxNewQueue->pxMutexHolder = NULL;
  4014cc:	2100      	movs	r1, #0
  4014ce:	6041      	str	r1, [r0, #4]
		pxNewQueue->uxQueueType   = queueQUEUE_IS_MUTEX;
  4014d0:	6001      	str	r1, [r0, #0]
		pxNewQueue->u.uxRecursiveCallCount = 0;
  4014d2:	60c1      	str	r1, [r0, #12]
		(void)xQueueGenericSend(pxNewQueue, NULL, (TickType_t)0U, queueSEND_TO_BACK);
  4014d4:	460b      	mov	r3, r1
  4014d6:	460a      	mov	r2, r1
  4014d8:	4c01      	ldr	r4, [pc, #4]	; (4014e0 <prvInitialiseMutex+0x18>)
  4014da:	47a0      	blx	r4
  4014dc:	bd10      	pop	{r4, pc}
  4014de:	4770      	bx	lr
  4014e0:	004012d9 	.word	0x004012d9

004014e4 <xQueueCreateMutex>:
{
  4014e4:	b510      	push	{r4, lr}
	pxNewQueue = (Queue_t *)xQueueGenericCreate(uxMutexLength, uxMutexSize, ucQueueType);
  4014e6:	4602      	mov	r2, r0
  4014e8:	2100      	movs	r1, #0
  4014ea:	2001      	movs	r0, #1
  4014ec:	4b03      	ldr	r3, [pc, #12]	; (4014fc <xQueueCreateMutex+0x18>)
  4014ee:	4798      	blx	r3
  4014f0:	4604      	mov	r4, r0
	prvInitialiseMutex(pxNewQueue);
  4014f2:	4b03      	ldr	r3, [pc, #12]	; (401500 <xQueueCreateMutex+0x1c>)
  4014f4:	4798      	blx	r3
}
  4014f6:	4620      	mov	r0, r4
  4014f8:	bd10      	pop	{r4, pc}
  4014fa:	bf00      	nop
  4014fc:	00401285 	.word	0x00401285
  401500:	004014c9 	.word	0x004014c9

00401504 <xQueueGenericSendFromISR>:
{
  401504:	e92d 43f8 	stmdb	sp!, {r3, r4, r5, r6, r7, r8, r9, lr}
	configASSERT(pxQueue);
  401508:	b170      	cbz	r0, 401528 <xQueueGenericSendFromISR+0x24>
  40150a:	4604      	mov	r4, r0
	configASSERT(!((pvItemToQueue == NULL) && (pxQueue->uxItemSize != (UBaseType_t)0U)));
  40150c:	b1b9      	cbz	r1, 40153e <xQueueGenericSendFromISR+0x3a>
  40150e:	2001      	movs	r0, #1
  401510:	b9d8      	cbnz	r0, 40154a <xQueueGenericSendFromISR+0x46>
  401512:	f04f 0380 	mov.w	r3, #128	; 0x80
  401516:	b672      	cpsid	i
  401518:	f383 8811 	msr	BASEPRI, r3
  40151c:	f3bf 8f6f 	isb	sy
  401520:	f3bf 8f4f 	dsb	sy
  401524:	b662      	cpsie	i
  401526:	e7fe      	b.n	401526 <xQueueGenericSendFromISR+0x22>
  401528:	f04f 0380 	mov.w	r3, #128	; 0x80
  40152c:	b672      	cpsid	i
  40152e:	f383 8811 	msr	BASEPRI, r3
  401532:	f3bf 8f6f 	isb	sy
  401536:	f3bf 8f4f 	dsb	sy
  40153a:	b662      	cpsie	i
  40153c:	e7fe      	b.n	40153c <xQueueGenericSendFromISR+0x38>
  40153e:	6c00      	ldr	r0, [r0, #64]	; 0x40
  401540:	b908      	cbnz	r0, 401546 <xQueueGenericSendFromISR+0x42>
  401542:	2001      	movs	r0, #1
  401544:	e7e4      	b.n	401510 <xQueueGenericSendFromISR+0xc>
  401546:	2000      	movs	r0, #0
  401548:	e7e2      	b.n	401510 <xQueueGenericSendFromISR+0xc>
	configASSERT(!((xCopyPosition == queueOVERWRITE) && (pxQueue->uxLength != 1)));
  40154a:	2b02      	cmp	r3, #2
  40154c:	d00b      	beq.n	401566 <xQueueGenericSendFromISR+0x62>
  40154e:	b978      	cbnz	r0, 401570 <xQueueGenericSendFromISR+0x6c>
  401550:	f04f 0380 	mov.w	r3, #128	; 0x80
  401554:	b672      	cpsid	i
  401556:	f383 8811 	msr	BASEPRI, r3
  40155a:	f3bf 8f6f 	isb	sy
  40155e:	f3bf 8f4f 	dsb	sy
  401562:	b662      	cpsie	i
  401564:	e7fe      	b.n	401564 <xQueueGenericSendFromISR+0x60>
  401566:	6be5      	ldr	r5, [r4, #60]	; 0x3c
  401568:	2d01      	cmp	r5, #1
  40156a:	d0f0      	beq.n	40154e <xQueueGenericSendFromISR+0x4a>
  40156c:	2000      	movs	r0, #0
  40156e:	e7ee      	b.n	40154e <xQueueGenericSendFromISR+0x4a>
  401570:	461f      	mov	r7, r3
  401572:	4690      	mov	r8, r2
  401574:	4689      	mov	r9, r1
	portASSERT_IF_INTERRUPT_PRIORITY_INVALID();
  401576:	4b28      	ldr	r3, [pc, #160]	; (401618 <xQueueGenericSendFromISR+0x114>)
  401578:	4798      	blx	r3
	__asm volatile("	mrs %0, basepri											\n"
  40157a:	f3ef 8611 	mrs	r6, BASEPRI
  40157e:	f04f 0380 	mov.w	r3, #128	; 0x80
  401582:	b672      	cpsid	i
  401584:	f383 8811 	msr	BASEPRI, r3
  401588:	f3bf 8f6f 	isb	sy
  40158c:	f3bf 8f4f 	dsb	sy
  401590:	b662      	cpsie	i
		if ((pxQueue->uxMessagesWaiting < pxQueue->uxLength) || (xCopyPosition == queueOVERWRITE)) {
  401592:	6ba2      	ldr	r2, [r4, #56]	; 0x38
  401594:	6be3      	ldr	r3, [r4, #60]	; 0x3c
  401596:	429a      	cmp	r2, r3
  401598:	d301      	bcc.n	40159e <xQueueGenericSendFromISR+0x9a>
  40159a:	2f02      	cmp	r7, #2
  40159c:	d12f      	bne.n	4015fe <xQueueGenericSendFromISR+0xfa>
			const int8_t cTxLock = pxQueue->cTxLock;
  40159e:	f894 5045 	ldrb.w	r5, [r4, #69]	; 0x45
  4015a2:	b26d      	sxtb	r5, r5
			(void)prvCopyDataToQueue(pxQueue, pvItemToQueue, xCopyPosition);
  4015a4:	463a      	mov	r2, r7
  4015a6:	4649      	mov	r1, r9
  4015a8:	4620      	mov	r0, r4
  4015aa:	4b1c      	ldr	r3, [pc, #112]	; (40161c <xQueueGenericSendFromISR+0x118>)
  4015ac:	4798      	blx	r3
			if (cTxLock == queueUNLOCKED) {
  4015ae:	f1b5 3fff 	cmp.w	r5, #4294967295
  4015b2:	d11e      	bne.n	4015f2 <xQueueGenericSendFromISR+0xee>
					if (pxQueue->pxQueueSetContainer != NULL) {
  4015b4:	6ca3      	ldr	r3, [r4, #72]	; 0x48
  4015b6:	b173      	cbz	r3, 4015d6 <xQueueGenericSendFromISR+0xd2>
						if (prvNotifyQueueSetContainer(pxQueue, xCopyPosition) != pdFALSE) {
  4015b8:	4639      	mov	r1, r7
  4015ba:	4620      	mov	r0, r4
  4015bc:	4b18      	ldr	r3, [pc, #96]	; (401620 <xQueueGenericSendFromISR+0x11c>)
  4015be:	4798      	blx	r3
  4015c0:	b1f8      	cbz	r0, 401602 <xQueueGenericSendFromISR+0xfe>
							if (pxHigherPriorityTaskWoken != NULL) {
  4015c2:	f1b8 0f00 	cmp.w	r8, #0
  4015c6:	d01e      	beq.n	401606 <xQueueGenericSendFromISR+0x102>
								*pxHigherPriorityTaskWoken = pdTRUE;
  4015c8:	2001      	movs	r0, #1
  4015ca:	f8c8 0000 	str.w	r0, [r8]
	__asm volatile("	msr basepri, %0	" ::"r"(ulNewMaskValue) : "memory");
  4015ce:	f386 8811 	msr	BASEPRI, r6
}
  4015d2:	e8bd 83f8 	ldmia.w	sp!, {r3, r4, r5, r6, r7, r8, r9, pc}
						if (listLIST_IS_EMPTY(&(pxQueue->xTasksWaitingToReceive)) == pdFALSE) {
  4015d6:	6a63      	ldr	r3, [r4, #36]	; 0x24
  4015d8:	b1bb      	cbz	r3, 40160a <xQueueGenericSendFromISR+0x106>
							if (xTaskRemoveFromEventList(&(pxQueue->xTasksWaitingToReceive)) != pdFALSE) {
  4015da:	f104 0024 	add.w	r0, r4, #36	; 0x24
  4015de:	4b11      	ldr	r3, [pc, #68]	; (401624 <xQueueGenericSendFromISR+0x120>)
  4015e0:	4798      	blx	r3
  4015e2:	b1a0      	cbz	r0, 40160e <xQueueGenericSendFromISR+0x10a>
								if (pxHigherPriorityTaskWoken != NULL) {
  4015e4:	f1b8 0f00 	cmp.w	r8, #0
  4015e8:	d013      	beq.n	401612 <xQueueGenericSendFromISR+0x10e>
									*pxHigherPriorityTaskWoken = pdTRUE;
  4015ea:	2001      	movs	r0, #1
  4015ec:	f8c8 0000 	str.w	r0, [r8]
  4015f0:	e7ed      	b.n	4015ce <xQueueGenericSendFromISR+0xca>
				pxQueue->cTxLock = (int8_t)(cTxLock + 1);
  4015f2:	1c6b      	adds	r3, r5, #1
  4015f4:	b25b      	sxtb	r3, r3
  4015f6:	f884 3045 	strb.w	r3, [r4, #69]	; 0x45
			xReturn = pdPASS;
  4015fa:	2001      	movs	r0, #1
  4015fc:	e7e7      	b.n	4015ce <xQueueGenericSendFromISR+0xca>
			xReturn = errQUEUE_FULL;
  4015fe:	2000      	movs	r0, #0
  401600:	e7e5      	b.n	4015ce <xQueueGenericSendFromISR+0xca>
			xReturn = pdPASS;
  401602:	2001      	movs	r0, #1
  401604:	e7e3      	b.n	4015ce <xQueueGenericSendFromISR+0xca>
  401606:	2001      	movs	r0, #1
  401608:	e7e1      	b.n	4015ce <xQueueGenericSendFromISR+0xca>
  40160a:	2001      	movs	r0, #1
  40160c:	e7df      	b.n	4015ce <xQueueGenericSendFromISR+0xca>
  40160e:	2001      	movs	r0, #1
  401610:	e7dd      	b.n	4015ce <xQueueGenericSendFromISR+0xca>
  401612:	2001      	movs	r0, #1
  401614:	e7db      	b.n	4015ce <xQueueGenericSendFromISR+0xca>
  401616:	bf00      	nop
  401618:	00400ebd 	.word	0x00400ebd
  40161c:	00400ff9 	.word	0x00400ff9
  401620:	00401079 	.word	0x00401079
  401624:	00402185 	.word	0x00402185

00401628 <xQueueReceive>:
{
  401628:	b5f0      	push	{r4, r5, r6, r7, lr}
  40162a:	b085      	sub	sp, #20
  40162c:	9201      	str	r2, [sp, #4]
	configASSERT((pxQueue));
  40162e:	b170      	cbz	r0, 40164e <xQueueReceive+0x26>
  401630:	4604      	mov	r4, r0
	configASSERT(!(((pvBuffer) == NULL) && ((pxQueue)->uxItemSize != (UBaseType_t)0U)));
  401632:	b1b9      	cbz	r1, 401664 <xQueueReceive+0x3c>
  401634:	2501      	movs	r5, #1
  401636:	b9dd      	cbnz	r5, 401670 <xQueueReceive+0x48>
	__asm volatile("	mov %0, %1												\n"
  401638:	f04f 0380 	mov.w	r3, #128	; 0x80
  40163c:	b672      	cpsid	i
  40163e:	f383 8811 	msr	BASEPRI, r3
  401642:	f3bf 8f6f 	isb	sy
  401646:	f3bf 8f4f 	dsb	sy
  40164a:	b662      	cpsie	i
  40164c:	e7fe      	b.n	40164c <xQueueReceive+0x24>
  40164e:	f04f 0380 	mov.w	r3, #128	; 0x80
  401652:	b672      	cpsid	i
  401654:	f383 8811 	msr	BASEPRI, r3
  401658:	f3bf 8f6f 	isb	sy
  40165c:	f3bf 8f4f 	dsb	sy
  401660:	b662      	cpsie	i
  401662:	e7fe      	b.n	401662 <xQueueReceive+0x3a>
  401664:	6c03      	ldr	r3, [r0, #64]	; 0x40
  401666:	b90b      	cbnz	r3, 40166c <xQueueReceive+0x44>
  401668:	2501      	movs	r5, #1
  40166a:	e7e4      	b.n	401636 <xQueueReceive+0xe>
  40166c:	2500      	movs	r5, #0
  40166e:	e7e2      	b.n	401636 <xQueueReceive+0xe>
  401670:	460e      	mov	r6, r1
		configASSERT(!((xTaskGetSchedulerState() == taskSCHEDULER_SUSPENDED) && (xTicksToWait != 0)));
  401672:	4b46      	ldr	r3, [pc, #280]	; (40178c <xQueueReceive+0x164>)
  401674:	4798      	blx	r3
  401676:	b910      	cbnz	r0, 40167e <xQueueReceive+0x56>
  401678:	9b01      	ldr	r3, [sp, #4]
  40167a:	b103      	cbz	r3, 40167e <xQueueReceive+0x56>
  40167c:	2500      	movs	r5, #0
  40167e:	b955      	cbnz	r5, 401696 <xQueueReceive+0x6e>
  401680:	f04f 0380 	mov.w	r3, #128	; 0x80
  401684:	b672      	cpsid	i
  401686:	f383 8811 	msr	BASEPRI, r3
  40168a:	f3bf 8f6f 	isb	sy
  40168e:	f3bf 8f4f 	dsb	sy
  401692:	b662      	cpsie	i
  401694:	e7fe      	b.n	401694 <xQueueReceive+0x6c>
  401696:	2700      	movs	r7, #0
  401698:	e02f      	b.n	4016fa <xQueueReceive+0xd2>
				prvCopyDataFromQueue(pxQueue, pvBuffer);
  40169a:	4631      	mov	r1, r6
  40169c:	4620      	mov	r0, r4
  40169e:	4b3c      	ldr	r3, [pc, #240]	; (401790 <xQueueReceive+0x168>)
  4016a0:	4798      	blx	r3
				pxQueue->uxMessagesWaiting = uxMessagesWaiting - (UBaseType_t)1;
  4016a2:	3d01      	subs	r5, #1
  4016a4:	63a5      	str	r5, [r4, #56]	; 0x38
				if (listLIST_IS_EMPTY(&(pxQueue->xTasksWaitingToSend)) == pdFALSE) {
  4016a6:	6923      	ldr	r3, [r4, #16]
  4016a8:	b163      	cbz	r3, 4016c4 <xQueueReceive+0x9c>
					if (xTaskRemoveFromEventList(&(pxQueue->xTasksWaitingToSend)) != pdFALSE) {
  4016aa:	f104 0010 	add.w	r0, r4, #16
  4016ae:	4b39      	ldr	r3, [pc, #228]	; (401794 <xQueueReceive+0x16c>)
  4016b0:	4798      	blx	r3
  4016b2:	b138      	cbz	r0, 4016c4 <xQueueReceive+0x9c>
						queueYIELD_IF_USING_PREEMPTION();
  4016b4:	f04f 5280 	mov.w	r2, #268435456	; 0x10000000
  4016b8:	4b37      	ldr	r3, [pc, #220]	; (401798 <xQueueReceive+0x170>)
  4016ba:	601a      	str	r2, [r3, #0]
  4016bc:	f3bf 8f4f 	dsb	sy
  4016c0:	f3bf 8f6f 	isb	sy
				taskEXIT_CRITICAL();
  4016c4:	4b35      	ldr	r3, [pc, #212]	; (40179c <xQueueReceive+0x174>)
  4016c6:	4798      	blx	r3
				return pdPASS;
  4016c8:	2001      	movs	r0, #1
}
  4016ca:	b005      	add	sp, #20
  4016cc:	bdf0      	pop	{r4, r5, r6, r7, pc}
					taskEXIT_CRITICAL();
  4016ce:	4b33      	ldr	r3, [pc, #204]	; (40179c <xQueueReceive+0x174>)
  4016d0:	4798      	blx	r3
					return errQUEUE_EMPTY;
  4016d2:	2000      	movs	r0, #0
  4016d4:	e7f9      	b.n	4016ca <xQueueReceive+0xa2>
					vTaskInternalSetTimeOutState(&xTimeOut);
  4016d6:	a802      	add	r0, sp, #8
  4016d8:	4b31      	ldr	r3, [pc, #196]	; (4017a0 <xQueueReceive+0x178>)
  4016da:	4798      	blx	r3
					xEntryTimeSet = pdTRUE;
  4016dc:	2701      	movs	r7, #1
  4016de:	e016      	b.n	40170e <xQueueReceive+0xe6>
		prvLockQueue(pxQueue);
  4016e0:	2300      	movs	r3, #0
  4016e2:	f884 3044 	strb.w	r3, [r4, #68]	; 0x44
  4016e6:	e01e      	b.n	401726 <xQueueReceive+0xfe>
  4016e8:	2300      	movs	r3, #0
  4016ea:	f884 3045 	strb.w	r3, [r4, #69]	; 0x45
  4016ee:	e020      	b.n	401732 <xQueueReceive+0x10a>
				prvUnlockQueue(pxQueue);
  4016f0:	4620      	mov	r0, r4
  4016f2:	4b2c      	ldr	r3, [pc, #176]	; (4017a4 <xQueueReceive+0x17c>)
  4016f4:	4798      	blx	r3
				(void)xTaskResumeAll();
  4016f6:	4b2c      	ldr	r3, [pc, #176]	; (4017a8 <xQueueReceive+0x180>)
  4016f8:	4798      	blx	r3
		taskENTER_CRITICAL();
  4016fa:	4b2c      	ldr	r3, [pc, #176]	; (4017ac <xQueueReceive+0x184>)
  4016fc:	4798      	blx	r3
			const UBaseType_t uxMessagesWaiting = pxQueue->uxMessagesWaiting;
  4016fe:	6ba5      	ldr	r5, [r4, #56]	; 0x38
			if (uxMessagesWaiting > (UBaseType_t)0) {
  401700:	2d00      	cmp	r5, #0
  401702:	d1ca      	bne.n	40169a <xQueueReceive+0x72>
				if (xTicksToWait == (TickType_t)0) {
  401704:	9b01      	ldr	r3, [sp, #4]
  401706:	2b00      	cmp	r3, #0
  401708:	d0e1      	beq.n	4016ce <xQueueReceive+0xa6>
				} else if (xEntryTimeSet == pdFALSE) {
  40170a:	2f00      	cmp	r7, #0
  40170c:	d0e3      	beq.n	4016d6 <xQueueReceive+0xae>
		taskEXIT_CRITICAL();
  40170e:	4b23      	ldr	r3, [pc, #140]	; (40179c <xQueueReceive+0x174>)
  401710:	4798      	blx	r3
		vTaskSuspendAll();
  401712:	4b27      	ldr	r3, [pc, #156]	; (4017b0 <xQueueReceive+0x188>)
  401714:	4798      	blx	r3
		prvLockQueue(pxQueue);
  401716:	4b25      	ldr	r3, [pc, #148]	; (4017ac <xQueueReceive+0x184>)
  401718:	4798      	blx	r3
  40171a:	f894 3044 	ldrb.w	r3, [r4, #68]	; 0x44
  40171e:	b25b      	sxtb	r3, r3
  401720:	f1b3 3fff 	cmp.w	r3, #4294967295
  401724:	d0dc      	beq.n	4016e0 <xQueueReceive+0xb8>
  401726:	f894 3045 	ldrb.w	r3, [r4, #69]	; 0x45
  40172a:	b25b      	sxtb	r3, r3
  40172c:	f1b3 3fff 	cmp.w	r3, #4294967295
  401730:	d0da      	beq.n	4016e8 <xQueueReceive+0xc0>
  401732:	4b1a      	ldr	r3, [pc, #104]	; (40179c <xQueueReceive+0x174>)
  401734:	4798      	blx	r3
		if (xTaskCheckForTimeOut(&xTimeOut, &xTicksToWait) == pdFALSE) {
  401736:	a901      	add	r1, sp, #4
  401738:	a802      	add	r0, sp, #8
  40173a:	4b1e      	ldr	r3, [pc, #120]	; (4017b4 <xQueueReceive+0x18c>)
  40173c:	4798      	blx	r3
  40173e:	b9c8      	cbnz	r0, 401774 <xQueueReceive+0x14c>
			if (prvIsQueueEmpty(pxQueue) != pdFALSE) {
  401740:	4620      	mov	r0, r4
  401742:	4b1d      	ldr	r3, [pc, #116]	; (4017b8 <xQueueReceive+0x190>)
  401744:	4798      	blx	r3
  401746:	2800      	cmp	r0, #0
  401748:	d0d2      	beq.n	4016f0 <xQueueReceive+0xc8>
				vTaskPlaceOnEventList(&(pxQueue->xTasksWaitingToReceive), xTicksToWait);
  40174a:	9901      	ldr	r1, [sp, #4]
  40174c:	f104 0024 	add.w	r0, r4, #36	; 0x24
  401750:	4b1a      	ldr	r3, [pc, #104]	; (4017bc <xQueueReceive+0x194>)
  401752:	4798      	blx	r3
				prvUnlockQueue(pxQueue);
  401754:	4620      	mov	r0, r4
  401756:	4b13      	ldr	r3, [pc, #76]	; (4017a4 <xQueueReceive+0x17c>)
  401758:	4798      	blx	r3
				if (xTaskResumeAll() == pdFALSE) {
  40175a:	4b13      	ldr	r3, [pc, #76]	; (4017a8 <xQueueReceive+0x180>)
  40175c:	4798      	blx	r3
  40175e:	2800      	cmp	r0, #0
  401760:	d1cb      	bne.n	4016fa <xQueueReceive+0xd2>
					portYIELD_WITHIN_API();
  401762:	f04f 5280 	mov.w	r2, #268435456	; 0x10000000
  401766:	4b0c      	ldr	r3, [pc, #48]	; (401798 <xQueueReceive+0x170>)
  401768:	601a      	str	r2, [r3, #0]
  40176a:	f3bf 8f4f 	dsb	sy
  40176e:	f3bf 8f6f 	isb	sy
  401772:	e7c2      	b.n	4016fa <xQueueReceive+0xd2>
			prvUnlockQueue(pxQueue);
  401774:	4620      	mov	r0, r4
  401776:	4b0b      	ldr	r3, [pc, #44]	; (4017a4 <xQueueReceive+0x17c>)
  401778:	4798      	blx	r3
			(void)xTaskResumeAll();
  40177a:	4b0b      	ldr	r3, [pc, #44]	; (4017a8 <xQueueReceive+0x180>)
  40177c:	4798      	blx	r3
			if (prvIsQueueEmpty(pxQueue) != pdFALSE) {
  40177e:	4620      	mov	r0, r4
  401780:	4b0d      	ldr	r3, [pc, #52]	; (4017b8 <xQueueReceive+0x190>)
  401782:	4798      	blx	r3
  401784:	2800      	cmp	r0, #0
  401786:	d0b8      	beq.n	4016fa <xQueueReceive+0xd2>
				return errQUEUE_EMPTY;
  401788:	2000      	movs	r0, #0
  40178a:	e79e      	b.n	4016ca <xQueueReceive+0xa2>
  40178c:	004022d1 	.word	0x004022d1
  401790:	00401105 	.word	0x00401105
  401794:	00402185 	.word	0x00402185
  401798:	e000ed04 	.word	0xe000ed04
  40179c:	00400cf1 	.word	0x00400cf1
  4017a0:	00402219 	.word	0x00402219
  4017a4:	0040112d 	.word	0x0040112d
  4017a8:	00401ef9 	.word	0x00401ef9
  4017ac:	00400ca5 	.word	0x00400ca5
  4017b0:	00401da1 	.word	0x00401da1
  4017b4:	0040222d 	.word	0x0040222d
  4017b8:	00400fd5 	.word	0x00400fd5
  4017bc:	004020fd 	.word	0x004020fd

004017c0 <xQueueSemaphoreTake>:
{
  4017c0:	b570      	push	{r4, r5, r6, lr}
  4017c2:	b084      	sub	sp, #16
  4017c4:	9101      	str	r1, [sp, #4]
	configASSERT((pxQueue));
  4017c6:	b168      	cbz	r0, 4017e4 <xQueueSemaphoreTake+0x24>
  4017c8:	4604      	mov	r4, r0
	configASSERT(pxQueue->uxItemSize == 0);
  4017ca:	6c03      	ldr	r3, [r0, #64]	; 0x40
  4017cc:	b1ab      	cbz	r3, 4017fa <xQueueSemaphoreTake+0x3a>
  4017ce:	f04f 0380 	mov.w	r3, #128	; 0x80
  4017d2:	b672      	cpsid	i
  4017d4:	f383 8811 	msr	BASEPRI, r3
  4017d8:	f3bf 8f6f 	isb	sy
  4017dc:	f3bf 8f4f 	dsb	sy
  4017e0:	b662      	cpsie	i
  4017e2:	e7fe      	b.n	4017e2 <xQueueSemaphoreTake+0x22>
  4017e4:	f04f 0380 	mov.w	r3, #128	; 0x80
  4017e8:	b672      	cpsid	i
  4017ea:	f383 8811 	msr	BASEPRI, r3
  4017ee:	f3bf 8f6f 	isb	sy
  4017f2:	f3bf 8f4f 	dsb	sy
  4017f6:	b662      	cpsie	i
  4017f8:	e7fe      	b.n	4017f8 <xQueueSemaphoreTake+0x38>
		configASSERT(!((xTaskGetSchedulerState() == taskSCHEDULER_SUSPENDED) && (xTicksToWait != 0)));
  4017fa:	4b5d      	ldr	r3, [pc, #372]	; (401970 <xQueueSemaphoreTake+0x1b0>)
  4017fc:	4798      	blx	r3
  4017fe:	b970      	cbnz	r0, 40181e <xQueueSemaphoreTake+0x5e>
  401800:	9b01      	ldr	r3, [sp, #4]
  401802:	b973      	cbnz	r3, 401822 <xQueueSemaphoreTake+0x62>
  401804:	2301      	movs	r3, #1
  401806:	b973      	cbnz	r3, 401826 <xQueueSemaphoreTake+0x66>
  401808:	f04f 0380 	mov.w	r3, #128	; 0x80
  40180c:	b672      	cpsid	i
  40180e:	f383 8811 	msr	BASEPRI, r3
  401812:	f3bf 8f6f 	isb	sy
  401816:	f3bf 8f4f 	dsb	sy
  40181a:	b662      	cpsie	i
  40181c:	e7fe      	b.n	40181c <xQueueSemaphoreTake+0x5c>
  40181e:	2301      	movs	r3, #1
  401820:	e7f1      	b.n	401806 <xQueueSemaphoreTake+0x46>
  401822:	2300      	movs	r3, #0
  401824:	e7ef      	b.n	401806 <xQueueSemaphoreTake+0x46>
  401826:	2500      	movs	r5, #0
  401828:	462e      	mov	r6, r5
  40182a:	e050      	b.n	4018ce <xQueueSemaphoreTake+0x10e>
				pxQueue->uxMessagesWaiting = uxSemaphoreCount - (UBaseType_t)1;
  40182c:	3b01      	subs	r3, #1
  40182e:	63a3      	str	r3, [r4, #56]	; 0x38
					if (pxQueue->uxQueueType == queueQUEUE_IS_MUTEX) {
  401830:	6823      	ldr	r3, [r4, #0]
  401832:	b913      	cbnz	r3, 40183a <xQueueSemaphoreTake+0x7a>
						    = (int8_t *)pvTaskIncrementMutexHeldCount(); /*lint !e961 Cast is not redundant as
  401834:	4b4f      	ldr	r3, [pc, #316]	; (401974 <xQueueSemaphoreTake+0x1b4>)
  401836:	4798      	blx	r3
  401838:	6060      	str	r0, [r4, #4]
				if (listLIST_IS_EMPTY(&(pxQueue->xTasksWaitingToSend)) == pdFALSE) {
  40183a:	6923      	ldr	r3, [r4, #16]
  40183c:	b163      	cbz	r3, 401858 <xQueueSemaphoreTake+0x98>
					if (xTaskRemoveFromEventList(&(pxQueue->xTasksWaitingToSend)) != pdFALSE) {
  40183e:	f104 0010 	add.w	r0, r4, #16
  401842:	4b4d      	ldr	r3, [pc, #308]	; (401978 <xQueueSemaphoreTake+0x1b8>)
  401844:	4798      	blx	r3
  401846:	b138      	cbz	r0, 401858 <xQueueSemaphoreTake+0x98>
						queueYIELD_IF_USING_PREEMPTION();
  401848:	f04f 5280 	mov.w	r2, #268435456	; 0x10000000
  40184c:	4b4b      	ldr	r3, [pc, #300]	; (40197c <xQueueSemaphoreTake+0x1bc>)
  40184e:	601a      	str	r2, [r3, #0]
  401850:	f3bf 8f4f 	dsb	sy
  401854:	f3bf 8f6f 	isb	sy
				taskEXIT_CRITICAL();
  401858:	4b49      	ldr	r3, [pc, #292]	; (401980 <xQueueSemaphoreTake+0x1c0>)
  40185a:	4798      	blx	r3
				return pdPASS;
  40185c:	2501      	movs	r5, #1
}
  40185e:	4628      	mov	r0, r5
  401860:	b004      	add	sp, #16
  401862:	bd70      	pop	{r4, r5, r6, pc}
						configASSERT(xInheritanceOccurred == pdFALSE);
  401864:	b155      	cbz	r5, 40187c <xQueueSemaphoreTake+0xbc>
  401866:	f04f 0380 	mov.w	r3, #128	; 0x80
  40186a:	b672      	cpsid	i
  40186c:	f383 8811 	msr	BASEPRI, r3
  401870:	f3bf 8f6f 	isb	sy
  401874:	f3bf 8f4f 	dsb	sy
  401878:	b662      	cpsie	i
  40187a:	e7fe      	b.n	40187a <xQueueSemaphoreTake+0xba>
					taskEXIT_CRITICAL();
  40187c:	4b40      	ldr	r3, [pc, #256]	; (401980 <xQueueSemaphoreTake+0x1c0>)
  40187e:	4798      	blx	r3
					return errQUEUE_EMPTY;
  401880:	e7ed      	b.n	40185e <xQueueSemaphoreTake+0x9e>
					vTaskInternalSetTimeOutState(&xTimeOut);
  401882:	a802      	add	r0, sp, #8
  401884:	4b3f      	ldr	r3, [pc, #252]	; (401984 <xQueueSemaphoreTake+0x1c4>)
  401886:	4798      	blx	r3
					xEntryTimeSet = pdTRUE;
  401888:	2601      	movs	r6, #1
  40188a:	e02a      	b.n	4018e2 <xQueueSemaphoreTake+0x122>
		prvLockQueue(pxQueue);
  40188c:	2300      	movs	r3, #0
  40188e:	f884 3044 	strb.w	r3, [r4, #68]	; 0x44
  401892:	e032      	b.n	4018fa <xQueueSemaphoreTake+0x13a>
  401894:	2300      	movs	r3, #0
  401896:	f884 3045 	strb.w	r3, [r4, #69]	; 0x45
  40189a:	e034      	b.n	401906 <xQueueSemaphoreTake+0x146>
						taskENTER_CRITICAL();
  40189c:	4b3a      	ldr	r3, [pc, #232]	; (401988 <xQueueSemaphoreTake+0x1c8>)
  40189e:	4798      	blx	r3
							xInheritanceOccurred = xTaskPriorityInherit((void *)pxQueue->pxMutexHolder);
  4018a0:	6860      	ldr	r0, [r4, #4]
  4018a2:	4b3a      	ldr	r3, [pc, #232]	; (40198c <xQueueSemaphoreTake+0x1cc>)
  4018a4:	4798      	blx	r3
  4018a6:	4605      	mov	r5, r0
						taskEXIT_CRITICAL();
  4018a8:	4b35      	ldr	r3, [pc, #212]	; (401980 <xQueueSemaphoreTake+0x1c0>)
  4018aa:	4798      	blx	r3
  4018ac:	e03b      	b.n	401926 <xQueueSemaphoreTake+0x166>
				prvUnlockQueue(pxQueue);
  4018ae:	4620      	mov	r0, r4
  4018b0:	4b37      	ldr	r3, [pc, #220]	; (401990 <xQueueSemaphoreTake+0x1d0>)
  4018b2:	4798      	blx	r3
				(void)xTaskResumeAll();
  4018b4:	4b37      	ldr	r3, [pc, #220]	; (401994 <xQueueSemaphoreTake+0x1d4>)
  4018b6:	4798      	blx	r3
  4018b8:	e009      	b.n	4018ce <xQueueSemaphoreTake+0x10e>
			prvUnlockQueue(pxQueue);
  4018ba:	4620      	mov	r0, r4
  4018bc:	4b34      	ldr	r3, [pc, #208]	; (401990 <xQueueSemaphoreTake+0x1d0>)
  4018be:	4798      	blx	r3
			(void)xTaskResumeAll();
  4018c0:	4b34      	ldr	r3, [pc, #208]	; (401994 <xQueueSemaphoreTake+0x1d4>)
  4018c2:	4798      	blx	r3
			if (prvIsQueueEmpty(pxQueue) != pdFALSE) {
  4018c4:	4620      	mov	r0, r4
  4018c6:	4b34      	ldr	r3, [pc, #208]	; (401998 <xQueueSemaphoreTake+0x1d8>)
  4018c8:	4798      	blx	r3
  4018ca:	2800      	cmp	r0, #0
  4018cc:	d140      	bne.n	401950 <xQueueSemaphoreTake+0x190>
		taskENTER_CRITICAL();
  4018ce:	4b2e      	ldr	r3, [pc, #184]	; (401988 <xQueueSemaphoreTake+0x1c8>)
  4018d0:	4798      	blx	r3
			const UBaseType_t uxSemaphoreCount = pxQueue->uxMessagesWaiting;
  4018d2:	6ba3      	ldr	r3, [r4, #56]	; 0x38
			if (uxSemaphoreCount > (UBaseType_t)0) {
  4018d4:	2b00      	cmp	r3, #0
  4018d6:	d1a9      	bne.n	40182c <xQueueSemaphoreTake+0x6c>
				if (xTicksToWait == (TickType_t)0) {
  4018d8:	9b01      	ldr	r3, [sp, #4]
  4018da:	2b00      	cmp	r3, #0
  4018dc:	d0c2      	beq.n	401864 <xQueueSemaphoreTake+0xa4>
				} else if (xEntryTimeSet == pdFALSE) {
  4018de:	2e00      	cmp	r6, #0
  4018e0:	d0cf      	beq.n	401882 <xQueueSemaphoreTake+0xc2>
		taskEXIT_CRITICAL();
  4018e2:	4b27      	ldr	r3, [pc, #156]	; (401980 <xQueueSemaphoreTake+0x1c0>)
  4018e4:	4798      	blx	r3
		vTaskSuspendAll();
  4018e6:	4b2d      	ldr	r3, [pc, #180]	; (40199c <xQueueSemaphoreTake+0x1dc>)
  4018e8:	4798      	blx	r3
		prvLockQueue(pxQueue);
  4018ea:	4b27      	ldr	r3, [pc, #156]	; (401988 <xQueueSemaphoreTake+0x1c8>)
  4018ec:	4798      	blx	r3
  4018ee:	f894 3044 	ldrb.w	r3, [r4, #68]	; 0x44
  4018f2:	b25b      	sxtb	r3, r3
  4018f4:	f1b3 3fff 	cmp.w	r3, #4294967295
  4018f8:	d0c8      	beq.n	40188c <xQueueSemaphoreTake+0xcc>
  4018fa:	f894 3045 	ldrb.w	r3, [r4, #69]	; 0x45
  4018fe:	b25b      	sxtb	r3, r3
  401900:	f1b3 3fff 	cmp.w	r3, #4294967295
  401904:	d0c6      	beq.n	401894 <xQueueSemaphoreTake+0xd4>
  401906:	4b1e      	ldr	r3, [pc, #120]	; (401980 <xQueueSemaphoreTake+0x1c0>)
  401908:	4798      	blx	r3
		if (xTaskCheckForTimeOut(&xTimeOut, &xTicksToWait) == pdFALSE) {
  40190a:	a901      	add	r1, sp, #4
  40190c:	a802      	add	r0, sp, #8
  40190e:	4b24      	ldr	r3, [pc, #144]	; (4019a0 <xQueueSemaphoreTake+0x1e0>)
  401910:	4798      	blx	r3
  401912:	2800      	cmp	r0, #0
  401914:	d1d1      	bne.n	4018ba <xQueueSemaphoreTake+0xfa>
			if (prvIsQueueEmpty(pxQueue) != pdFALSE) {
  401916:	4620      	mov	r0, r4
  401918:	4b1f      	ldr	r3, [pc, #124]	; (401998 <xQueueSemaphoreTake+0x1d8>)
  40191a:	4798      	blx	r3
  40191c:	2800      	cmp	r0, #0
  40191e:	d0c6      	beq.n	4018ae <xQueueSemaphoreTake+0xee>
					if (pxQueue->uxQueueType == queueQUEUE_IS_MUTEX) {
  401920:	6823      	ldr	r3, [r4, #0]
  401922:	2b00      	cmp	r3, #0
  401924:	d0ba      	beq.n	40189c <xQueueSemaphoreTake+0xdc>
				vTaskPlaceOnEventList(&(pxQueue->xTasksWaitingToReceive), xTicksToWait);
  401926:	9901      	ldr	r1, [sp, #4]
  401928:	f104 0024 	add.w	r0, r4, #36	; 0x24
  40192c:	4b1d      	ldr	r3, [pc, #116]	; (4019a4 <xQueueSemaphoreTake+0x1e4>)
  40192e:	4798      	blx	r3
				prvUnlockQueue(pxQueue);
  401930:	4620      	mov	r0, r4
  401932:	4b17      	ldr	r3, [pc, #92]	; (401990 <xQueueSemaphoreTake+0x1d0>)
  401934:	4798      	blx	r3
				if (xTaskResumeAll() == pdFALSE) {
  401936:	4b17      	ldr	r3, [pc, #92]	; (401994 <xQueueSemaphoreTake+0x1d4>)
  401938:	4798      	blx	r3
  40193a:	2800      	cmp	r0, #0
  40193c:	d1c7      	bne.n	4018ce <xQueueSemaphoreTake+0x10e>
					portYIELD_WITHIN_API();
  40193e:	f04f 5280 	mov.w	r2, #268435456	; 0x10000000
  401942:	4b0e      	ldr	r3, [pc, #56]	; (40197c <xQueueSemaphoreTake+0x1bc>)
  401944:	601a      	str	r2, [r3, #0]
  401946:	f3bf 8f4f 	dsb	sy
  40194a:	f3bf 8f6f 	isb	sy
  40194e:	e7be      	b.n	4018ce <xQueueSemaphoreTake+0x10e>
					if (xInheritanceOccurred != pdFALSE) {
  401950:	2d00      	cmp	r5, #0
  401952:	d084      	beq.n	40185e <xQueueSemaphoreTake+0x9e>
						taskENTER_CRITICAL();
  401954:	4b0c      	ldr	r3, [pc, #48]	; (401988 <xQueueSemaphoreTake+0x1c8>)
  401956:	4798      	blx	r3
							uxHighestWaitingPriority = prvGetDisinheritPriorityAfterTimeout(pxQueue);
  401958:	4620      	mov	r0, r4
  40195a:	4b13      	ldr	r3, [pc, #76]	; (4019a8 <xQueueSemaphoreTake+0x1e8>)
  40195c:	4798      	blx	r3
							vTaskPriorityDisinheritAfterTimeout((void *)pxQueue->pxMutexHolder,
  40195e:	4601      	mov	r1, r0
  401960:	6860      	ldr	r0, [r4, #4]
  401962:	4b12      	ldr	r3, [pc, #72]	; (4019ac <xQueueSemaphoreTake+0x1ec>)
  401964:	4798      	blx	r3
						taskEXIT_CRITICAL();
  401966:	4b06      	ldr	r3, [pc, #24]	; (401980 <xQueueSemaphoreTake+0x1c0>)
  401968:	4798      	blx	r3
				return errQUEUE_EMPTY;
  40196a:	2500      	movs	r5, #0
  40196c:	e777      	b.n	40185e <xQueueSemaphoreTake+0x9e>
  40196e:	bf00      	nop
  401970:	004022d1 	.word	0x004022d1
  401974:	00402501 	.word	0x00402501
  401978:	00402185 	.word	0x00402185
  40197c:	e000ed04 	.word	0xe000ed04
  401980:	00400cf1 	.word	0x00400cf1
  401984:	00402219 	.word	0x00402219
  401988:	00400ca5 	.word	0x00400ca5
  40198c:	004022f1 	.word	0x004022f1
  401990:	0040112d 	.word	0x0040112d
  401994:	00401ef9 	.word	0x00401ef9
  401998:	00400fd5 	.word	0x00400fd5
  40199c:	00401da1 	.word	0x00401da1
  4019a0:	0040222d 	.word	0x0040222d
  4019a4:	004020fd 	.word	0x004020fd
  4019a8:	00400f9b 	.word	0x00400f9b
  4019ac:	00402445 	.word	0x00402445

004019b0 <vQueueWaitForMessageRestricted>:
{
  4019b0:	b570      	push	{r4, r5, r6, lr}
  4019b2:	4604      	mov	r4, r0
  4019b4:	460d      	mov	r5, r1
  4019b6:	4616      	mov	r6, r2
	prvLockQueue(pxQueue);
  4019b8:	4b12      	ldr	r3, [pc, #72]	; (401a04 <vQueueWaitForMessageRestricted+0x54>)
  4019ba:	4798      	blx	r3
  4019bc:	f894 3044 	ldrb.w	r3, [r4, #68]	; 0x44
  4019c0:	b25b      	sxtb	r3, r3
  4019c2:	f1b3 3fff 	cmp.w	r3, #4294967295
  4019c6:	d00d      	beq.n	4019e4 <vQueueWaitForMessageRestricted+0x34>
  4019c8:	f894 3045 	ldrb.w	r3, [r4, #69]	; 0x45
  4019cc:	b25b      	sxtb	r3, r3
  4019ce:	f1b3 3fff 	cmp.w	r3, #4294967295
  4019d2:	d00b      	beq.n	4019ec <vQueueWaitForMessageRestricted+0x3c>
  4019d4:	4b0c      	ldr	r3, [pc, #48]	; (401a08 <vQueueWaitForMessageRestricted+0x58>)
  4019d6:	4798      	blx	r3
	if (pxQueue->uxMessagesWaiting == (UBaseType_t)0U) {
  4019d8:	6ba3      	ldr	r3, [r4, #56]	; 0x38
  4019da:	b15b      	cbz	r3, 4019f4 <vQueueWaitForMessageRestricted+0x44>
	prvUnlockQueue(pxQueue);
  4019dc:	4620      	mov	r0, r4
  4019de:	4b0b      	ldr	r3, [pc, #44]	; (401a0c <vQueueWaitForMessageRestricted+0x5c>)
  4019e0:	4798      	blx	r3
  4019e2:	bd70      	pop	{r4, r5, r6, pc}
	prvLockQueue(pxQueue);
  4019e4:	2300      	movs	r3, #0
  4019e6:	f884 3044 	strb.w	r3, [r4, #68]	; 0x44
  4019ea:	e7ed      	b.n	4019c8 <vQueueWaitForMessageRestricted+0x18>
  4019ec:	2300      	movs	r3, #0
  4019ee:	f884 3045 	strb.w	r3, [r4, #69]	; 0x45
  4019f2:	e7ef      	b.n	4019d4 <vQueueWaitForMessageRestricted+0x24>
		vTaskPlaceOnEventListRestricted(&(pxQueue->xTasksWaitingToReceive), xTicksToWait, xWaitIndefinitely);
  4019f4:	4632      	mov	r2, r6
  4019f6:	4629      	mov	r1, r5
  4019f8:	f104 0024 	add.w	r0, r4, #36	; 0x24
  4019fc:	4b04      	ldr	r3, [pc, #16]	; (401a10 <vQueueWaitForMessageRestricted+0x60>)
  4019fe:	4798      	blx	r3
  401a00:	e7ec      	b.n	4019dc <vQueueWaitForMessageRestricted+0x2c>
  401a02:	bf00      	nop
  401a04:	00400ca5 	.word	0x00400ca5
  401a08:	00400cf1 	.word	0x00400cf1
  401a0c:	0040112d 	.word	0x0040112d
  401a10:	0040213d 	.word	0x0040213d

00401a14 <prvIdleTask>:

			A critical region is not required here as we are just reading from
			the list, and an occasional incorrect value will not matter.  If
			the ready list at the idle priority contains more than one task
			then a task other than the idle task is ready to execute. */
			if (listCURRENT_LIST_LENGTH(&(pxReadyTasksLists[tskIDLE_PRIORITY])) > (UBaseType_t)1) {
  401a14:	4b06      	ldr	r3, [pc, #24]	; (401a30 <prvIdleTask+0x1c>)
  401a16:	6a9b      	ldr	r3, [r3, #40]	; 0x28
  401a18:	2b01      	cmp	r3, #1
  401a1a:	d9fb      	bls.n	401a14 <prvIdleTask>
				taskYIELD();
  401a1c:	f04f 5280 	mov.w	r2, #268435456	; 0x10000000
  401a20:	4b04      	ldr	r3, [pc, #16]	; (401a34 <prvIdleTask+0x20>)
  401a22:	601a      	str	r2, [r3, #0]
  401a24:	f3bf 8f4f 	dsb	sy
  401a28:	f3bf 8f6f 	isb	sy
  401a2c:	e7f2      	b.n	401a14 <prvIdleTask>
  401a2e:	bf00      	nop
  401a30:	20400a14 	.word	0x20400a14
  401a34:	e000ed04 	.word	0xe000ed04

00401a38 <prvResetNextTaskUnblockTime>:

static void prvResetNextTaskUnblockTime(void)
{
	TCB_t *pxTCB;

	if (listLIST_IS_EMPTY(pxDelayedTaskList) != pdFALSE) {
  401a38:	4b0b      	ldr	r3, [pc, #44]	; (401a68 <prvResetNextTaskUnblockTime+0x30>)
  401a3a:	f8d3 308c 	ldr.w	r3, [r3, #140]	; 0x8c
  401a3e:	681b      	ldr	r3, [r3, #0]
  401a40:	b953      	cbnz	r3, 401a58 <prvResetNextTaskUnblockTime+0x20>
  401a42:	2301      	movs	r3, #1
  401a44:	b953      	cbnz	r3, 401a5c <prvResetNextTaskUnblockTime+0x24>
	} else {
		/* The new current delayed list is not empty, get the value of
		the item at the head of the delayed list.  This is the time at
		which the task at the head of the delayed list should be removed
		from the Blocked state. */
		(pxTCB)              = (TCB_t *)listGET_OWNER_OF_HEAD_ENTRY(pxDelayedTaskList);
  401a46:	4b08      	ldr	r3, [pc, #32]	; (401a68 <prvResetNextTaskUnblockTime+0x30>)
  401a48:	f8d3 208c 	ldr.w	r2, [r3, #140]	; 0x8c
  401a4c:	68d2      	ldr	r2, [r2, #12]
  401a4e:	68d2      	ldr	r2, [r2, #12]
		xNextTaskUnblockTime = listGET_LIST_ITEM_VALUE(&((pxTCB)->xStateListItem));
  401a50:	6852      	ldr	r2, [r2, #4]
  401a52:	f8c3 2090 	str.w	r2, [r3, #144]	; 0x90
  401a56:	4770      	bx	lr
	if (listLIST_IS_EMPTY(pxDelayedTaskList) != pdFALSE) {
  401a58:	2300      	movs	r3, #0
  401a5a:	e7f3      	b.n	401a44 <prvResetNextTaskUnblockTime+0xc>
		xNextTaskUnblockTime = portMAX_DELAY;
  401a5c:	f04f 32ff 	mov.w	r2, #4294967295
  401a60:	4b01      	ldr	r3, [pc, #4]	; (401a68 <prvResetNextTaskUnblockTime+0x30>)
  401a62:	f8c3 2090 	str.w	r2, [r3, #144]	; 0x90
  401a66:	4770      	bx	lr
  401a68:	20400a14 	.word	0x20400a14

00401a6c <prvInitialiseNewTask>:
{
  401a6c:	e92d 4ff8 	stmdb	sp!, {r3, r4, r5, r6, r7, r8, r9, sl, fp, lr}
  401a70:	4681      	mov	r9, r0
  401a72:	460d      	mov	r5, r1
  401a74:	4693      	mov	fp, r2
  401a76:	469a      	mov	sl, r3
  401a78:	9e0a      	ldr	r6, [sp, #40]	; 0x28
  401a7a:	f8dd 802c 	ldr.w	r8, [sp, #44]	; 0x2c
  401a7e:	9c0c      	ldr	r4, [sp, #48]	; 0x30
		(void)memset(pxNewTCB->pxStack, (int)tskSTACK_FILL_BYTE, (size_t)ulStackDepth * sizeof(StackType_t));
  401a80:	0092      	lsls	r2, r2, #2
  401a82:	21a5      	movs	r1, #165	; 0xa5
  401a84:	6b20      	ldr	r0, [r4, #48]	; 0x30
  401a86:	4b1d      	ldr	r3, [pc, #116]	; (401afc <prvInitialiseNewTask+0x90>)
  401a88:	4798      	blx	r3
		pxTopOfStack = pxNewTCB->pxStack + (ulStackDepth - (uint32_t)1);
  401a8a:	6b27      	ldr	r7, [r4, #48]	; 0x30
  401a8c:	f06f 4340 	mvn.w	r3, #3221225472	; 0xc0000000
  401a90:	445b      	add	r3, fp
  401a92:	eb07 0783 	add.w	r7, r7, r3, lsl #2
		                      & (~(
  401a96:	f027 0707 	bic.w	r7, r7, #7
	for (x = (UBaseType_t)0; x < (UBaseType_t)configMAX_TASK_NAME_LEN; x++) {
  401a9a:	2300      	movs	r3, #0
  401a9c:	2b07      	cmp	r3, #7
  401a9e:	d807      	bhi.n	401ab0 <prvInitialiseNewTask+0x44>
		pxNewTCB->pcTaskName[x] = pcName[x];
  401aa0:	5ce9      	ldrb	r1, [r5, r3]
  401aa2:	18e2      	adds	r2, r4, r3
  401aa4:	f882 1034 	strb.w	r1, [r2, #52]	; 0x34
		if (pcName[x] == 0x00) {
  401aa8:	5cea      	ldrb	r2, [r5, r3]
  401aaa:	b10a      	cbz	r2, 401ab0 <prvInitialiseNewTask+0x44>
	for (x = (UBaseType_t)0; x < (UBaseType_t)configMAX_TASK_NAME_LEN; x++) {
  401aac:	3301      	adds	r3, #1
  401aae:	e7f5      	b.n	401a9c <prvInitialiseNewTask+0x30>
	pxNewTCB->pcTaskName[configMAX_TASK_NAME_LEN - 1] = '\0';
  401ab0:	2300      	movs	r3, #0
  401ab2:	f884 303b 	strb.w	r3, [r4, #59]	; 0x3b
	if (uxPriority >= (UBaseType_t)configMAX_PRIORITIES) {
  401ab6:	2e04      	cmp	r6, #4
  401ab8:	d900      	bls.n	401abc <prvInitialiseNewTask+0x50>
		uxPriority = (UBaseType_t)configMAX_PRIORITIES - (UBaseType_t)1U;
  401aba:	2604      	movs	r6, #4
	pxNewTCB->uxPriority = uxPriority;
  401abc:	62e6      	str	r6, [r4, #44]	; 0x2c
		pxNewTCB->uxBasePriority = uxPriority;
  401abe:	6466      	str	r6, [r4, #68]	; 0x44
		pxNewTCB->uxMutexesHeld  = 0;
  401ac0:	2500      	movs	r5, #0
  401ac2:	64a5      	str	r5, [r4, #72]	; 0x48
	vListInitialiseItem(&(pxNewTCB->xStateListItem));
  401ac4:	1d20      	adds	r0, r4, #4
  401ac6:	f8df b03c 	ldr.w	fp, [pc, #60]	; 401b04 <prvInitialiseNewTask+0x98>
  401aca:	47d8      	blx	fp
	vListInitialiseItem(&(pxNewTCB->xEventListItem));
  401acc:	f104 0018 	add.w	r0, r4, #24
  401ad0:	47d8      	blx	fp
	listSET_LIST_ITEM_OWNER(&(pxNewTCB->xStateListItem), pxNewTCB);
  401ad2:	6124      	str	r4, [r4, #16]
	listSET_LIST_ITEM_VALUE(
  401ad4:	f1c6 0605 	rsb	r6, r6, #5
  401ad8:	61a6      	str	r6, [r4, #24]
	listSET_LIST_ITEM_OWNER(&(pxNewTCB->xEventListItem), pxNewTCB);
  401ada:	6264      	str	r4, [r4, #36]	; 0x24
		pxNewTCB->ulNotifiedValue = 0;
  401adc:	64e5      	str	r5, [r4, #76]	; 0x4c
		pxNewTCB->ucNotifyState   = taskNOT_WAITING_NOTIFICATION;
  401ade:	f884 5050 	strb.w	r5, [r4, #80]	; 0x50
		pxNewTCB->pxTopOfStack = pxPortInitialiseStack(pxTopOfStack, pxTaskCode, pvParameters);
  401ae2:	4652      	mov	r2, sl
  401ae4:	4649      	mov	r1, r9
  401ae6:	4638      	mov	r0, r7
  401ae8:	4b05      	ldr	r3, [pc, #20]	; (401b00 <prvInitialiseNewTask+0x94>)
  401aea:	4798      	blx	r3
  401aec:	6020      	str	r0, [r4, #0]
	if ((void *)pxCreatedTask != NULL) {
  401aee:	f1b8 0f00 	cmp.w	r8, #0
  401af2:	d001      	beq.n	401af8 <prvInitialiseNewTask+0x8c>
		*pxCreatedTask = (TaskHandle_t)pxNewTCB;
  401af4:	f8c8 4000 	str.w	r4, [r8]
  401af8:	e8bd 8ff8 	ldmia.w	sp!, {r3, r4, r5, r6, r7, r8, r9, sl, fp, pc}
  401afc:	004029f7 	.word	0x004029f7
  401b00:	00400c51 	.word	0x00400c51
  401b04:	00400b53 	.word	0x00400b53

00401b08 <prvInitialiseTaskLists>:
{
  401b08:	b5f8      	push	{r3, r4, r5, r6, r7, lr}
	for (uxPriority = (UBaseType_t)0U; uxPriority < (UBaseType_t)configMAX_PRIORITIES; uxPriority++) {
  401b0a:	2400      	movs	r4, #0
  401b0c:	e007      	b.n	401b1e <prvInitialiseTaskLists+0x16>
		vListInitialise(&(pxReadyTasksLists[uxPriority]));
  401b0e:	eb04 0284 	add.w	r2, r4, r4, lsl #2
  401b12:	0093      	lsls	r3, r2, #2
  401b14:	480d      	ldr	r0, [pc, #52]	; (401b4c <prvInitialiseTaskLists+0x44>)
  401b16:	4418      	add	r0, r3
  401b18:	4b0d      	ldr	r3, [pc, #52]	; (401b50 <prvInitialiseTaskLists+0x48>)
  401b1a:	4798      	blx	r3
	for (uxPriority = (UBaseType_t)0U; uxPriority < (UBaseType_t)configMAX_PRIORITIES; uxPriority++) {
  401b1c:	3401      	adds	r4, #1
  401b1e:	2c04      	cmp	r4, #4
  401b20:	d9f5      	bls.n	401b0e <prvInitialiseTaskLists+0x6>
	vListInitialise(&xDelayedTaskList1);
  401b22:	4c0c      	ldr	r4, [pc, #48]	; (401b54 <prvInitialiseTaskLists+0x4c>)
  401b24:	f104 0794 	add.w	r7, r4, #148	; 0x94
  401b28:	4638      	mov	r0, r7
  401b2a:	4d09      	ldr	r5, [pc, #36]	; (401b50 <prvInitialiseTaskLists+0x48>)
  401b2c:	47a8      	blx	r5
	vListInitialise(&xDelayedTaskList2);
  401b2e:	f104 06a8 	add.w	r6, r4, #168	; 0xa8
  401b32:	4630      	mov	r0, r6
  401b34:	47a8      	blx	r5
	vListInitialise(&xPendingReadyList);
  401b36:	f104 0014 	add.w	r0, r4, #20
  401b3a:	47a8      	blx	r5
		vListInitialise(&xSuspendedTaskList);
  401b3c:	4620      	mov	r0, r4
  401b3e:	47a8      	blx	r5
	pxDelayedTaskList         = &xDelayedTaskList1;
  401b40:	f8c4 708c 	str.w	r7, [r4, #140]	; 0x8c
	pxOverflowDelayedTaskList = &xDelayedTaskList2;
  401b44:	f8c4 60bc 	str.w	r6, [r4, #188]	; 0xbc
  401b48:	bdf8      	pop	{r3, r4, r5, r6, r7, pc}
  401b4a:	bf00      	nop
  401b4c:	20400a3c 	.word	0x20400a3c
  401b50:	00400b3d 	.word	0x00400b3d
  401b54:	20400a14 	.word	0x20400a14

00401b58 <prvAddNewTaskToReadyList>:
{
  401b58:	b538      	push	{r3, r4, r5, lr}
  401b5a:	4604      	mov	r4, r0
	taskENTER_CRITICAL();
  401b5c:	4b28      	ldr	r3, [pc, #160]	; (401c00 <prvAddNewTaskToReadyList+0xa8>)
  401b5e:	4798      	blx	r3
		uxCurrentNumberOfTasks++;
  401b60:	4b28      	ldr	r3, [pc, #160]	; (401c04 <prvAddNewTaskToReadyList+0xac>)
  401b62:	f8d3 20c0 	ldr.w	r2, [r3, #192]	; 0xc0
  401b66:	3201      	adds	r2, #1
  401b68:	f8c3 20c0 	str.w	r2, [r3, #192]	; 0xc0
		if (pxCurrentTCB == NULL) {
  401b6c:	f8d3 30c4 	ldr.w	r3, [r3, #196]	; 0xc4
  401b70:	2b00      	cmp	r3, #0
  401b72:	d03a      	beq.n	401bea <prvAddNewTaskToReadyList+0x92>
			if (xSchedulerRunning == pdFALSE) {
  401b74:	4b23      	ldr	r3, [pc, #140]	; (401c04 <prvAddNewTaskToReadyList+0xac>)
  401b76:	f8d3 30c8 	ldr.w	r3, [r3, #200]	; 0xc8
  401b7a:	b94b      	cbnz	r3, 401b90 <prvAddNewTaskToReadyList+0x38>
				if (pxCurrentTCB->uxPriority <= pxNewTCB->uxPriority) {
  401b7c:	4b21      	ldr	r3, [pc, #132]	; (401c04 <prvAddNewTaskToReadyList+0xac>)
  401b7e:	f8d3 30c4 	ldr.w	r3, [r3, #196]	; 0xc4
  401b82:	6ada      	ldr	r2, [r3, #44]	; 0x2c
  401b84:	6ae3      	ldr	r3, [r4, #44]	; 0x2c
  401b86:	429a      	cmp	r2, r3
  401b88:	d802      	bhi.n	401b90 <prvAddNewTaskToReadyList+0x38>
					pxCurrentTCB = pxNewTCB;
  401b8a:	4b1e      	ldr	r3, [pc, #120]	; (401c04 <prvAddNewTaskToReadyList+0xac>)
  401b8c:	f8c3 40c4 	str.w	r4, [r3, #196]	; 0xc4
		uxTaskNumber++;
  401b90:	4a1c      	ldr	r2, [pc, #112]	; (401c04 <prvAddNewTaskToReadyList+0xac>)
  401b92:	f8d2 30cc 	ldr.w	r3, [r2, #204]	; 0xcc
  401b96:	3301      	adds	r3, #1
  401b98:	f8c2 30cc 	str.w	r3, [r2, #204]	; 0xcc
			pxNewTCB->uxTCBNumber = uxTaskNumber;
  401b9c:	63e3      	str	r3, [r4, #60]	; 0x3c
		prvAddTaskToReadyList(pxNewTCB);
  401b9e:	6ae3      	ldr	r3, [r4, #44]	; 0x2c
  401ba0:	f8d2 20d0 	ldr.w	r2, [r2, #208]	; 0xd0
  401ba4:	4293      	cmp	r3, r2
  401ba6:	d902      	bls.n	401bae <prvAddNewTaskToReadyList+0x56>
  401ba8:	4a16      	ldr	r2, [pc, #88]	; (401c04 <prvAddNewTaskToReadyList+0xac>)
  401baa:	f8c2 30d0 	str.w	r3, [r2, #208]	; 0xd0
  401bae:	4d15      	ldr	r5, [pc, #84]	; (401c04 <prvAddNewTaskToReadyList+0xac>)
  401bb0:	f105 0028 	add.w	r0, r5, #40	; 0x28
  401bb4:	eb03 0383 	add.w	r3, r3, r3, lsl #2
  401bb8:	009a      	lsls	r2, r3, #2
  401bba:	1d21      	adds	r1, r4, #4
  401bbc:	4410      	add	r0, r2
  401bbe:	4b12      	ldr	r3, [pc, #72]	; (401c08 <prvAddNewTaskToReadyList+0xb0>)
  401bc0:	4798      	blx	r3
	taskEXIT_CRITICAL();
  401bc2:	4b12      	ldr	r3, [pc, #72]	; (401c0c <prvAddNewTaskToReadyList+0xb4>)
  401bc4:	4798      	blx	r3
	if (xSchedulerRunning != pdFALSE) {
  401bc6:	f8d5 30c8 	ldr.w	r3, [r5, #200]	; 0xc8
  401bca:	b16b      	cbz	r3, 401be8 <prvAddNewTaskToReadyList+0x90>
		if (pxCurrentTCB->uxPriority < pxNewTCB->uxPriority) {
  401bcc:	f8d5 30c4 	ldr.w	r3, [r5, #196]	; 0xc4
  401bd0:	6ada      	ldr	r2, [r3, #44]	; 0x2c
  401bd2:	6ae3      	ldr	r3, [r4, #44]	; 0x2c
  401bd4:	429a      	cmp	r2, r3
  401bd6:	d207      	bcs.n	401be8 <prvAddNewTaskToReadyList+0x90>
			taskYIELD_IF_USING_PREEMPTION();
  401bd8:	f04f 5280 	mov.w	r2, #268435456	; 0x10000000
  401bdc:	4b0c      	ldr	r3, [pc, #48]	; (401c10 <prvAddNewTaskToReadyList+0xb8>)
  401bde:	601a      	str	r2, [r3, #0]
  401be0:	f3bf 8f4f 	dsb	sy
  401be4:	f3bf 8f6f 	isb	sy
  401be8:	bd38      	pop	{r3, r4, r5, pc}
			pxCurrentTCB = pxNewTCB;
  401bea:	4b06      	ldr	r3, [pc, #24]	; (401c04 <prvAddNewTaskToReadyList+0xac>)
  401bec:	f8c3 40c4 	str.w	r4, [r3, #196]	; 0xc4
			if (uxCurrentNumberOfTasks == (UBaseType_t)1) {
  401bf0:	f8d3 30c0 	ldr.w	r3, [r3, #192]	; 0xc0
  401bf4:	2b01      	cmp	r3, #1
  401bf6:	d1cb      	bne.n	401b90 <prvAddNewTaskToReadyList+0x38>
				prvInitialiseTaskLists();
  401bf8:	4b06      	ldr	r3, [pc, #24]	; (401c14 <prvAddNewTaskToReadyList+0xbc>)
  401bfa:	4798      	blx	r3
  401bfc:	e7c8      	b.n	401b90 <prvAddNewTaskToReadyList+0x38>
  401bfe:	bf00      	nop
  401c00:	00400ca5 	.word	0x00400ca5
  401c04:	20400a14 	.word	0x20400a14
  401c08:	00400b59 	.word	0x00400b59
  401c0c:	00400cf1 	.word	0x00400cf1
  401c10:	e000ed04 	.word	0xe000ed04
  401c14:	00401b09 	.word	0x00401b09

00401c18 <prvAddCurrentTaskToDelayedList>:

#endif /* configUSE_TASK_NOTIFICATIONS */
/*-----------------------------------------------------------*/

static void prvAddCurrentTaskToDelayedList(TickType_t xTicksToWait, const BaseType_t xCanBlockIndefinitely)
{
  401c18:	b570      	push	{r4, r5, r6, lr}
  401c1a:	4604      	mov	r4, r0
  401c1c:	460e      	mov	r6, r1
	TickType_t       xTimeToWake;
	const TickType_t xConstTickCount = xTickCount;
  401c1e:	4b1b      	ldr	r3, [pc, #108]	; (401c8c <prvAddCurrentTaskToDelayedList+0x74>)
  401c20:	f8d3 50d4 	ldr.w	r5, [r3, #212]	; 0xd4
	}
#endif

	/* Remove the task from the ready list before adding it to the blocked list
	as the same list item is used for both lists. */
	if (uxListRemove(&(pxCurrentTCB->xStateListItem)) == (UBaseType_t)0) {
  401c24:	f8d3 00c4 	ldr.w	r0, [r3, #196]	; 0xc4
  401c28:	3004      	adds	r0, #4
  401c2a:	4b19      	ldr	r3, [pc, #100]	; (401c90 <prvAddCurrentTaskToDelayedList+0x78>)
  401c2c:	4798      	blx	r3
		mtCOVERAGE_TEST_MARKER();
	}

#if (INCLUDE_vTaskSuspend == 1)
	{
		if ((xTicksToWait == portMAX_DELAY) && (xCanBlockIndefinitely != pdFALSE)) {
  401c2e:	f1b4 3fff 	cmp.w	r4, #4294967295
  401c32:	bf14      	ite	ne
  401c34:	2300      	movne	r3, #0
  401c36:	2301      	moveq	r3, #1
  401c38:	2e00      	cmp	r6, #0
  401c3a:	bf08      	it	eq
  401c3c:	2300      	moveq	r3, #0
  401c3e:	b9ab      	cbnz	r3, 401c6c <prvAddCurrentTaskToDelayedList+0x54>
			vListInsertEnd(&xSuspendedTaskList, &(pxCurrentTCB->xStateListItem));
		} else {
			/* Calculate the time at which the task should be woken if the event
			does not occur.  This may overflow but this doesn't matter, the
			kernel will manage it correctly. */
			xTimeToWake = xConstTickCount + xTicksToWait;
  401c40:	442c      	add	r4, r5

			/* The list item will be inserted in wake time order. */
			listSET_LIST_ITEM_VALUE(&(pxCurrentTCB->xStateListItem), xTimeToWake);
  401c42:	4b12      	ldr	r3, [pc, #72]	; (401c8c <prvAddCurrentTaskToDelayedList+0x74>)
  401c44:	f8d3 30c4 	ldr.w	r3, [r3, #196]	; 0xc4
  401c48:	605c      	str	r4, [r3, #4]

			if (xTimeToWake < xConstTickCount) {
  401c4a:	42a5      	cmp	r5, r4
  401c4c:	d815      	bhi.n	401c7a <prvAddCurrentTaskToDelayedList+0x62>
				list. */
				vListInsert(pxOverflowDelayedTaskList, &(pxCurrentTCB->xStateListItem));
			} else {
				/* The wake time has not overflowed, so the current block list
				is used. */
				vListInsert(pxDelayedTaskList, &(pxCurrentTCB->xStateListItem));
  401c4e:	4d0f      	ldr	r5, [pc, #60]	; (401c8c <prvAddCurrentTaskToDelayedList+0x74>)
  401c50:	f8d5 008c 	ldr.w	r0, [r5, #140]	; 0x8c
  401c54:	f8d5 10c4 	ldr.w	r1, [r5, #196]	; 0xc4
  401c58:	3104      	adds	r1, #4
  401c5a:	4b0e      	ldr	r3, [pc, #56]	; (401c94 <prvAddCurrentTaskToDelayedList+0x7c>)
  401c5c:	4798      	blx	r3

				/* If the task entering the blocked state was placed at the
				head of the list of blocked tasks then xNextTaskUnblockTime
				needs to be updated too. */
				if (xTimeToWake < xNextTaskUnblockTime) {
  401c5e:	f8d5 3090 	ldr.w	r3, [r5, #144]	; 0x90
  401c62:	429c      	cmp	r4, r3
  401c64:	d201      	bcs.n	401c6a <prvAddCurrentTaskToDelayedList+0x52>
					xNextTaskUnblockTime = xTimeToWake;
  401c66:	f8c5 4090 	str.w	r4, [r5, #144]	; 0x90
  401c6a:	bd70      	pop	{r4, r5, r6, pc}
			vListInsertEnd(&xSuspendedTaskList, &(pxCurrentTCB->xStateListItem));
  401c6c:	4807      	ldr	r0, [pc, #28]	; (401c8c <prvAddCurrentTaskToDelayedList+0x74>)
  401c6e:	f8d0 10c4 	ldr.w	r1, [r0, #196]	; 0xc4
  401c72:	3104      	adds	r1, #4
  401c74:	4b08      	ldr	r3, [pc, #32]	; (401c98 <prvAddCurrentTaskToDelayedList+0x80>)
  401c76:	4798      	blx	r3
  401c78:	bd70      	pop	{r4, r5, r6, pc}
				vListInsert(pxOverflowDelayedTaskList, &(pxCurrentTCB->xStateListItem));
  401c7a:	4b04      	ldr	r3, [pc, #16]	; (401c8c <prvAddCurrentTaskToDelayedList+0x74>)
  401c7c:	f8d3 00bc 	ldr.w	r0, [r3, #188]	; 0xbc
  401c80:	f8d3 10c4 	ldr.w	r1, [r3, #196]	; 0xc4
  401c84:	3104      	adds	r1, #4
  401c86:	4b03      	ldr	r3, [pc, #12]	; (401c94 <prvAddCurrentTaskToDelayedList+0x7c>)
  401c88:	4798      	blx	r3
  401c8a:	bd70      	pop	{r4, r5, r6, pc}
  401c8c:	20400a14 	.word	0x20400a14
  401c90:	00400ba5 	.word	0x00400ba5
  401c94:	00400b71 	.word	0x00400b71
  401c98:	00400b59 	.word	0x00400b59

00401c9c <xTaskCreate>:
{
  401c9c:	e92d 43f0 	stmdb	sp!, {r4, r5, r6, r7, r8, r9, lr}
  401ca0:	b085      	sub	sp, #20
  401ca2:	4606      	mov	r6, r0
  401ca4:	460f      	mov	r7, r1
  401ca6:	4615      	mov	r5, r2
  401ca8:	4698      	mov	r8, r3
		pxStack = (StackType_t *)pvPortMalloc(
  401caa:	0090      	lsls	r0, r2, #2
  401cac:	4b14      	ldr	r3, [pc, #80]	; (401d00 <xTaskCreate+0x64>)
  401cae:	4798      	blx	r3
		if (pxStack != NULL) {
  401cb0:	b300      	cbz	r0, 401cf4 <xTaskCreate+0x58>
  401cb2:	4681      	mov	r9, r0
			pxNewTCB = (TCB_t *)pvPortMalloc(
  401cb4:	2054      	movs	r0, #84	; 0x54
  401cb6:	4b12      	ldr	r3, [pc, #72]	; (401d00 <xTaskCreate+0x64>)
  401cb8:	4798      	blx	r3
			if (pxNewTCB != NULL) {
  401cba:	4604      	mov	r4, r0
  401cbc:	b1b0      	cbz	r0, 401cec <xTaskCreate+0x50>
				pxNewTCB->pxStack = pxStack;
  401cbe:	f8c0 9030 	str.w	r9, [r0, #48]	; 0x30
	if (pxNewTCB != NULL) {
  401cc2:	b1cc      	cbz	r4, 401cf8 <xTaskCreate+0x5c>
		prvInitialiseNewTask(
  401cc4:	2300      	movs	r3, #0
  401cc6:	9303      	str	r3, [sp, #12]
  401cc8:	9402      	str	r4, [sp, #8]
  401cca:	9b0d      	ldr	r3, [sp, #52]	; 0x34
  401ccc:	9301      	str	r3, [sp, #4]
  401cce:	9b0c      	ldr	r3, [sp, #48]	; 0x30
  401cd0:	9300      	str	r3, [sp, #0]
  401cd2:	4643      	mov	r3, r8
  401cd4:	462a      	mov	r2, r5
  401cd6:	4639      	mov	r1, r7
  401cd8:	4630      	mov	r0, r6
  401cda:	4d0a      	ldr	r5, [pc, #40]	; (401d04 <xTaskCreate+0x68>)
  401cdc:	47a8      	blx	r5
		prvAddNewTaskToReadyList(pxNewTCB);
  401cde:	4620      	mov	r0, r4
  401ce0:	4b09      	ldr	r3, [pc, #36]	; (401d08 <xTaskCreate+0x6c>)
  401ce2:	4798      	blx	r3
		xReturn = pdPASS;
  401ce4:	2001      	movs	r0, #1
}
  401ce6:	b005      	add	sp, #20
  401ce8:	e8bd 83f0 	ldmia.w	sp!, {r4, r5, r6, r7, r8, r9, pc}
				vPortFree(pxStack);
  401cec:	4648      	mov	r0, r9
  401cee:	4b07      	ldr	r3, [pc, #28]	; (401d0c <xTaskCreate+0x70>)
  401cf0:	4798      	blx	r3
  401cf2:	e7e6      	b.n	401cc2 <xTaskCreate+0x26>
			pxNewTCB = NULL;
  401cf4:	2400      	movs	r4, #0
  401cf6:	e7e4      	b.n	401cc2 <xTaskCreate+0x26>
		xReturn = errCOULD_NOT_ALLOCATE_REQUIRED_MEMORY;
  401cf8:	f04f 30ff 	mov.w	r0, #4294967295
	return xReturn;
  401cfc:	e7f3      	b.n	401ce6 <xTaskCreate+0x4a>
  401cfe:	bf00      	nop
  401d00:	00400f1d 	.word	0x00400f1d
  401d04:	00401a6d 	.word	0x00401a6d
  401d08:	00401b59 	.word	0x00401b59
  401d0c:	00400f81 	.word	0x00400f81

00401d10 <vTaskStartScheduler>:
{
  401d10:	b510      	push	{r4, lr}
  401d12:	b082      	sub	sp, #8
		xReturn = xTaskCreate(prvIdleTask,
  401d14:	4b1b      	ldr	r3, [pc, #108]	; (401d84 <vTaskStartScheduler+0x74>)
  401d16:	9301      	str	r3, [sp, #4]
  401d18:	2300      	movs	r3, #0
  401d1a:	9300      	str	r3, [sp, #0]
  401d1c:	2240      	movs	r2, #64	; 0x40
  401d1e:	491a      	ldr	r1, [pc, #104]	; (401d88 <vTaskStartScheduler+0x78>)
  401d20:	481a      	ldr	r0, [pc, #104]	; (401d8c <vTaskStartScheduler+0x7c>)
  401d22:	4c1b      	ldr	r4, [pc, #108]	; (401d90 <vTaskStartScheduler+0x80>)
  401d24:	47a0      	blx	r4
		if (xReturn == pdPASS) {
  401d26:	2801      	cmp	r0, #1
  401d28:	d006      	beq.n	401d38 <vTaskStartScheduler+0x28>
	if (xReturn == pdPASS) {
  401d2a:	2801      	cmp	r0, #1
  401d2c:	d007      	beq.n	401d3e <vTaskStartScheduler+0x2e>
		configASSERT(xReturn != errCOULD_NOT_ALLOCATE_REQUIRED_MEMORY);
  401d2e:	f1b0 3fff 	cmp.w	r0, #4294967295
  401d32:	d01c      	beq.n	401d6e <vTaskStartScheduler+0x5e>
}
  401d34:	b002      	add	sp, #8
  401d36:	bd10      	pop	{r4, pc}
			xReturn = xTimerCreateTimerTask();
  401d38:	4b16      	ldr	r3, [pc, #88]	; (401d94 <vTaskStartScheduler+0x84>)
  401d3a:	4798      	blx	r3
  401d3c:	e7f5      	b.n	401d2a <vTaskStartScheduler+0x1a>
  401d3e:	f04f 0380 	mov.w	r3, #128	; 0x80
  401d42:	b672      	cpsid	i
  401d44:	f383 8811 	msr	BASEPRI, r3
  401d48:	f3bf 8f6f 	isb	sy
  401d4c:	f3bf 8f4f 	dsb	sy
  401d50:	b662      	cpsie	i
		xNextTaskUnblockTime = portMAX_DELAY;
  401d52:	4b11      	ldr	r3, [pc, #68]	; (401d98 <vTaskStartScheduler+0x88>)
  401d54:	f04f 32ff 	mov.w	r2, #4294967295
  401d58:	f8c3 2090 	str.w	r2, [r3, #144]	; 0x90
		xSchedulerRunning    = pdTRUE;
  401d5c:	2201      	movs	r2, #1
  401d5e:	f8c3 20c8 	str.w	r2, [r3, #200]	; 0xc8
		xTickCount           = (TickType_t)0U;
  401d62:	2200      	movs	r2, #0
  401d64:	f8c3 20d4 	str.w	r2, [r3, #212]	; 0xd4
		if (xPortStartScheduler() != pdFALSE) {
  401d68:	4b0c      	ldr	r3, [pc, #48]	; (401d9c <vTaskStartScheduler+0x8c>)
  401d6a:	4798      	blx	r3
  401d6c:	e7e2      	b.n	401d34 <vTaskStartScheduler+0x24>
  401d6e:	f04f 0380 	mov.w	r3, #128	; 0x80
  401d72:	b672      	cpsid	i
  401d74:	f383 8811 	msr	BASEPRI, r3
  401d78:	f3bf 8f6f 	isb	sy
  401d7c:	f3bf 8f4f 	dsb	sy
  401d80:	b662      	cpsie	i
  401d82:	e7fe      	b.n	401d82 <vTaskStartScheduler+0x72>
  401d84:	20400af0 	.word	0x20400af0
  401d88:	0040349c 	.word	0x0040349c
  401d8c:	00401a15 	.word	0x00401a15
  401d90:	00401c9d 	.word	0x00401c9d
  401d94:	004025dd 	.word	0x004025dd
  401d98:	20400a14 	.word	0x20400a14
  401d9c:	00400de1 	.word	0x00400de1

00401da0 <vTaskSuspendAll>:
	++uxSchedulerSuspended;
  401da0:	4a03      	ldr	r2, [pc, #12]	; (401db0 <vTaskSuspendAll+0x10>)
  401da2:	f8d2 30d8 	ldr.w	r3, [r2, #216]	; 0xd8
  401da6:	3301      	adds	r3, #1
  401da8:	f8c2 30d8 	str.w	r3, [r2, #216]	; 0xd8
  401dac:	4770      	bx	lr
  401dae:	bf00      	nop
  401db0:	20400a14 	.word	0x20400a14

00401db4 <xTaskGetTickCount>:
		xTicks = xTickCount;
  401db4:	4b01      	ldr	r3, [pc, #4]	; (401dbc <xTaskGetTickCount+0x8>)
  401db6:	f8d3 00d4 	ldr.w	r0, [r3, #212]	; 0xd4
}
  401dba:	4770      	bx	lr
  401dbc:	20400a14 	.word	0x20400a14

00401dc0 <xTaskIncrementTick>:
{
  401dc0:	e92d 41f0 	stmdb	sp!, {r4, r5, r6, r7, r8, lr}
	if (uxSchedulerSuspended == (UBaseType_t)pdFALSE) {
  401dc4:	4b48      	ldr	r3, [pc, #288]	; (401ee8 <xTaskIncrementTick+0x128>)
  401dc6:	f8d3 30d8 	ldr.w	r3, [r3, #216]	; 0xd8
  401dca:	2b00      	cmp	r3, #0
  401dcc:	d17d      	bne.n	401eca <xTaskIncrementTick+0x10a>
		const TickType_t xConstTickCount = xTickCount + (TickType_t)1;
  401dce:	4b46      	ldr	r3, [pc, #280]	; (401ee8 <xTaskIncrementTick+0x128>)
  401dd0:	f8d3 50d4 	ldr.w	r5, [r3, #212]	; 0xd4
  401dd4:	3501      	adds	r5, #1
		xTickCount = xConstTickCount;
  401dd6:	f8c3 50d4 	str.w	r5, [r3, #212]	; 0xd4
		if (xConstTickCount
  401dda:	b9f5      	cbnz	r5, 401e1a <xTaskIncrementTick+0x5a>
			taskSWITCH_DELAYED_LISTS();
  401ddc:	f8d3 308c 	ldr.w	r3, [r3, #140]	; 0x8c
  401de0:	681b      	ldr	r3, [r3, #0]
  401de2:	b153      	cbz	r3, 401dfa <xTaskIncrementTick+0x3a>
  401de4:	f04f 0380 	mov.w	r3, #128	; 0x80
  401de8:	b672      	cpsid	i
  401dea:	f383 8811 	msr	BASEPRI, r3
  401dee:	f3bf 8f6f 	isb	sy
  401df2:	f3bf 8f4f 	dsb	sy
  401df6:	b662      	cpsie	i
  401df8:	e7fe      	b.n	401df8 <xTaskIncrementTick+0x38>
  401dfa:	4b3b      	ldr	r3, [pc, #236]	; (401ee8 <xTaskIncrementTick+0x128>)
  401dfc:	f8d3 208c 	ldr.w	r2, [r3, #140]	; 0x8c
  401e00:	f8d3 10bc 	ldr.w	r1, [r3, #188]	; 0xbc
  401e04:	f8c3 108c 	str.w	r1, [r3, #140]	; 0x8c
  401e08:	f8c3 20bc 	str.w	r2, [r3, #188]	; 0xbc
  401e0c:	f8d3 20e0 	ldr.w	r2, [r3, #224]	; 0xe0
  401e10:	3201      	adds	r2, #1
  401e12:	f8c3 20e0 	str.w	r2, [r3, #224]	; 0xe0
  401e16:	4b35      	ldr	r3, [pc, #212]	; (401eec <xTaskIncrementTick+0x12c>)
  401e18:	4798      	blx	r3
		if (xConstTickCount >= xNextTaskUnblockTime) {
  401e1a:	4b33      	ldr	r3, [pc, #204]	; (401ee8 <xTaskIncrementTick+0x128>)
  401e1c:	f8d3 3090 	ldr.w	r3, [r3, #144]	; 0x90
  401e20:	429d      	cmp	r5, r3
  401e22:	d244      	bcs.n	401eae <xTaskIncrementTick+0xee>
	BaseType_t xSwitchRequired = pdFALSE;
  401e24:	2400      	movs	r4, #0
			if (listCURRENT_LIST_LENGTH(&(pxReadyTasksLists[pxCurrentTCB->uxPriority])) > (UBaseType_t)1) {
  401e26:	4a30      	ldr	r2, [pc, #192]	; (401ee8 <xTaskIncrementTick+0x128>)
  401e28:	f8d2 30c4 	ldr.w	r3, [r2, #196]	; 0xc4
  401e2c:	6adb      	ldr	r3, [r3, #44]	; 0x2c
  401e2e:	eb03 0383 	add.w	r3, r3, r3, lsl #2
  401e32:	0099      	lsls	r1, r3, #2
  401e34:	440a      	add	r2, r1
  401e36:	6a93      	ldr	r3, [r2, #40]	; 0x28
  401e38:	2b01      	cmp	r3, #1
  401e3a:	d94d      	bls.n	401ed8 <xTaskIncrementTick+0x118>
				xSwitchRequired = pdTRUE;
  401e3c:	2401      	movs	r4, #1
  401e3e:	e04b      	b.n	401ed8 <xTaskIncrementTick+0x118>
							xSwitchRequired = pdTRUE;
  401e40:	2401      	movs	r4, #1
				if (listLIST_IS_EMPTY(pxDelayedTaskList) != pdFALSE) {
  401e42:	4b29      	ldr	r3, [pc, #164]	; (401ee8 <xTaskIncrementTick+0x128>)
  401e44:	f8d3 308c 	ldr.w	r3, [r3, #140]	; 0x8c
  401e48:	681b      	ldr	r3, [r3, #0]
  401e4a:	2b00      	cmp	r3, #0
  401e4c:	d031      	beq.n	401eb2 <xTaskIncrementTick+0xf2>
  401e4e:	2300      	movs	r3, #0
  401e50:	2b00      	cmp	r3, #0
  401e52:	d130      	bne.n	401eb6 <xTaskIncrementTick+0xf6>
					pxTCB      = (TCB_t *)listGET_OWNER_OF_HEAD_ENTRY(pxDelayedTaskList);
  401e54:	4b24      	ldr	r3, [pc, #144]	; (401ee8 <xTaskIncrementTick+0x128>)
  401e56:	f8d3 308c 	ldr.w	r3, [r3, #140]	; 0x8c
  401e5a:	68db      	ldr	r3, [r3, #12]
  401e5c:	68de      	ldr	r6, [r3, #12]
					xItemValue = listGET_LIST_ITEM_VALUE(&(pxTCB->xStateListItem));
  401e5e:	6873      	ldr	r3, [r6, #4]
					if (xConstTickCount < xItemValue) {
  401e60:	429d      	cmp	r5, r3
  401e62:	d32e      	bcc.n	401ec2 <xTaskIncrementTick+0x102>
					(void)uxListRemove(&(pxTCB->xStateListItem));
  401e64:	f106 0804 	add.w	r8, r6, #4
  401e68:	4640      	mov	r0, r8
  401e6a:	4b21      	ldr	r3, [pc, #132]	; (401ef0 <xTaskIncrementTick+0x130>)
  401e6c:	4798      	blx	r3
					if (listLIST_ITEM_CONTAINER(&(pxTCB->xEventListItem)) != NULL) {
  401e6e:	6ab3      	ldr	r3, [r6, #40]	; 0x28
  401e70:	b11b      	cbz	r3, 401e7a <xTaskIncrementTick+0xba>
						(void)uxListRemove(&(pxTCB->xEventListItem));
  401e72:	f106 0018 	add.w	r0, r6, #24
  401e76:	4b1e      	ldr	r3, [pc, #120]	; (401ef0 <xTaskIncrementTick+0x130>)
  401e78:	4798      	blx	r3
					prvAddTaskToReadyList(pxTCB);
  401e7a:	6af3      	ldr	r3, [r6, #44]	; 0x2c
  401e7c:	4a1a      	ldr	r2, [pc, #104]	; (401ee8 <xTaskIncrementTick+0x128>)
  401e7e:	f8d2 20d0 	ldr.w	r2, [r2, #208]	; 0xd0
  401e82:	4293      	cmp	r3, r2
  401e84:	d902      	bls.n	401e8c <xTaskIncrementTick+0xcc>
  401e86:	4a18      	ldr	r2, [pc, #96]	; (401ee8 <xTaskIncrementTick+0x128>)
  401e88:	f8c2 30d0 	str.w	r3, [r2, #208]	; 0xd0
  401e8c:	4f16      	ldr	r7, [pc, #88]	; (401ee8 <xTaskIncrementTick+0x128>)
  401e8e:	f107 0028 	add.w	r0, r7, #40	; 0x28
  401e92:	eb03 0383 	add.w	r3, r3, r3, lsl #2
  401e96:	009a      	lsls	r2, r3, #2
  401e98:	4641      	mov	r1, r8
  401e9a:	4410      	add	r0, r2
  401e9c:	4b15      	ldr	r3, [pc, #84]	; (401ef4 <xTaskIncrementTick+0x134>)
  401e9e:	4798      	blx	r3
						if (pxTCB->uxPriority >= pxCurrentTCB->uxPriority) {
  401ea0:	6af2      	ldr	r2, [r6, #44]	; 0x2c
  401ea2:	f8d7 30c4 	ldr.w	r3, [r7, #196]	; 0xc4
  401ea6:	6adb      	ldr	r3, [r3, #44]	; 0x2c
  401ea8:	429a      	cmp	r2, r3
  401eaa:	d2c9      	bcs.n	401e40 <xTaskIncrementTick+0x80>
  401eac:	e7c9      	b.n	401e42 <xTaskIncrementTick+0x82>
  401eae:	2400      	movs	r4, #0
  401eb0:	e7c7      	b.n	401e42 <xTaskIncrementTick+0x82>
				if (listLIST_IS_EMPTY(pxDelayedTaskList) != pdFALSE) {
  401eb2:	2301      	movs	r3, #1
  401eb4:	e7cc      	b.n	401e50 <xTaskIncrementTick+0x90>
					    = portMAX_DELAY; /*lint !e961 MISRA exception as the casts are only redundant for some ports. */
  401eb6:	f04f 32ff 	mov.w	r2, #4294967295
  401eba:	4b0b      	ldr	r3, [pc, #44]	; (401ee8 <xTaskIncrementTick+0x128>)
  401ebc:	f8c3 2090 	str.w	r2, [r3, #144]	; 0x90
					break;
  401ec0:	e7b1      	b.n	401e26 <xTaskIncrementTick+0x66>
						xNextTaskUnblockTime = xItemValue;
  401ec2:	4a09      	ldr	r2, [pc, #36]	; (401ee8 <xTaskIncrementTick+0x128>)
  401ec4:	f8c2 3090 	str.w	r3, [r2, #144]	; 0x90
						break;
  401ec8:	e7ad      	b.n	401e26 <xTaskIncrementTick+0x66>
		++uxPendedTicks;
  401eca:	4a07      	ldr	r2, [pc, #28]	; (401ee8 <xTaskIncrementTick+0x128>)
  401ecc:	f8d2 30e4 	ldr.w	r3, [r2, #228]	; 0xe4
  401ed0:	3301      	adds	r3, #1
  401ed2:	f8c2 30e4 	str.w	r3, [r2, #228]	; 0xe4
	BaseType_t xSwitchRequired = pdFALSE;
  401ed6:	2400      	movs	r4, #0
		if (xYieldPending != pdFALSE) {
  401ed8:	4b03      	ldr	r3, [pc, #12]	; (401ee8 <xTaskIncrementTick+0x128>)
  401eda:	f8d3 30e8 	ldr.w	r3, [r3, #232]	; 0xe8
  401ede:	b103      	cbz	r3, 401ee2 <xTaskIncrementTick+0x122>
			xSwitchRequired = pdTRUE;
  401ee0:	2401      	movs	r4, #1
}
  401ee2:	4620      	mov	r0, r4
  401ee4:	e8bd 81f0 	ldmia.w	sp!, {r4, r5, r6, r7, r8, pc}
  401ee8:	20400a14 	.word	0x20400a14
  401eec:	00401a39 	.word	0x00401a39
  401ef0:	00400ba5 	.word	0x00400ba5
  401ef4:	00400b59 	.word	0x00400b59

00401ef8 <xTaskResumeAll>:
{
  401ef8:	b5f8      	push	{r3, r4, r5, r6, r7, lr}
	configASSERT(uxSchedulerSuspended);
  401efa:	4b3b      	ldr	r3, [pc, #236]	; (401fe8 <xTaskResumeAll+0xf0>)
  401efc:	f8d3 30d8 	ldr.w	r3, [r3, #216]	; 0xd8
  401f00:	b953      	cbnz	r3, 401f18 <xTaskResumeAll+0x20>
  401f02:	f04f 0380 	mov.w	r3, #128	; 0x80
  401f06:	b672      	cpsid	i
  401f08:	f383 8811 	msr	BASEPRI, r3
  401f0c:	f3bf 8f6f 	isb	sy
  401f10:	f3bf 8f4f 	dsb	sy
  401f14:	b662      	cpsie	i
  401f16:	e7fe      	b.n	401f16 <xTaskResumeAll+0x1e>
	taskENTER_CRITICAL();
  401f18:	4b34      	ldr	r3, [pc, #208]	; (401fec <xTaskResumeAll+0xf4>)
  401f1a:	4798      	blx	r3
		--uxSchedulerSuspended;
  401f1c:	4b32      	ldr	r3, [pc, #200]	; (401fe8 <xTaskResumeAll+0xf0>)
  401f1e:	f8d3 20d8 	ldr.w	r2, [r3, #216]	; 0xd8
  401f22:	3a01      	subs	r2, #1
  401f24:	f8c3 20d8 	str.w	r2, [r3, #216]	; 0xd8
		if (uxSchedulerSuspended == (UBaseType_t)pdFALSE) {
  401f28:	f8d3 30d8 	ldr.w	r3, [r3, #216]	; 0xd8
  401f2c:	2b00      	cmp	r3, #0
  401f2e:	d156      	bne.n	401fde <xTaskResumeAll+0xe6>
			if (uxCurrentNumberOfTasks > (UBaseType_t)0U) {
  401f30:	4b2d      	ldr	r3, [pc, #180]	; (401fe8 <xTaskResumeAll+0xf0>)
  401f32:	f8d3 30c0 	ldr.w	r3, [r3, #192]	; 0xc0
  401f36:	b923      	cbnz	r3, 401f42 <xTaskResumeAll+0x4a>
	BaseType_t xAlreadyYielded = pdFALSE;
  401f38:	2400      	movs	r4, #0
	taskEXIT_CRITICAL();
  401f3a:	4b2d      	ldr	r3, [pc, #180]	; (401ff0 <xTaskResumeAll+0xf8>)
  401f3c:	4798      	blx	r3
}
  401f3e:	4620      	mov	r0, r4
  401f40:	bdf8      	pop	{r3, r4, r5, r6, r7, pc}
  401f42:	2400      	movs	r4, #0
				while (listLIST_IS_EMPTY(&xPendingReadyList) == pdFALSE) {
  401f44:	4b28      	ldr	r3, [pc, #160]	; (401fe8 <xTaskResumeAll+0xf0>)
  401f46:	695b      	ldr	r3, [r3, #20]
  401f48:	b323      	cbz	r3, 401f94 <xTaskResumeAll+0x9c>
					pxTCB = (TCB_t *)listGET_OWNER_OF_HEAD_ENTRY((&xPendingReadyList));
  401f4a:	4d27      	ldr	r5, [pc, #156]	; (401fe8 <xTaskResumeAll+0xf0>)
  401f4c:	6a2b      	ldr	r3, [r5, #32]
  401f4e:	68dc      	ldr	r4, [r3, #12]
					(void)uxListRemove(&(pxTCB->xEventListItem));
  401f50:	f104 0018 	add.w	r0, r4, #24
  401f54:	4f27      	ldr	r7, [pc, #156]	; (401ff4 <xTaskResumeAll+0xfc>)
  401f56:	47b8      	blx	r7
					(void)uxListRemove(&(pxTCB->xStateListItem));
  401f58:	1d26      	adds	r6, r4, #4
  401f5a:	4630      	mov	r0, r6
  401f5c:	47b8      	blx	r7
					prvAddTaskToReadyList(pxTCB);
  401f5e:	6ae3      	ldr	r3, [r4, #44]	; 0x2c
  401f60:	f8d5 20d0 	ldr.w	r2, [r5, #208]	; 0xd0
  401f64:	4293      	cmp	r3, r2
  401f66:	d901      	bls.n	401f6c <xTaskResumeAll+0x74>
  401f68:	f8c5 30d0 	str.w	r3, [r5, #208]	; 0xd0
  401f6c:	4d1e      	ldr	r5, [pc, #120]	; (401fe8 <xTaskResumeAll+0xf0>)
  401f6e:	f105 0028 	add.w	r0, r5, #40	; 0x28
  401f72:	eb03 0383 	add.w	r3, r3, r3, lsl #2
  401f76:	009a      	lsls	r2, r3, #2
  401f78:	4631      	mov	r1, r6
  401f7a:	4410      	add	r0, r2
  401f7c:	4b1e      	ldr	r3, [pc, #120]	; (401ff8 <xTaskResumeAll+0x100>)
  401f7e:	4798      	blx	r3
					if (pxTCB->uxPriority >= pxCurrentTCB->uxPriority) {
  401f80:	6ae2      	ldr	r2, [r4, #44]	; 0x2c
  401f82:	f8d5 30c4 	ldr.w	r3, [r5, #196]	; 0xc4
  401f86:	6adb      	ldr	r3, [r3, #44]	; 0x2c
  401f88:	429a      	cmp	r2, r3
  401f8a:	d3db      	bcc.n	401f44 <xTaskResumeAll+0x4c>
						xYieldPending = pdTRUE;
  401f8c:	2201      	movs	r2, #1
  401f8e:	f8c5 20e8 	str.w	r2, [r5, #232]	; 0xe8
  401f92:	e7d7      	b.n	401f44 <xTaskResumeAll+0x4c>
				if (pxTCB != NULL) {
  401f94:	b10c      	cbz	r4, 401f9a <xTaskResumeAll+0xa2>
					prvResetNextTaskUnblockTime();
  401f96:	4b19      	ldr	r3, [pc, #100]	; (401ffc <xTaskResumeAll+0x104>)
  401f98:	4798      	blx	r3
					UBaseType_t uxPendedCounts = uxPendedTicks; /* Non-volatile copy. */
  401f9a:	4b13      	ldr	r3, [pc, #76]	; (401fe8 <xTaskResumeAll+0xf0>)
  401f9c:	f8d3 40e4 	ldr.w	r4, [r3, #228]	; 0xe4
					if (uxPendedCounts > (UBaseType_t)0U) {
  401fa0:	b97c      	cbnz	r4, 401fc2 <xTaskResumeAll+0xca>
				if (xYieldPending != pdFALSE) {
  401fa2:	4b11      	ldr	r3, [pc, #68]	; (401fe8 <xTaskResumeAll+0xf0>)
  401fa4:	f8d3 30e8 	ldr.w	r3, [r3, #232]	; 0xe8
  401fa8:	b1db      	cbz	r3, 401fe2 <xTaskResumeAll+0xea>
					taskYIELD_IF_USING_PREEMPTION();
  401faa:	f04f 5280 	mov.w	r2, #268435456	; 0x10000000
  401fae:	4b14      	ldr	r3, [pc, #80]	; (402000 <xTaskResumeAll+0x108>)
  401fb0:	601a      	str	r2, [r3, #0]
  401fb2:	f3bf 8f4f 	dsb	sy
  401fb6:	f3bf 8f6f 	isb	sy
						xAlreadyYielded = pdTRUE;
  401fba:	2401      	movs	r4, #1
  401fbc:	e7bd      	b.n	401f3a <xTaskResumeAll+0x42>
						} while (uxPendedCounts > (UBaseType_t)0U);
  401fbe:	3c01      	subs	r4, #1
  401fc0:	d008      	beq.n	401fd4 <xTaskResumeAll+0xdc>
							if (xTaskIncrementTick() != pdFALSE) {
  401fc2:	4b10      	ldr	r3, [pc, #64]	; (402004 <xTaskResumeAll+0x10c>)
  401fc4:	4798      	blx	r3
  401fc6:	2800      	cmp	r0, #0
  401fc8:	d0f9      	beq.n	401fbe <xTaskResumeAll+0xc6>
								xYieldPending = pdTRUE;
  401fca:	2201      	movs	r2, #1
  401fcc:	4b06      	ldr	r3, [pc, #24]	; (401fe8 <xTaskResumeAll+0xf0>)
  401fce:	f8c3 20e8 	str.w	r2, [r3, #232]	; 0xe8
  401fd2:	e7f4      	b.n	401fbe <xTaskResumeAll+0xc6>
						uxPendedTicks = 0;
  401fd4:	2200      	movs	r2, #0
  401fd6:	4b04      	ldr	r3, [pc, #16]	; (401fe8 <xTaskResumeAll+0xf0>)
  401fd8:	f8c3 20e4 	str.w	r2, [r3, #228]	; 0xe4
  401fdc:	e7e1      	b.n	401fa2 <xTaskResumeAll+0xaa>
	BaseType_t xAlreadyYielded = pdFALSE;
  401fde:	2400      	movs	r4, #0
  401fe0:	e7ab      	b.n	401f3a <xTaskResumeAll+0x42>
  401fe2:	2400      	movs	r4, #0
  401fe4:	e7a9      	b.n	401f3a <xTaskResumeAll+0x42>
  401fe6:	bf00      	nop
  401fe8:	20400a14 	.word	0x20400a14
  401fec:	00400ca5 	.word	0x00400ca5
  401ff0:	00400cf1 	.word	0x00400cf1
  401ff4:	00400ba5 	.word	0x00400ba5
  401ff8:	00400b59 	.word	0x00400b59
  401ffc:	00401a39 	.word	0x00401a39
  402000:	e000ed04 	.word	0xe000ed04
  402004:	00401dc1 	.word	0x00401dc1

00402008 <vTaskDelay>:
{
  402008:	b510      	push	{r4, lr}
	if (xTicksToDelay > (TickType_t)0U) {
  40200a:	b1c0      	cbz	r0, 40203e <vTaskDelay+0x36>
  40200c:	4604      	mov	r4, r0
		configASSERT(uxSchedulerSuspended == 0);
  40200e:	4b11      	ldr	r3, [pc, #68]	; (402054 <vTaskDelay+0x4c>)
  402010:	f8d3 30d8 	ldr.w	r3, [r3, #216]	; 0xd8
  402014:	b153      	cbz	r3, 40202c <vTaskDelay+0x24>
  402016:	f04f 0380 	mov.w	r3, #128	; 0x80
  40201a:	b672      	cpsid	i
  40201c:	f383 8811 	msr	BASEPRI, r3
  402020:	f3bf 8f6f 	isb	sy
  402024:	f3bf 8f4f 	dsb	sy
  402028:	b662      	cpsie	i
  40202a:	e7fe      	b.n	40202a <vTaskDelay+0x22>
		vTaskSuspendAll();
  40202c:	4b0a      	ldr	r3, [pc, #40]	; (402058 <vTaskDelay+0x50>)
  40202e:	4798      	blx	r3
			prvAddCurrentTaskToDelayedList(xTicksToDelay, pdFALSE);
  402030:	2100      	movs	r1, #0
  402032:	4620      	mov	r0, r4
  402034:	4b09      	ldr	r3, [pc, #36]	; (40205c <vTaskDelay+0x54>)
  402036:	4798      	blx	r3
		xAlreadyYielded = xTaskResumeAll();
  402038:	4b09      	ldr	r3, [pc, #36]	; (402060 <vTaskDelay+0x58>)
  40203a:	4798      	blx	r3
  40203c:	e000      	b.n	402040 <vTaskDelay+0x38>
	BaseType_t xAlreadyYielded = pdFALSE;
  40203e:	2000      	movs	r0, #0
	if (xAlreadyYielded == pdFALSE) {
  402040:	b938      	cbnz	r0, 402052 <vTaskDelay+0x4a>
		portYIELD_WITHIN_API();
  402042:	f04f 5280 	mov.w	r2, #268435456	; 0x10000000
  402046:	4b07      	ldr	r3, [pc, #28]	; (402064 <vTaskDelay+0x5c>)
  402048:	601a      	str	r2, [r3, #0]
  40204a:	f3bf 8f4f 	dsb	sy
  40204e:	f3bf 8f6f 	isb	sy
  402052:	bd10      	pop	{r4, pc}
  402054:	20400a14 	.word	0x20400a14
  402058:	00401da1 	.word	0x00401da1
  40205c:	00401c19 	.word	0x00401c19
  402060:	00401ef9 	.word	0x00401ef9
  402064:	e000ed04 	.word	0xe000ed04

00402068 <vTaskSwitchContext>:
	if (uxSchedulerSuspended != (UBaseType_t)pdFALSE) {
  402068:	4b23      	ldr	r3, [pc, #140]	; (4020f8 <vTaskSwitchContext+0x90>)
  40206a:	f8d3 30d8 	ldr.w	r3, [r3, #216]	; 0xd8
  40206e:	b97b      	cbnz	r3, 402090 <vTaskSwitchContext+0x28>
		xYieldPending = pdFALSE;
  402070:	4b21      	ldr	r3, [pc, #132]	; (4020f8 <vTaskSwitchContext+0x90>)
  402072:	2200      	movs	r2, #0
  402074:	f8c3 20e8 	str.w	r2, [r3, #232]	; 0xe8
		taskSELECT_HIGHEST_PRIORITY_TASK();
  402078:	f8d3 30d0 	ldr.w	r3, [r3, #208]	; 0xd0
  40207c:	eb03 0283 	add.w	r2, r3, r3, lsl #2
  402080:	0091      	lsls	r1, r2, #2
  402082:	4a1d      	ldr	r2, [pc, #116]	; (4020f8 <vTaskSwitchContext+0x90>)
  402084:	440a      	add	r2, r1
  402086:	6a92      	ldr	r2, [r2, #40]	; 0x28
  402088:	b992      	cbnz	r2, 4020b0 <vTaskSwitchContext+0x48>
  40208a:	b133      	cbz	r3, 40209a <vTaskSwitchContext+0x32>
  40208c:	3b01      	subs	r3, #1
  40208e:	e7f5      	b.n	40207c <vTaskSwitchContext+0x14>
		xYieldPending = pdTRUE;
  402090:	2201      	movs	r2, #1
  402092:	4b19      	ldr	r3, [pc, #100]	; (4020f8 <vTaskSwitchContext+0x90>)
  402094:	f8c3 20e8 	str.w	r2, [r3, #232]	; 0xe8
  402098:	4770      	bx	lr
  40209a:	f04f 0380 	mov.w	r3, #128	; 0x80
  40209e:	b672      	cpsid	i
  4020a0:	f383 8811 	msr	BASEPRI, r3
  4020a4:	f3bf 8f6f 	isb	sy
  4020a8:	f3bf 8f4f 	dsb	sy
  4020ac:	b662      	cpsie	i
  4020ae:	e7fe      	b.n	4020ae <vTaskSwitchContext+0x46>
{
  4020b0:	b410      	push	{r4}
		taskSELECT_HIGHEST_PRIORITY_TASK();
  4020b2:	4a11      	ldr	r2, [pc, #68]	; (4020f8 <vTaskSwitchContext+0x90>)
  4020b4:	0099      	lsls	r1, r3, #2
  4020b6:	18cc      	adds	r4, r1, r3
  4020b8:	00a0      	lsls	r0, r4, #2
  4020ba:	4410      	add	r0, r2
  4020bc:	6ac4      	ldr	r4, [r0, #44]	; 0x2c
  4020be:	6864      	ldr	r4, [r4, #4]
  4020c0:	62c4      	str	r4, [r0, #44]	; 0x2c
  4020c2:	3228      	adds	r2, #40	; 0x28
  4020c4:	4419      	add	r1, r3
  4020c6:	0088      	lsls	r0, r1, #2
  4020c8:	4601      	mov	r1, r0
  4020ca:	3008      	adds	r0, #8
  4020cc:	4402      	add	r2, r0
  4020ce:	4294      	cmp	r4, r2
  4020d0:	d00d      	beq.n	4020ee <vTaskSwitchContext+0x86>
  4020d2:	4909      	ldr	r1, [pc, #36]	; (4020f8 <vTaskSwitchContext+0x90>)
  4020d4:	eb03 0083 	add.w	r0, r3, r3, lsl #2
  4020d8:	0082      	lsls	r2, r0, #2
  4020da:	440a      	add	r2, r1
  4020dc:	6ad2      	ldr	r2, [r2, #44]	; 0x2c
  4020de:	68d2      	ldr	r2, [r2, #12]
  4020e0:	f8c1 20c4 	str.w	r2, [r1, #196]	; 0xc4
  4020e4:	f8c1 30d0 	str.w	r3, [r1, #208]	; 0xd0
}
  4020e8:	f85d 4b04 	ldr.w	r4, [sp], #4
  4020ec:	4770      	bx	lr
		taskSELECT_HIGHEST_PRIORITY_TASK();
  4020ee:	6860      	ldr	r0, [r4, #4]
  4020f0:	4a01      	ldr	r2, [pc, #4]	; (4020f8 <vTaskSwitchContext+0x90>)
  4020f2:	440a      	add	r2, r1
  4020f4:	62d0      	str	r0, [r2, #44]	; 0x2c
  4020f6:	e7ec      	b.n	4020d2 <vTaskSwitchContext+0x6a>
  4020f8:	20400a14 	.word	0x20400a14

004020fc <vTaskPlaceOnEventList>:
	configASSERT(pxEventList);
  4020fc:	b950      	cbnz	r0, 402114 <vTaskPlaceOnEventList+0x18>
  4020fe:	f04f 0380 	mov.w	r3, #128	; 0x80
  402102:	b672      	cpsid	i
  402104:	f383 8811 	msr	BASEPRI, r3
  402108:	f3bf 8f6f 	isb	sy
  40210c:	f3bf 8f4f 	dsb	sy
  402110:	b662      	cpsie	i
  402112:	e7fe      	b.n	402112 <vTaskPlaceOnEventList+0x16>
{
  402114:	b510      	push	{r4, lr}
  402116:	460c      	mov	r4, r1
	vListInsert(pxEventList, &(pxCurrentTCB->xEventListItem));
  402118:	4b05      	ldr	r3, [pc, #20]	; (402130 <vTaskPlaceOnEventList+0x34>)
  40211a:	f8d3 10c4 	ldr.w	r1, [r3, #196]	; 0xc4
  40211e:	3118      	adds	r1, #24
  402120:	4b04      	ldr	r3, [pc, #16]	; (402134 <vTaskPlaceOnEventList+0x38>)
  402122:	4798      	blx	r3
	prvAddCurrentTaskToDelayedList(xTicksToWait, pdTRUE);
  402124:	2101      	movs	r1, #1
  402126:	4620      	mov	r0, r4
  402128:	4b03      	ldr	r3, [pc, #12]	; (402138 <vTaskPlaceOnEventList+0x3c>)
  40212a:	4798      	blx	r3
  40212c:	bd10      	pop	{r4, pc}
  40212e:	bf00      	nop
  402130:	20400a14 	.word	0x20400a14
  402134:	00400b71 	.word	0x00400b71
  402138:	00401c19 	.word	0x00401c19

0040213c <vTaskPlaceOnEventListRestricted>:
{
  40213c:	b538      	push	{r3, r4, r5, lr}
	configASSERT(pxEventList);
  40213e:	b178      	cbz	r0, 402160 <vTaskPlaceOnEventListRestricted+0x24>
  402140:	460c      	mov	r4, r1
  402142:	4615      	mov	r5, r2
	vListInsertEnd(pxEventList, &(pxCurrentTCB->xEventListItem));
  402144:	4a0c      	ldr	r2, [pc, #48]	; (402178 <vTaskPlaceOnEventListRestricted+0x3c>)
  402146:	f8d2 10c4 	ldr.w	r1, [r2, #196]	; 0xc4
  40214a:	3118      	adds	r1, #24
  40214c:	4b0b      	ldr	r3, [pc, #44]	; (40217c <vTaskPlaceOnEventListRestricted+0x40>)
  40214e:	4798      	blx	r3
	if (xWaitIndefinitely != pdFALSE) {
  402150:	b10d      	cbz	r5, 402156 <vTaskPlaceOnEventListRestricted+0x1a>
		xTicksToWait = portMAX_DELAY;
  402152:	f04f 34ff 	mov.w	r4, #4294967295
	prvAddCurrentTaskToDelayedList(xTicksToWait, xWaitIndefinitely);
  402156:	4629      	mov	r1, r5
  402158:	4620      	mov	r0, r4
  40215a:	4b09      	ldr	r3, [pc, #36]	; (402180 <vTaskPlaceOnEventListRestricted+0x44>)
  40215c:	4798      	blx	r3
  40215e:	bd38      	pop	{r3, r4, r5, pc}
  402160:	f04f 0380 	mov.w	r3, #128	; 0x80
  402164:	b672      	cpsid	i
  402166:	f383 8811 	msr	BASEPRI, r3
  40216a:	f3bf 8f6f 	isb	sy
  40216e:	f3bf 8f4f 	dsb	sy
  402172:	b662      	cpsie	i
  402174:	e7fe      	b.n	402174 <vTaskPlaceOnEventListRestricted+0x38>
  402176:	bf00      	nop
  402178:	20400a14 	.word	0x20400a14
  40217c:	00400b59 	.word	0x00400b59
  402180:	00401c19 	.word	0x00401c19

00402184 <xTaskRemoveFromEventList>:
{
  402184:	b538      	push	{r3, r4, r5, lr}
	pxUnblockedTCB = (TCB_t *)listGET_OWNER_OF_HEAD_ENTRY(pxEventList);
  402186:	68c3      	ldr	r3, [r0, #12]
  402188:	68dc      	ldr	r4, [r3, #12]
	configASSERT(pxUnblockedTCB);
  40218a:	b34c      	cbz	r4, 4021e0 <xTaskRemoveFromEventList+0x5c>
	(void)uxListRemove(&(pxUnblockedTCB->xEventListItem));
  40218c:	f104 0518 	add.w	r5, r4, #24
  402190:	4628      	mov	r0, r5
  402192:	4b1c      	ldr	r3, [pc, #112]	; (402204 <xTaskRemoveFromEventList+0x80>)
  402194:	4798      	blx	r3
	if (uxSchedulerSuspended == (UBaseType_t)pdFALSE) {
  402196:	4b1c      	ldr	r3, [pc, #112]	; (402208 <xTaskRemoveFromEventList+0x84>)
  402198:	f8d3 30d8 	ldr.w	r3, [r3, #216]	; 0xd8
  40219c:	bb5b      	cbnz	r3, 4021f6 <xTaskRemoveFromEventList+0x72>
		(void)uxListRemove(&(pxUnblockedTCB->xStateListItem));
  40219e:	1d25      	adds	r5, r4, #4
  4021a0:	4628      	mov	r0, r5
  4021a2:	4b18      	ldr	r3, [pc, #96]	; (402204 <xTaskRemoveFromEventList+0x80>)
  4021a4:	4798      	blx	r3
		prvAddTaskToReadyList(pxUnblockedTCB);
  4021a6:	6ae3      	ldr	r3, [r4, #44]	; 0x2c
  4021a8:	4a17      	ldr	r2, [pc, #92]	; (402208 <xTaskRemoveFromEventList+0x84>)
  4021aa:	f8d2 20d0 	ldr.w	r2, [r2, #208]	; 0xd0
  4021ae:	4293      	cmp	r3, r2
  4021b0:	d902      	bls.n	4021b8 <xTaskRemoveFromEventList+0x34>
  4021b2:	4a15      	ldr	r2, [pc, #84]	; (402208 <xTaskRemoveFromEventList+0x84>)
  4021b4:	f8c2 30d0 	str.w	r3, [r2, #208]	; 0xd0
  4021b8:	eb03 0383 	add.w	r3, r3, r3, lsl #2
  4021bc:	009a      	lsls	r2, r3, #2
  4021be:	4629      	mov	r1, r5
  4021c0:	4812      	ldr	r0, [pc, #72]	; (40220c <xTaskRemoveFromEventList+0x88>)
  4021c2:	4410      	add	r0, r2
  4021c4:	4b12      	ldr	r3, [pc, #72]	; (402210 <xTaskRemoveFromEventList+0x8c>)
  4021c6:	4798      	blx	r3
	if (pxUnblockedTCB->uxPriority > pxCurrentTCB->uxPriority) {
  4021c8:	6ae2      	ldr	r2, [r4, #44]	; 0x2c
  4021ca:	4b0f      	ldr	r3, [pc, #60]	; (402208 <xTaskRemoveFromEventList+0x84>)
  4021cc:	f8d3 30c4 	ldr.w	r3, [r3, #196]	; 0xc4
  4021d0:	6adb      	ldr	r3, [r3, #44]	; 0x2c
  4021d2:	429a      	cmp	r2, r3
  4021d4:	d914      	bls.n	402200 <xTaskRemoveFromEventList+0x7c>
		xYieldPending = pdTRUE;
  4021d6:	2001      	movs	r0, #1
  4021d8:	4b0b      	ldr	r3, [pc, #44]	; (402208 <xTaskRemoveFromEventList+0x84>)
  4021da:	f8c3 00e8 	str.w	r0, [r3, #232]	; 0xe8
  4021de:	bd38      	pop	{r3, r4, r5, pc}
  4021e0:	f04f 0380 	mov.w	r3, #128	; 0x80
  4021e4:	b672      	cpsid	i
  4021e6:	f383 8811 	msr	BASEPRI, r3
  4021ea:	f3bf 8f6f 	isb	sy
  4021ee:	f3bf 8f4f 	dsb	sy
  4021f2:	b662      	cpsie	i
  4021f4:	e7fe      	b.n	4021f4 <xTaskRemoveFromEventList+0x70>
		vListInsertEnd(&(xPendingReadyList), &(pxUnblockedTCB->xEventListItem));
  4021f6:	4629      	mov	r1, r5
  4021f8:	4806      	ldr	r0, [pc, #24]	; (402214 <xTaskRemoveFromEventList+0x90>)
  4021fa:	4b05      	ldr	r3, [pc, #20]	; (402210 <xTaskRemoveFromEventList+0x8c>)
  4021fc:	4798      	blx	r3
  4021fe:	e7e3      	b.n	4021c8 <xTaskRemoveFromEventList+0x44>
		xReturn = pdFALSE;
  402200:	2000      	movs	r0, #0
}
  402202:	bd38      	pop	{r3, r4, r5, pc}
  402204:	00400ba5 	.word	0x00400ba5
  402208:	20400a14 	.word	0x20400a14
  40220c:	20400a3c 	.word	0x20400a3c
  402210:	00400b59 	.word	0x00400b59
  402214:	20400a28 	.word	0x20400a28

00402218 <vTaskInternalSetTimeOutState>:
	pxTimeOut->xOverflowCount  = xNumOfOverflows;
  402218:	4b03      	ldr	r3, [pc, #12]	; (402228 <vTaskInternalSetTimeOutState+0x10>)
  40221a:	f8d3 20e0 	ldr.w	r2, [r3, #224]	; 0xe0
  40221e:	6002      	str	r2, [r0, #0]
	pxTimeOut->xTimeOnEntering = xTickCount;
  402220:	f8d3 30d4 	ldr.w	r3, [r3, #212]	; 0xd4
  402224:	6043      	str	r3, [r0, #4]
  402226:	4770      	bx	lr
  402228:	20400a14 	.word	0x20400a14

0040222c <xTaskCheckForTimeOut>:
{
  40222c:	b5f8      	push	{r3, r4, r5, r6, r7, lr}
	configASSERT(pxTimeOut);
  40222e:	b1f0      	cbz	r0, 40226e <xTaskCheckForTimeOut+0x42>
  402230:	4605      	mov	r5, r0
	configASSERT(pxTicksToWait);
  402232:	b339      	cbz	r1, 402284 <xTaskCheckForTimeOut+0x58>
  402234:	460c      	mov	r4, r1
	taskENTER_CRITICAL();
  402236:	4b1e      	ldr	r3, [pc, #120]	; (4022b0 <xTaskCheckForTimeOut+0x84>)
  402238:	4798      	blx	r3
		const TickType_t xConstTickCount = xTickCount;
  40223a:	4b1e      	ldr	r3, [pc, #120]	; (4022b4 <xTaskCheckForTimeOut+0x88>)
  40223c:	f8d3 00d4 	ldr.w	r0, [r3, #212]	; 0xd4
		const TickType_t xElapsedTime    = xConstTickCount - pxTimeOut->xTimeOnEntering;
  402240:	6869      	ldr	r1, [r5, #4]
  402242:	1a42      	subs	r2, r0, r1
		    if (*pxTicksToWait == portMAX_DELAY) {
  402244:	6823      	ldr	r3, [r4, #0]
  402246:	f1b3 3fff 	cmp.w	r3, #4294967295
  40224a:	d02d      	beq.n	4022a8 <xTaskCheckForTimeOut+0x7c>
		    if ((xNumOfOverflows != pxTimeOut->xOverflowCount)
  40224c:	682f      	ldr	r7, [r5, #0]
  40224e:	4e19      	ldr	r6, [pc, #100]	; (4022b4 <xTaskCheckForTimeOut+0x88>)
  402250:	f8d6 60e0 	ldr.w	r6, [r6, #224]	; 0xe0
  402254:	42b7      	cmp	r7, r6
  402256:	d001      	beq.n	40225c <xTaskCheckForTimeOut+0x30>
		        && (xConstTickCount >= pxTimeOut->xTimeOnEntering)) /*lint !e525 Indentation preferred as is to make
  402258:	4288      	cmp	r0, r1
  40225a:	d227      	bcs.n	4022ac <xTaskCheckForTimeOut+0x80>
		} else if (xElapsedTime < *pxTicksToWait) /*lint !e961 Explicit casting is only redundant with some compilers,
  40225c:	429a      	cmp	r2, r3
  40225e:	d31c      	bcc.n	40229a <xTaskCheckForTimeOut+0x6e>
			*pxTicksToWait = 0;
  402260:	2300      	movs	r3, #0
  402262:	6023      	str	r3, [r4, #0]
			xReturn        = pdTRUE;
  402264:	2401      	movs	r4, #1
	taskEXIT_CRITICAL();
  402266:	4b14      	ldr	r3, [pc, #80]	; (4022b8 <xTaskCheckForTimeOut+0x8c>)
  402268:	4798      	blx	r3
}
  40226a:	4620      	mov	r0, r4
  40226c:	bdf8      	pop	{r3, r4, r5, r6, r7, pc}
  40226e:	f04f 0380 	mov.w	r3, #128	; 0x80
  402272:	b672      	cpsid	i
  402274:	f383 8811 	msr	BASEPRI, r3
  402278:	f3bf 8f6f 	isb	sy
  40227c:	f3bf 8f4f 	dsb	sy
  402280:	b662      	cpsie	i
  402282:	e7fe      	b.n	402282 <xTaskCheckForTimeOut+0x56>
  402284:	f04f 0380 	mov.w	r3, #128	; 0x80
  402288:	b672      	cpsid	i
  40228a:	f383 8811 	msr	BASEPRI, r3
  40228e:	f3bf 8f6f 	isb	sy
  402292:	f3bf 8f4f 	dsb	sy
  402296:	b662      	cpsie	i
  402298:	e7fe      	b.n	402298 <xTaskCheckForTimeOut+0x6c>
			*pxTicksToWait -= xElapsedTime;
  40229a:	1a9b      	subs	r3, r3, r2
  40229c:	6023      	str	r3, [r4, #0]
			vTaskInternalSetTimeOutState(pxTimeOut);
  40229e:	4628      	mov	r0, r5
  4022a0:	4b06      	ldr	r3, [pc, #24]	; (4022bc <xTaskCheckForTimeOut+0x90>)
  4022a2:	4798      	blx	r3
			xReturn = pdFALSE;
  4022a4:	2400      	movs	r4, #0
  4022a6:	e7de      	b.n	402266 <xTaskCheckForTimeOut+0x3a>
			xReturn = pdFALSE;
  4022a8:	2400      	movs	r4, #0
  4022aa:	e7dc      	b.n	402266 <xTaskCheckForTimeOut+0x3a>
			xReturn = pdTRUE;
  4022ac:	2401      	movs	r4, #1
  4022ae:	e7da      	b.n	402266 <xTaskCheckForTimeOut+0x3a>
  4022b0:	00400ca5 	.word	0x00400ca5
  4022b4:	20400a14 	.word	0x20400a14
  4022b8:	00400cf1 	.word	0x00400cf1
  4022bc:	00402219 	.word	0x00402219

004022c0 <vTaskMissedYield>:
	xYieldPending = pdTRUE;
  4022c0:	2201      	movs	r2, #1
  4022c2:	4b02      	ldr	r3, [pc, #8]	; (4022cc <vTaskMissedYield+0xc>)
  4022c4:	f8c3 20e8 	str.w	r2, [r3, #232]	; 0xe8
  4022c8:	4770      	bx	lr
  4022ca:	bf00      	nop
  4022cc:	20400a14 	.word	0x20400a14

004022d0 <xTaskGetSchedulerState>:
	if (xSchedulerRunning == pdFALSE) {
  4022d0:	4b06      	ldr	r3, [pc, #24]	; (4022ec <xTaskGetSchedulerState+0x1c>)
  4022d2:	f8d3 30c8 	ldr.w	r3, [r3, #200]	; 0xc8
  4022d6:	b12b      	cbz	r3, 4022e4 <xTaskGetSchedulerState+0x14>
		if (uxSchedulerSuspended == (UBaseType_t)pdFALSE) {
  4022d8:	4b04      	ldr	r3, [pc, #16]	; (4022ec <xTaskGetSchedulerState+0x1c>)
  4022da:	f8d3 30d8 	ldr.w	r3, [r3, #216]	; 0xd8
  4022de:	b91b      	cbnz	r3, 4022e8 <xTaskGetSchedulerState+0x18>
			xReturn = taskSCHEDULER_RUNNING;
  4022e0:	2002      	movs	r0, #2
  4022e2:	4770      	bx	lr
		xReturn = taskSCHEDULER_NOT_STARTED;
  4022e4:	2001      	movs	r0, #1
  4022e6:	4770      	bx	lr
			xReturn = taskSCHEDULER_SUSPENDED;
  4022e8:	2000      	movs	r0, #0
}
  4022ea:	4770      	bx	lr
  4022ec:	20400a14 	.word	0x20400a14

004022f0 <xTaskPriorityInherit>:
	if (pxMutexHolder != NULL) {
  4022f0:	2800      	cmp	r0, #0
  4022f2:	d04a      	beq.n	40238a <xTaskPriorityInherit+0x9a>
{
  4022f4:	b538      	push	{r3, r4, r5, lr}
  4022f6:	4605      	mov	r5, r0
		if (pxMutexHolderTCB->uxPriority < pxCurrentTCB->uxPriority) {
  4022f8:	6ac2      	ldr	r2, [r0, #44]	; 0x2c
  4022fa:	4925      	ldr	r1, [pc, #148]	; (402390 <xTaskPriorityInherit+0xa0>)
  4022fc:	f8d1 10c4 	ldr.w	r1, [r1, #196]	; 0xc4
  402300:	6ac9      	ldr	r1, [r1, #44]	; 0x2c
  402302:	428a      	cmp	r2, r1
  402304:	d236      	bcs.n	402374 <xTaskPriorityInherit+0x84>
			if ((listGET_LIST_ITEM_VALUE(&(pxMutexHolderTCB->xEventListItem)) & taskEVENT_LIST_ITEM_VALUE_IN_USE)
  402306:	6981      	ldr	r1, [r0, #24]
  402308:	2900      	cmp	r1, #0
  40230a:	db06      	blt.n	40231a <xTaskPriorityInherit+0x2a>
				listSET_LIST_ITEM_VALUE(
  40230c:	4920      	ldr	r1, [pc, #128]	; (402390 <xTaskPriorityInherit+0xa0>)
  40230e:	f8d1 10c4 	ldr.w	r1, [r1, #196]	; 0xc4
  402312:	6ac9      	ldr	r1, [r1, #44]	; 0x2c
  402314:	f1c1 0105 	rsb	r1, r1, #5
  402318:	6181      	str	r1, [r0, #24]
			if (listIS_CONTAINED_WITHIN(&(pxReadyTasksLists[pxMutexHolderTCB->uxPriority]),
  40231a:	6968      	ldr	r0, [r5, #20]
  40231c:	eb02 0282 	add.w	r2, r2, r2, lsl #2
  402320:	0091      	lsls	r1, r2, #2
  402322:	4a1c      	ldr	r2, [pc, #112]	; (402394 <xTaskPriorityInherit+0xa4>)
  402324:	440a      	add	r2, r1
			    != pdFALSE) {
  402326:	4290      	cmp	r0, r2
  402328:	d008      	beq.n	40233c <xTaskPriorityInherit+0x4c>
  40232a:	2200      	movs	r2, #0
			if (listIS_CONTAINED_WITHIN(&(pxReadyTasksLists[pxMutexHolderTCB->uxPriority]),
  40232c:	b942      	cbnz	r2, 402340 <xTaskPriorityInherit+0x50>
				pxMutexHolderTCB->uxPriority = pxCurrentTCB->uxPriority;
  40232e:	4a18      	ldr	r2, [pc, #96]	; (402390 <xTaskPriorityInherit+0xa0>)
  402330:	f8d2 20c4 	ldr.w	r2, [r2, #196]	; 0xc4
  402334:	6ad2      	ldr	r2, [r2, #44]	; 0x2c
  402336:	62ea      	str	r2, [r5, #44]	; 0x2c
			xReturn = pdTRUE;
  402338:	2001      	movs	r0, #1
  40233a:	bd38      	pop	{r3, r4, r5, pc}
			    != pdFALSE) {
  40233c:	2201      	movs	r2, #1
  40233e:	e7f5      	b.n	40232c <xTaskPriorityInherit+0x3c>
				if (uxListRemove(&(pxMutexHolderTCB->xStateListItem)) == (UBaseType_t)0) {
  402340:	1d2c      	adds	r4, r5, #4
  402342:	4620      	mov	r0, r4
  402344:	4b14      	ldr	r3, [pc, #80]	; (402398 <xTaskPriorityInherit+0xa8>)
  402346:	4798      	blx	r3
				pxMutexHolderTCB->uxPriority = pxCurrentTCB->uxPriority;
  402348:	4a11      	ldr	r2, [pc, #68]	; (402390 <xTaskPriorityInherit+0xa0>)
  40234a:	f8d2 30c4 	ldr.w	r3, [r2, #196]	; 0xc4
  40234e:	6adb      	ldr	r3, [r3, #44]	; 0x2c
  402350:	62eb      	str	r3, [r5, #44]	; 0x2c
				prvAddTaskToReadyList(pxMutexHolderTCB);
  402352:	f8d2 20d0 	ldr.w	r2, [r2, #208]	; 0xd0
  402356:	4293      	cmp	r3, r2
  402358:	d902      	bls.n	402360 <xTaskPriorityInherit+0x70>
  40235a:	4a0d      	ldr	r2, [pc, #52]	; (402390 <xTaskPriorityInherit+0xa0>)
  40235c:	f8c2 30d0 	str.w	r3, [r2, #208]	; 0xd0
  402360:	eb03 0383 	add.w	r3, r3, r3, lsl #2
  402364:	009a      	lsls	r2, r3, #2
  402366:	4621      	mov	r1, r4
  402368:	480a      	ldr	r0, [pc, #40]	; (402394 <xTaskPriorityInherit+0xa4>)
  40236a:	4410      	add	r0, r2
  40236c:	4b0b      	ldr	r3, [pc, #44]	; (40239c <xTaskPriorityInherit+0xac>)
  40236e:	4798      	blx	r3
			xReturn = pdTRUE;
  402370:	2001      	movs	r0, #1
  402372:	bd38      	pop	{r3, r4, r5, pc}
			if (pxMutexHolderTCB->uxBasePriority < pxCurrentTCB->uxPriority) {
  402374:	6c42      	ldr	r2, [r0, #68]	; 0x44
  402376:	4b06      	ldr	r3, [pc, #24]	; (402390 <xTaskPriorityInherit+0xa0>)
  402378:	f8d3 30c4 	ldr.w	r3, [r3, #196]	; 0xc4
  40237c:	6adb      	ldr	r3, [r3, #44]	; 0x2c
  40237e:	429a      	cmp	r2, r3
  402380:	d201      	bcs.n	402386 <xTaskPriorityInherit+0x96>
				xReturn = pdTRUE;
  402382:	2001      	movs	r0, #1
}
  402384:	bd38      	pop	{r3, r4, r5, pc}
	BaseType_t   xReturn          = pdFALSE;
  402386:	2000      	movs	r0, #0
  402388:	bd38      	pop	{r3, r4, r5, pc}
  40238a:	2000      	movs	r0, #0
  40238c:	4770      	bx	lr
  40238e:	bf00      	nop
  402390:	20400a14 	.word	0x20400a14
  402394:	20400a3c 	.word	0x20400a3c
  402398:	00400ba5 	.word	0x00400ba5
  40239c:	00400b59 	.word	0x00400b59

004023a0 <xTaskPriorityDisinherit>:
	if (pxMutexHolder != NULL) {
  4023a0:	2800      	cmp	r0, #0
  4023a2:	d040      	beq.n	402426 <xTaskPriorityDisinherit+0x86>
{
  4023a4:	b538      	push	{r3, r4, r5, lr}
  4023a6:	4604      	mov	r4, r0
		configASSERT(pxTCB == pxCurrentTCB);
  4023a8:	4a22      	ldr	r2, [pc, #136]	; (402434 <xTaskPriorityDisinherit+0x94>)
  4023aa:	f8d2 20c4 	ldr.w	r2, [r2, #196]	; 0xc4
  4023ae:	4290      	cmp	r0, r2
  4023b0:	d00a      	beq.n	4023c8 <xTaskPriorityDisinherit+0x28>
  4023b2:	f04f 0380 	mov.w	r3, #128	; 0x80
  4023b6:	b672      	cpsid	i
  4023b8:	f383 8811 	msr	BASEPRI, r3
  4023bc:	f3bf 8f6f 	isb	sy
  4023c0:	f3bf 8f4f 	dsb	sy
  4023c4:	b662      	cpsie	i
  4023c6:	e7fe      	b.n	4023c6 <xTaskPriorityDisinherit+0x26>
		configASSERT(pxTCB->uxMutexesHeld);
  4023c8:	6c82      	ldr	r2, [r0, #72]	; 0x48
  4023ca:	b952      	cbnz	r2, 4023e2 <xTaskPriorityDisinherit+0x42>
  4023cc:	f04f 0380 	mov.w	r3, #128	; 0x80
  4023d0:	b672      	cpsid	i
  4023d2:	f383 8811 	msr	BASEPRI, r3
  4023d6:	f3bf 8f6f 	isb	sy
  4023da:	f3bf 8f4f 	dsb	sy
  4023de:	b662      	cpsie	i
  4023e0:	e7fe      	b.n	4023e0 <xTaskPriorityDisinherit+0x40>
		(pxTCB->uxMutexesHeld)--;
  4023e2:	3a01      	subs	r2, #1
  4023e4:	6482      	str	r2, [r0, #72]	; 0x48
		if (pxTCB->uxPriority != pxTCB->uxBasePriority) {
  4023e6:	6ac0      	ldr	r0, [r0, #44]	; 0x2c
  4023e8:	6c61      	ldr	r1, [r4, #68]	; 0x44
  4023ea:	4288      	cmp	r0, r1
  4023ec:	d01d      	beq.n	40242a <xTaskPriorityDisinherit+0x8a>
			if (pxTCB->uxMutexesHeld == (UBaseType_t)0) {
  4023ee:	b9f2      	cbnz	r2, 40242e <xTaskPriorityDisinherit+0x8e>
				if (uxListRemove(&(pxTCB->xStateListItem)) == (UBaseType_t)0) {
  4023f0:	1d25      	adds	r5, r4, #4
  4023f2:	4628      	mov	r0, r5
  4023f4:	4b10      	ldr	r3, [pc, #64]	; (402438 <xTaskPriorityDisinherit+0x98>)
  4023f6:	4798      	blx	r3
				pxTCB->uxPriority = pxTCB->uxBasePriority;
  4023f8:	6c63      	ldr	r3, [r4, #68]	; 0x44
  4023fa:	62e3      	str	r3, [r4, #44]	; 0x2c
				listSET_LIST_ITEM_VALUE(
  4023fc:	f1c3 0205 	rsb	r2, r3, #5
  402400:	61a2      	str	r2, [r4, #24]
				prvAddTaskToReadyList(pxTCB);
  402402:	4a0c      	ldr	r2, [pc, #48]	; (402434 <xTaskPriorityDisinherit+0x94>)
  402404:	f8d2 20d0 	ldr.w	r2, [r2, #208]	; 0xd0
  402408:	4293      	cmp	r3, r2
  40240a:	d902      	bls.n	402412 <xTaskPriorityDisinherit+0x72>
  40240c:	4a09      	ldr	r2, [pc, #36]	; (402434 <xTaskPriorityDisinherit+0x94>)
  40240e:	f8c2 30d0 	str.w	r3, [r2, #208]	; 0xd0
  402412:	eb03 0383 	add.w	r3, r3, r3, lsl #2
  402416:	009a      	lsls	r2, r3, #2
  402418:	4629      	mov	r1, r5
  40241a:	4808      	ldr	r0, [pc, #32]	; (40243c <xTaskPriorityDisinherit+0x9c>)
  40241c:	4410      	add	r0, r2
  40241e:	4b08      	ldr	r3, [pc, #32]	; (402440 <xTaskPriorityDisinherit+0xa0>)
  402420:	4798      	blx	r3
				xReturn = pdTRUE;
  402422:	2001      	movs	r0, #1
  402424:	bd38      	pop	{r3, r4, r5, pc}
	BaseType_t   xReturn = pdFALSE;
  402426:	2000      	movs	r0, #0
  402428:	4770      	bx	lr
  40242a:	2000      	movs	r0, #0
  40242c:	bd38      	pop	{r3, r4, r5, pc}
  40242e:	2000      	movs	r0, #0
}
  402430:	bd38      	pop	{r3, r4, r5, pc}
  402432:	bf00      	nop
  402434:	20400a14 	.word	0x20400a14
  402438:	00400ba5 	.word	0x00400ba5
  40243c:	20400a3c 	.word	0x20400a3c
  402440:	00400b59 	.word	0x00400b59

00402444 <vTaskPriorityDisinheritAfterTimeout>:
	if (pxMutexHolder != NULL) {
  402444:	2800      	cmp	r0, #0
  402446:	d052      	beq.n	4024ee <vTaskPriorityDisinheritAfterTimeout+0xaa>
{
  402448:	b538      	push	{r3, r4, r5, lr}
  40244a:	4604      	mov	r4, r0
		configASSERT(pxTCB->uxMutexesHeld);
  40244c:	6c80      	ldr	r0, [r0, #72]	; 0x48
  40244e:	b950      	cbnz	r0, 402466 <vTaskPriorityDisinheritAfterTimeout+0x22>
  402450:	f04f 0380 	mov.w	r3, #128	; 0x80
  402454:	b672      	cpsid	i
  402456:	f383 8811 	msr	BASEPRI, r3
  40245a:	f3bf 8f6f 	isb	sy
  40245e:	f3bf 8f4f 	dsb	sy
  402462:	b662      	cpsie	i
  402464:	e7fe      	b.n	402464 <vTaskPriorityDisinheritAfterTimeout+0x20>
		if (pxTCB->uxBasePriority < uxHighestPriorityWaitingTask) {
  402466:	6c62      	ldr	r2, [r4, #68]	; 0x44
  402468:	428a      	cmp	r2, r1
  40246a:	d200      	bcs.n	40246e <vTaskPriorityDisinheritAfterTimeout+0x2a>
			uxPriorityToUse = uxHighestPriorityWaitingTask;
  40246c:	460a      	mov	r2, r1
		if (pxTCB->uxPriority != uxPriorityToUse) {
  40246e:	6ae1      	ldr	r1, [r4, #44]	; 0x2c
  402470:	428a      	cmp	r2, r1
  402472:	d001      	beq.n	402478 <vTaskPriorityDisinheritAfterTimeout+0x34>
			if (pxTCB->uxMutexesHeld == uxOnlyOneMutexHeld) {
  402474:	2801      	cmp	r0, #1
  402476:	d000      	beq.n	40247a <vTaskPriorityDisinheritAfterTimeout+0x36>
  402478:	bd38      	pop	{r3, r4, r5, pc}
				configASSERT(pxTCB != pxCurrentTCB);
  40247a:	481d      	ldr	r0, [pc, #116]	; (4024f0 <vTaskPriorityDisinheritAfterTimeout+0xac>)
  40247c:	f8d0 00c4 	ldr.w	r0, [r0, #196]	; 0xc4
  402480:	4284      	cmp	r4, r0
  402482:	d10a      	bne.n	40249a <vTaskPriorityDisinheritAfterTimeout+0x56>
  402484:	f04f 0380 	mov.w	r3, #128	; 0x80
  402488:	b672      	cpsid	i
  40248a:	f383 8811 	msr	BASEPRI, r3
  40248e:	f3bf 8f6f 	isb	sy
  402492:	f3bf 8f4f 	dsb	sy
  402496:	b662      	cpsie	i
  402498:	e7fe      	b.n	402498 <vTaskPriorityDisinheritAfterTimeout+0x54>
				pxTCB->uxPriority     = uxPriorityToUse;
  40249a:	62e2      	str	r2, [r4, #44]	; 0x2c
				if ((listGET_LIST_ITEM_VALUE(&(pxTCB->xEventListItem)) & taskEVENT_LIST_ITEM_VALUE_IN_USE) == 0UL) {
  40249c:	69a0      	ldr	r0, [r4, #24]
  40249e:	2800      	cmp	r0, #0
  4024a0:	db02      	blt.n	4024a8 <vTaskPriorityDisinheritAfterTimeout+0x64>
					listSET_LIST_ITEM_VALUE(&(pxTCB->xEventListItem),
  4024a2:	f1c2 0205 	rsb	r2, r2, #5
  4024a6:	61a2      	str	r2, [r4, #24]
				if (listIS_CONTAINED_WITHIN(&(pxReadyTasksLists[uxPriorityUsedOnEntry]), &(pxTCB->xStateListItem))
  4024a8:	6963      	ldr	r3, [r4, #20]
  4024aa:	eb01 0181 	add.w	r1, r1, r1, lsl #2
  4024ae:	0088      	lsls	r0, r1, #2
  4024b0:	4a10      	ldr	r2, [pc, #64]	; (4024f4 <vTaskPriorityDisinheritAfterTimeout+0xb0>)
  4024b2:	4402      	add	r2, r0
				    != pdFALSE) {
  4024b4:	4293      	cmp	r3, r2
  4024b6:	d118      	bne.n	4024ea <vTaskPriorityDisinheritAfterTimeout+0xa6>
  4024b8:	2201      	movs	r2, #1
				if (listIS_CONTAINED_WITHIN(&(pxReadyTasksLists[uxPriorityUsedOnEntry]), &(pxTCB->xStateListItem))
  4024ba:	2a00      	cmp	r2, #0
  4024bc:	d0dc      	beq.n	402478 <vTaskPriorityDisinheritAfterTimeout+0x34>
					if (uxListRemove(&(pxTCB->xStateListItem)) == (UBaseType_t)0) {
  4024be:	1d25      	adds	r5, r4, #4
  4024c0:	4628      	mov	r0, r5
  4024c2:	4b0d      	ldr	r3, [pc, #52]	; (4024f8 <vTaskPriorityDisinheritAfterTimeout+0xb4>)
  4024c4:	4798      	blx	r3
					prvAddTaskToReadyList(pxTCB);
  4024c6:	6ae3      	ldr	r3, [r4, #44]	; 0x2c
  4024c8:	4a09      	ldr	r2, [pc, #36]	; (4024f0 <vTaskPriorityDisinheritAfterTimeout+0xac>)
  4024ca:	f8d2 20d0 	ldr.w	r2, [r2, #208]	; 0xd0
  4024ce:	4293      	cmp	r3, r2
  4024d0:	d902      	bls.n	4024d8 <vTaskPriorityDisinheritAfterTimeout+0x94>
  4024d2:	4a07      	ldr	r2, [pc, #28]	; (4024f0 <vTaskPriorityDisinheritAfterTimeout+0xac>)
  4024d4:	f8c2 30d0 	str.w	r3, [r2, #208]	; 0xd0
  4024d8:	eb03 0383 	add.w	r3, r3, r3, lsl #2
  4024dc:	009a      	lsls	r2, r3, #2
  4024de:	4629      	mov	r1, r5
  4024e0:	4804      	ldr	r0, [pc, #16]	; (4024f4 <vTaskPriorityDisinheritAfterTimeout+0xb0>)
  4024e2:	4410      	add	r0, r2
  4024e4:	4b05      	ldr	r3, [pc, #20]	; (4024fc <vTaskPriorityDisinheritAfterTimeout+0xb8>)
  4024e6:	4798      	blx	r3
}
  4024e8:	e7c6      	b.n	402478 <vTaskPriorityDisinheritAfterTimeout+0x34>
				    != pdFALSE) {
  4024ea:	2200      	movs	r2, #0
  4024ec:	e7e5      	b.n	4024ba <vTaskPriorityDisinheritAfterTimeout+0x76>
  4024ee:	4770      	bx	lr
  4024f0:	20400a14 	.word	0x20400a14
  4024f4:	20400a3c 	.word	0x20400a3c
  4024f8:	00400ba5 	.word	0x00400ba5
  4024fc:	00400b59 	.word	0x00400b59

00402500 <pvTaskIncrementMutexHeldCount>:
	if (pxCurrentTCB != NULL) {
  402500:	4b06      	ldr	r3, [pc, #24]	; (40251c <pvTaskIncrementMutexHeldCount+0x1c>)
  402502:	f8d3 30c4 	ldr.w	r3, [r3, #196]	; 0xc4
  402506:	b12b      	cbz	r3, 402514 <pvTaskIncrementMutexHeldCount+0x14>
		(pxCurrentTCB->uxMutexesHeld)++;
  402508:	4b04      	ldr	r3, [pc, #16]	; (40251c <pvTaskIncrementMutexHeldCount+0x1c>)
  40250a:	f8d3 20c4 	ldr.w	r2, [r3, #196]	; 0xc4
  40250e:	6c93      	ldr	r3, [r2, #72]	; 0x48
  402510:	3301      	adds	r3, #1
  402512:	6493      	str	r3, [r2, #72]	; 0x48
	return pxCurrentTCB;
  402514:	4b01      	ldr	r3, [pc, #4]	; (40251c <pvTaskIncrementMutexHeldCount+0x1c>)
  402516:	f8d3 00c4 	ldr.w	r0, [r3, #196]	; 0xc4
}
  40251a:	4770      	bx	lr
  40251c:	20400a14 	.word	0x20400a14

00402520 <prvGetNextExpireTime>:
	the timer with the nearest expiry time will expire.  If there are no
	active timers then just set the next expire time to 0.  That will cause
	this task to unblock when the tick count overflows, at which point the
	timer lists will be switched and the next expiry time can be
	re-assessed.  */
	*pxListWasEmpty = listLIST_IS_EMPTY(pxCurrentTimerList);
  402520:	4b06      	ldr	r3, [pc, #24]	; (40253c <prvGetNextExpireTime+0x1c>)
  402522:	681a      	ldr	r2, [r3, #0]
  402524:	6813      	ldr	r3, [r2, #0]
  402526:	fab3 f383 	clz	r3, r3
  40252a:	095b      	lsrs	r3, r3, #5
  40252c:	6003      	str	r3, [r0, #0]
	if (*pxListWasEmpty == pdFALSE) {
  40252e:	b913      	cbnz	r3, 402536 <prvGetNextExpireTime+0x16>
		xNextExpireTime = listGET_ITEM_VALUE_OF_HEAD_ENTRY(pxCurrentTimerList);
  402530:	68d3      	ldr	r3, [r2, #12]
  402532:	6818      	ldr	r0, [r3, #0]
  402534:	4770      	bx	lr
	} else {
		/* Ensure the task unblocks when the tick count rolls over. */
		xNextExpireTime = (TickType_t)0U;
  402536:	2000      	movs	r0, #0
	}

	return xNextExpireTime;
}
  402538:	4770      	bx	lr
  40253a:	bf00      	nop
  40253c:	20400b00 	.word	0x20400b00

00402540 <prvInsertTimerInActiveList>:
}
/*-----------------------------------------------------------*/

static BaseType_t prvInsertTimerInActiveList(Timer_t *const pxTimer, const TickType_t xNextExpiryTime,
                                             const TickType_t xTimeNow, const TickType_t xCommandTime)
{
  402540:	b508      	push	{r3, lr}
	BaseType_t xProcessTimerNow = pdFALSE;

	listSET_LIST_ITEM_VALUE(&(pxTimer->xTimerListItem), xNextExpiryTime);
  402542:	6041      	str	r1, [r0, #4]
	listSET_LIST_ITEM_OWNER(&(pxTimer->xTimerListItem), pxTimer);
  402544:	6100      	str	r0, [r0, #16]

	if (xNextExpiryTime <= xTimeNow) {
  402546:	4291      	cmp	r1, r2
  402548:	d80c      	bhi.n	402564 <prvInsertTimerInActiveList+0x24>
		/* Has the expiry time elapsed between the command to start/reset a
		timer was issued, and the time the command was processed? */
		if (((TickType_t)(xTimeNow - xCommandTime))
  40254a:	1ad2      	subs	r2, r2, r3
		    >= pxTimer->xTimerPeriodInTicks) /*lint !e961 MISRA exception as the casts are only redundant for some
  40254c:	6983      	ldr	r3, [r0, #24]
		if (((TickType_t)(xTimeNow - xCommandTime))
  40254e:	429a      	cmp	r2, r3
  402550:	d301      	bcc.n	402556 <prvInsertTimerInActiveList+0x16>
		                                        ports. */
		{
			/* The time between a command being issued and the command being
			processed actually exceeds the timers period.  */
			xProcessTimerNow = pdTRUE;
  402552:	2001      	movs	r0, #1
  402554:	bd08      	pop	{r3, pc}
		} else {
			vListInsert(pxOverflowTimerList, &(pxTimer->xTimerListItem));
  402556:	1d01      	adds	r1, r0, #4
  402558:	4b0b      	ldr	r3, [pc, #44]	; (402588 <prvInsertTimerInActiveList+0x48>)
  40255a:	6858      	ldr	r0, [r3, #4]
  40255c:	4b0b      	ldr	r3, [pc, #44]	; (40258c <prvInsertTimerInActiveList+0x4c>)
  40255e:	4798      	blx	r3
	BaseType_t xProcessTimerNow = pdFALSE;
  402560:	2000      	movs	r0, #0
  402562:	bd08      	pop	{r3, pc}
		}
	} else {
		if ((xTimeNow < xCommandTime) && (xNextExpiryTime >= xCommandTime)) {
  402564:	429a      	cmp	r2, r3
  402566:	bf2c      	ite	cs
  402568:	2200      	movcs	r2, #0
  40256a:	2201      	movcc	r2, #1
  40256c:	4299      	cmp	r1, r3
  40256e:	bf38      	it	cc
  402570:	2200      	movcc	r2, #0
  402572:	b10a      	cbz	r2, 402578 <prvInsertTimerInActiveList+0x38>
			/* If, since the command was issued, the tick count has overflowed
			but the expiry time has not, then the timer must have already passed
			its expiry time and should be processed immediately. */
			xProcessTimerNow = pdTRUE;
  402574:	2001      	movs	r0, #1
			vListInsert(pxCurrentTimerList, &(pxTimer->xTimerListItem));
		}
	}

	return xProcessTimerNow;
}
  402576:	bd08      	pop	{r3, pc}
			vListInsert(pxCurrentTimerList, &(pxTimer->xTimerListItem));
  402578:	1d01      	adds	r1, r0, #4
  40257a:	4b03      	ldr	r3, [pc, #12]	; (402588 <prvInsertTimerInActiveList+0x48>)
  40257c:	6818      	ldr	r0, [r3, #0]
  40257e:	4b03      	ldr	r3, [pc, #12]	; (40258c <prvInsertTimerInActiveList+0x4c>)
  402580:	4798      	blx	r3
	BaseType_t xProcessTimerNow = pdFALSE;
  402582:	2000      	movs	r0, #0
  402584:	bd08      	pop	{r3, pc}
  402586:	bf00      	nop
  402588:	20400b00 	.word	0x20400b00
  40258c:	00400b71 	.word	0x00400b71

00402590 <prvCheckForValidListAndQueue>:
	pxOverflowTimerList = pxTemp;
}
/*-----------------------------------------------------------*/

static void prvCheckForValidListAndQueue(void)
{
  402590:	b5f8      	push	{r3, r4, r5, r6, r7, lr}
	/* Check that the list from which active timers are referenced, and the
	queue used to communicate with the timer service, have been
	initialised. */
	taskENTER_CRITICAL();
  402592:	4b0d      	ldr	r3, [pc, #52]	; (4025c8 <prvCheckForValidListAndQueue+0x38>)
  402594:	4798      	blx	r3
	{
		if (xTimerQueue == NULL) {
  402596:	4b0d      	ldr	r3, [pc, #52]	; (4025cc <prvCheckForValidListAndQueue+0x3c>)
  402598:	689b      	ldr	r3, [r3, #8]
  40259a:	b113      	cbz	r3, 4025a2 <prvCheckForValidListAndQueue+0x12>
#endif /* configQUEUE_REGISTRY_SIZE */
		} else {
			mtCOVERAGE_TEST_MARKER();
		}
	}
	taskEXIT_CRITICAL();
  40259c:	4b0c      	ldr	r3, [pc, #48]	; (4025d0 <prvCheckForValidListAndQueue+0x40>)
  40259e:	4798      	blx	r3
  4025a0:	bdf8      	pop	{r3, r4, r5, r6, r7, pc}
			vListInitialise(&xActiveTimerList1);
  4025a2:	4c0a      	ldr	r4, [pc, #40]	; (4025cc <prvCheckForValidListAndQueue+0x3c>)
  4025a4:	f104 060c 	add.w	r6, r4, #12
  4025a8:	4630      	mov	r0, r6
  4025aa:	4f0a      	ldr	r7, [pc, #40]	; (4025d4 <prvCheckForValidListAndQueue+0x44>)
  4025ac:	47b8      	blx	r7
			vListInitialise(&xActiveTimerList2);
  4025ae:	f104 0520 	add.w	r5, r4, #32
  4025b2:	4628      	mov	r0, r5
  4025b4:	47b8      	blx	r7
			pxCurrentTimerList  = &xActiveTimerList1;
  4025b6:	6026      	str	r6, [r4, #0]
			pxOverflowTimerList = &xActiveTimerList2;
  4025b8:	6065      	str	r5, [r4, #4]
				xTimerQueue = xQueueCreate((UBaseType_t)configTIMER_QUEUE_LENGTH, sizeof(DaemonTaskMessage_t));
  4025ba:	2200      	movs	r2, #0
  4025bc:	210c      	movs	r1, #12
  4025be:	2002      	movs	r0, #2
  4025c0:	4b05      	ldr	r3, [pc, #20]	; (4025d8 <prvCheckForValidListAndQueue+0x48>)
  4025c2:	4798      	blx	r3
  4025c4:	60a0      	str	r0, [r4, #8]
  4025c6:	e7e9      	b.n	40259c <prvCheckForValidListAndQueue+0xc>
  4025c8:	00400ca5 	.word	0x00400ca5
  4025cc:	20400b00 	.word	0x20400b00
  4025d0:	00400cf1 	.word	0x00400cf1
  4025d4:	00400b3d 	.word	0x00400b3d
  4025d8:	00401285 	.word	0x00401285

004025dc <xTimerCreateTimerTask>:
{
  4025dc:	b510      	push	{r4, lr}
  4025de:	b082      	sub	sp, #8
	prvCheckForValidListAndQueue();
  4025e0:	4b0f      	ldr	r3, [pc, #60]	; (402620 <xTimerCreateTimerTask+0x44>)
  4025e2:	4798      	blx	r3
	if (xTimerQueue != NULL) {
  4025e4:	4b0f      	ldr	r3, [pc, #60]	; (402624 <xTimerCreateTimerTask+0x48>)
  4025e6:	689b      	ldr	r3, [r3, #8]
  4025e8:	b1ab      	cbz	r3, 402616 <xTimerCreateTimerTask+0x3a>
			xReturn = xTaskCreate(prvTimerTask,
  4025ea:	4b0f      	ldr	r3, [pc, #60]	; (402628 <xTimerCreateTimerTask+0x4c>)
  4025ec:	9301      	str	r3, [sp, #4]
  4025ee:	2302      	movs	r3, #2
  4025f0:	9300      	str	r3, [sp, #0]
  4025f2:	2300      	movs	r3, #0
  4025f4:	2240      	movs	r2, #64	; 0x40
  4025f6:	490d      	ldr	r1, [pc, #52]	; (40262c <xTimerCreateTimerTask+0x50>)
  4025f8:	480d      	ldr	r0, [pc, #52]	; (402630 <xTimerCreateTimerTask+0x54>)
  4025fa:	4c0e      	ldr	r4, [pc, #56]	; (402634 <xTimerCreateTimerTask+0x58>)
  4025fc:	47a0      	blx	r4
	configASSERT(xReturn);
  4025fe:	b960      	cbnz	r0, 40261a <xTimerCreateTimerTask+0x3e>
  402600:	f04f 0380 	mov.w	r3, #128	; 0x80
  402604:	b672      	cpsid	i
  402606:	f383 8811 	msr	BASEPRI, r3
  40260a:	f3bf 8f6f 	isb	sy
  40260e:	f3bf 8f4f 	dsb	sy
  402612:	b662      	cpsie	i
  402614:	e7fe      	b.n	402614 <xTimerCreateTimerTask+0x38>
	BaseType_t xReturn = pdFAIL;
  402616:	2000      	movs	r0, #0
  402618:	e7f1      	b.n	4025fe <xTimerCreateTimerTask+0x22>
}
  40261a:	b002      	add	sp, #8
  40261c:	bd10      	pop	{r4, pc}
  40261e:	bf00      	nop
  402620:	00402591 	.word	0x00402591
  402624:	20400b00 	.word	0x20400b00
  402628:	20400b34 	.word	0x20400b34
  40262c:	004034b4 	.word	0x004034b4
  402630:	00402975 	.word	0x00402975
  402634:	00401c9d 	.word	0x00401c9d

00402638 <xTimerGenericCommand>:
	configASSERT(xTimer);
  402638:	b1c8      	cbz	r0, 40266e <xTimerGenericCommand+0x36>
{
  40263a:	b530      	push	{r4, r5, lr}
  40263c:	b085      	sub	sp, #20
  40263e:	4615      	mov	r5, r2
  402640:	4604      	mov	r4, r0
	if (xTimerQueue != NULL) {
  402642:	4a18      	ldr	r2, [pc, #96]	; (4026a4 <xTimerGenericCommand+0x6c>)
  402644:	6890      	ldr	r0, [r2, #8]
  402646:	2800      	cmp	r0, #0
  402648:	d02a      	beq.n	4026a0 <xTimerGenericCommand+0x68>
  40264a:	461a      	mov	r2, r3
		xMessage.xMessageID                       = xCommandID;
  40264c:	9101      	str	r1, [sp, #4]
		xMessage.u.xTimerParameters.xMessageValue = xOptionalValue;
  40264e:	9502      	str	r5, [sp, #8]
		xMessage.u.xTimerParameters.pxTimer       = (Timer_t *)xTimer;
  402650:	9403      	str	r4, [sp, #12]
		if (xCommandID < tmrFIRST_FROM_ISR_COMMAND) {
  402652:	2905      	cmp	r1, #5
  402654:	dc1e      	bgt.n	402694 <xTimerGenericCommand+0x5c>
			if (xTaskGetSchedulerState() == taskSCHEDULER_RUNNING) {
  402656:	4b14      	ldr	r3, [pc, #80]	; (4026a8 <xTimerGenericCommand+0x70>)
  402658:	4798      	blx	r3
  40265a:	2802      	cmp	r0, #2
  40265c:	d012      	beq.n	402684 <xTimerGenericCommand+0x4c>
				xReturn = xQueueSendToBack(xTimerQueue, &xMessage, tmrNO_DELAY);
  40265e:	2300      	movs	r3, #0
  402660:	461a      	mov	r2, r3
  402662:	a901      	add	r1, sp, #4
  402664:	480f      	ldr	r0, [pc, #60]	; (4026a4 <xTimerGenericCommand+0x6c>)
  402666:	6880      	ldr	r0, [r0, #8]
  402668:	4c10      	ldr	r4, [pc, #64]	; (4026ac <xTimerGenericCommand+0x74>)
  40266a:	47a0      	blx	r4
  40266c:	e016      	b.n	40269c <xTimerGenericCommand+0x64>
  40266e:	f04f 0380 	mov.w	r3, #128	; 0x80
  402672:	b672      	cpsid	i
  402674:	f383 8811 	msr	BASEPRI, r3
  402678:	f3bf 8f6f 	isb	sy
  40267c:	f3bf 8f4f 	dsb	sy
  402680:	b662      	cpsie	i
  402682:	e7fe      	b.n	402682 <xTimerGenericCommand+0x4a>
				xReturn = xQueueSendToBack(xTimerQueue, &xMessage, xTicksToWait);
  402684:	2300      	movs	r3, #0
  402686:	9a08      	ldr	r2, [sp, #32]
  402688:	a901      	add	r1, sp, #4
  40268a:	4806      	ldr	r0, [pc, #24]	; (4026a4 <xTimerGenericCommand+0x6c>)
  40268c:	6880      	ldr	r0, [r0, #8]
  40268e:	4c07      	ldr	r4, [pc, #28]	; (4026ac <xTimerGenericCommand+0x74>)
  402690:	47a0      	blx	r4
  402692:	e003      	b.n	40269c <xTimerGenericCommand+0x64>
			xReturn = xQueueSendToBackFromISR(xTimerQueue, &xMessage, pxHigherPriorityTaskWoken);
  402694:	2300      	movs	r3, #0
  402696:	a901      	add	r1, sp, #4
  402698:	4c05      	ldr	r4, [pc, #20]	; (4026b0 <xTimerGenericCommand+0x78>)
  40269a:	47a0      	blx	r4
}
  40269c:	b005      	add	sp, #20
  40269e:	bd30      	pop	{r4, r5, pc}
	BaseType_t          xReturn = pdFAIL;
  4026a0:	2000      	movs	r0, #0
	return xReturn;
  4026a2:	e7fb      	b.n	40269c <xTimerGenericCommand+0x64>
  4026a4:	20400b00 	.word	0x20400b00
  4026a8:	004022d1 	.word	0x004022d1
  4026ac:	004012d9 	.word	0x004012d9
  4026b0:	00401505 	.word	0x00401505

004026b4 <prvSwitchTimerLists>:
	while (listLIST_IS_EMPTY(pxCurrentTimerList) == pdFALSE) {
  4026b4:	4b21      	ldr	r3, [pc, #132]	; (40273c <prvSwitchTimerLists+0x88>)
  4026b6:	681b      	ldr	r3, [r3, #0]
  4026b8:	681a      	ldr	r2, [r3, #0]
  4026ba:	2a00      	cmp	r2, #0
  4026bc:	d039      	beq.n	402732 <prvSwitchTimerLists+0x7e>
{
  4026be:	b570      	push	{r4, r5, r6, lr}
  4026c0:	b082      	sub	sp, #8
		xNextExpireTime = listGET_ITEM_VALUE_OF_HEAD_ENTRY(pxCurrentTimerList);
  4026c2:	68db      	ldr	r3, [r3, #12]
  4026c4:	681e      	ldr	r6, [r3, #0]
		pxTimer = (Timer_t *)listGET_OWNER_OF_HEAD_ENTRY(pxCurrentTimerList);
  4026c6:	68dc      	ldr	r4, [r3, #12]
		(void)uxListRemove(&(pxTimer->xTimerListItem));
  4026c8:	1d25      	adds	r5, r4, #4
  4026ca:	4628      	mov	r0, r5
  4026cc:	4b1c      	ldr	r3, [pc, #112]	; (402740 <prvSwitchTimerLists+0x8c>)
  4026ce:	4798      	blx	r3
		pxTimer->pxCallbackFunction((TimerHandle_t)pxTimer);
  4026d0:	6a63      	ldr	r3, [r4, #36]	; 0x24
  4026d2:	4620      	mov	r0, r4
  4026d4:	4798      	blx	r3
		if (pxTimer->uxAutoReload == (UBaseType_t)pdTRUE) {
  4026d6:	69e3      	ldr	r3, [r4, #28]
  4026d8:	2b01      	cmp	r3, #1
  4026da:	d00a      	beq.n	4026f2 <prvSwitchTimerLists+0x3e>
	while (listLIST_IS_EMPTY(pxCurrentTimerList) == pdFALSE) {
  4026dc:	4b17      	ldr	r3, [pc, #92]	; (40273c <prvSwitchTimerLists+0x88>)
  4026de:	681b      	ldr	r3, [r3, #0]
  4026e0:	681a      	ldr	r2, [r3, #0]
  4026e2:	2a00      	cmp	r2, #0
  4026e4:	d1ed      	bne.n	4026c2 <prvSwitchTimerLists+0xe>
	pxCurrentTimerList  = pxOverflowTimerList;
  4026e6:	4a15      	ldr	r2, [pc, #84]	; (40273c <prvSwitchTimerLists+0x88>)
  4026e8:	6851      	ldr	r1, [r2, #4]
  4026ea:	6011      	str	r1, [r2, #0]
	pxOverflowTimerList = pxTemp;
  4026ec:	6053      	str	r3, [r2, #4]
}
  4026ee:	b002      	add	sp, #8
  4026f0:	bd70      	pop	{r4, r5, r6, pc}
			xReloadTime = (xNextExpireTime + pxTimer->xTimerPeriodInTicks);
  4026f2:	69a3      	ldr	r3, [r4, #24]
  4026f4:	4433      	add	r3, r6
			if (xReloadTime > xNextExpireTime) {
  4026f6:	429e      	cmp	r6, r3
  4026f8:	d207      	bcs.n	40270a <prvSwitchTimerLists+0x56>
				listSET_LIST_ITEM_VALUE(&(pxTimer->xTimerListItem), xReloadTime);
  4026fa:	6063      	str	r3, [r4, #4]
				listSET_LIST_ITEM_OWNER(&(pxTimer->xTimerListItem), pxTimer);
  4026fc:	6124      	str	r4, [r4, #16]
				vListInsert(pxCurrentTimerList, &(pxTimer->xTimerListItem));
  4026fe:	4629      	mov	r1, r5
  402700:	4b0e      	ldr	r3, [pc, #56]	; (40273c <prvSwitchTimerLists+0x88>)
  402702:	6818      	ldr	r0, [r3, #0]
  402704:	4b0f      	ldr	r3, [pc, #60]	; (402744 <prvSwitchTimerLists+0x90>)
  402706:	4798      	blx	r3
  402708:	e7e8      	b.n	4026dc <prvSwitchTimerLists+0x28>
				    = xTimerGenericCommand(pxTimer, tmrCOMMAND_START_DONT_TRACE, xNextExpireTime, NULL, tmrNO_DELAY);
  40270a:	2100      	movs	r1, #0
  40270c:	9100      	str	r1, [sp, #0]
  40270e:	460b      	mov	r3, r1
  402710:	4632      	mov	r2, r6
  402712:	4620      	mov	r0, r4
  402714:	4c0c      	ldr	r4, [pc, #48]	; (402748 <prvSwitchTimerLists+0x94>)
  402716:	47a0      	blx	r4
				configASSERT(xResult);
  402718:	2800      	cmp	r0, #0
  40271a:	d1df      	bne.n	4026dc <prvSwitchTimerLists+0x28>
  40271c:	f04f 0380 	mov.w	r3, #128	; 0x80
  402720:	b672      	cpsid	i
  402722:	f383 8811 	msr	BASEPRI, r3
  402726:	f3bf 8f6f 	isb	sy
  40272a:	f3bf 8f4f 	dsb	sy
  40272e:	b662      	cpsie	i
  402730:	e7fe      	b.n	402730 <prvSwitchTimerLists+0x7c>
	pxCurrentTimerList  = pxOverflowTimerList;
  402732:	4a02      	ldr	r2, [pc, #8]	; (40273c <prvSwitchTimerLists+0x88>)
  402734:	6851      	ldr	r1, [r2, #4]
  402736:	6011      	str	r1, [r2, #0]
	pxOverflowTimerList = pxTemp;
  402738:	6053      	str	r3, [r2, #4]
  40273a:	4770      	bx	lr
  40273c:	20400b00 	.word	0x20400b00
  402740:	00400ba5 	.word	0x00400ba5
  402744:	00400b71 	.word	0x00400b71
  402748:	00402639 	.word	0x00402639

0040274c <prvSampleTimeNow>:
{
  40274c:	b538      	push	{r3, r4, r5, lr}
  40274e:	4605      	mov	r5, r0
	xTimeNow = xTaskGetTickCount();
  402750:	4b08      	ldr	r3, [pc, #32]	; (402774 <prvSampleTimeNow+0x28>)
  402752:	4798      	blx	r3
  402754:	4604      	mov	r4, r0
	if (xTimeNow < xLastTime) {
  402756:	4b08      	ldr	r3, [pc, #32]	; (402778 <prvSampleTimeNow+0x2c>)
  402758:	6b9b      	ldr	r3, [r3, #56]	; 0x38
  40275a:	4298      	cmp	r0, r3
  40275c:	d305      	bcc.n	40276a <prvSampleTimeNow+0x1e>
		*pxTimerListsWereSwitched = pdFALSE;
  40275e:	2300      	movs	r3, #0
  402760:	602b      	str	r3, [r5, #0]
	xLastTime = xTimeNow;
  402762:	4b05      	ldr	r3, [pc, #20]	; (402778 <prvSampleTimeNow+0x2c>)
  402764:	639c      	str	r4, [r3, #56]	; 0x38
}
  402766:	4620      	mov	r0, r4
  402768:	bd38      	pop	{r3, r4, r5, pc}
		prvSwitchTimerLists();
  40276a:	4b04      	ldr	r3, [pc, #16]	; (40277c <prvSampleTimeNow+0x30>)
  40276c:	4798      	blx	r3
		*pxTimerListsWereSwitched = pdTRUE;
  40276e:	2301      	movs	r3, #1
  402770:	602b      	str	r3, [r5, #0]
  402772:	e7f6      	b.n	402762 <prvSampleTimeNow+0x16>
  402774:	00401db5 	.word	0x00401db5
  402778:	20400b00 	.word	0x20400b00
  40277c:	004026b5 	.word	0x004026b5

00402780 <prvProcessExpiredTimer>:
{
  402780:	b570      	push	{r4, r5, r6, lr}
  402782:	b082      	sub	sp, #8
  402784:	4605      	mov	r5, r0
  402786:	460e      	mov	r6, r1
	Timer_t *const pxTimer = (Timer_t *)listGET_OWNER_OF_HEAD_ENTRY(pxCurrentTimerList);
  402788:	4b15      	ldr	r3, [pc, #84]	; (4027e0 <prvProcessExpiredTimer+0x60>)
  40278a:	681b      	ldr	r3, [r3, #0]
  40278c:	68db      	ldr	r3, [r3, #12]
  40278e:	68dc      	ldr	r4, [r3, #12]
	(void)uxListRemove(&(pxTimer->xTimerListItem));
  402790:	1d20      	adds	r0, r4, #4
  402792:	4b14      	ldr	r3, [pc, #80]	; (4027e4 <prvProcessExpiredTimer+0x64>)
  402794:	4798      	blx	r3
	if (pxTimer->uxAutoReload == (UBaseType_t)pdTRUE) {
  402796:	69e3      	ldr	r3, [r4, #28]
  402798:	2b01      	cmp	r3, #1
  40279a:	d004      	beq.n	4027a6 <prvProcessExpiredTimer+0x26>
	pxTimer->pxCallbackFunction((TimerHandle_t)pxTimer);
  40279c:	6a63      	ldr	r3, [r4, #36]	; 0x24
  40279e:	4620      	mov	r0, r4
  4027a0:	4798      	blx	r3
}
  4027a2:	b002      	add	sp, #8
  4027a4:	bd70      	pop	{r4, r5, r6, pc}
		        pxTimer, (xNextExpireTime + pxTimer->xTimerPeriodInTicks), xTimeNow, xNextExpireTime)
  4027a6:	69a1      	ldr	r1, [r4, #24]
		if (prvInsertTimerInActiveList(
  4027a8:	462b      	mov	r3, r5
  4027aa:	4632      	mov	r2, r6
  4027ac:	4429      	add	r1, r5
  4027ae:	4620      	mov	r0, r4
  4027b0:	4e0d      	ldr	r6, [pc, #52]	; (4027e8 <prvProcessExpiredTimer+0x68>)
  4027b2:	47b0      	blx	r6
  4027b4:	2800      	cmp	r0, #0
  4027b6:	d0f1      	beq.n	40279c <prvProcessExpiredTimer+0x1c>
			xResult = xTimerGenericCommand(pxTimer, tmrCOMMAND_START_DONT_TRACE, xNextExpireTime, NULL, tmrNO_DELAY);
  4027b8:	2100      	movs	r1, #0
  4027ba:	9100      	str	r1, [sp, #0]
  4027bc:	460b      	mov	r3, r1
  4027be:	462a      	mov	r2, r5
  4027c0:	4620      	mov	r0, r4
  4027c2:	4d0a      	ldr	r5, [pc, #40]	; (4027ec <prvProcessExpiredTimer+0x6c>)
  4027c4:	47a8      	blx	r5
			configASSERT(xResult);
  4027c6:	2800      	cmp	r0, #0
  4027c8:	d1e8      	bne.n	40279c <prvProcessExpiredTimer+0x1c>
  4027ca:	f04f 0380 	mov.w	r3, #128	; 0x80
  4027ce:	b672      	cpsid	i
  4027d0:	f383 8811 	msr	BASEPRI, r3
  4027d4:	f3bf 8f6f 	isb	sy
  4027d8:	f3bf 8f4f 	dsb	sy
  4027dc:	b662      	cpsie	i
  4027de:	e7fe      	b.n	4027de <prvProcessExpiredTimer+0x5e>
  4027e0:	20400b00 	.word	0x20400b00
  4027e4:	00400ba5 	.word	0x00400ba5
  4027e8:	00402541 	.word	0x00402541
  4027ec:	00402639 	.word	0x00402639

004027f0 <prvProcessTimerOrBlockTask>:
{
  4027f0:	b570      	push	{r4, r5, r6, lr}
  4027f2:	b082      	sub	sp, #8
  4027f4:	4606      	mov	r6, r0
  4027f6:	460c      	mov	r4, r1
	vTaskSuspendAll();
  4027f8:	4b17      	ldr	r3, [pc, #92]	; (402858 <prvProcessTimerOrBlockTask+0x68>)
  4027fa:	4798      	blx	r3
		xTimeNow = prvSampleTimeNow(&xTimerListsWereSwitched);
  4027fc:	a801      	add	r0, sp, #4
  4027fe:	4b17      	ldr	r3, [pc, #92]	; (40285c <prvProcessTimerOrBlockTask+0x6c>)
  402800:	4798      	blx	r3
		if (xTimerListsWereSwitched == pdFALSE) {
  402802:	9b01      	ldr	r3, [sp, #4]
  402804:	bb23      	cbnz	r3, 402850 <prvProcessTimerOrBlockTask+0x60>
  402806:	4605      	mov	r5, r0
			if ((xListWasEmpty == pdFALSE) && (xNextExpireTime <= xTimeNow)) {
  402808:	42b0      	cmp	r0, r6
  40280a:	bf28      	it	cs
  40280c:	2c00      	cmpcs	r4, #0
  40280e:	d018      	beq.n	402842 <prvProcessTimerOrBlockTask+0x52>
				if (xListWasEmpty != pdFALSE) {
  402810:	b12c      	cbz	r4, 40281e <prvProcessTimerOrBlockTask+0x2e>
					xListWasEmpty = listLIST_IS_EMPTY(pxOverflowTimerList);
  402812:	4b13      	ldr	r3, [pc, #76]	; (402860 <prvProcessTimerOrBlockTask+0x70>)
  402814:	685b      	ldr	r3, [r3, #4]
  402816:	681c      	ldr	r4, [r3, #0]
  402818:	fab4 f484 	clz	r4, r4
  40281c:	0964      	lsrs	r4, r4, #5
				vQueueWaitForMessageRestricted(xTimerQueue, (xNextExpireTime - xTimeNow), xListWasEmpty);
  40281e:	4622      	mov	r2, r4
  402820:	1b71      	subs	r1, r6, r5
  402822:	4b0f      	ldr	r3, [pc, #60]	; (402860 <prvProcessTimerOrBlockTask+0x70>)
  402824:	6898      	ldr	r0, [r3, #8]
  402826:	4b0f      	ldr	r3, [pc, #60]	; (402864 <prvProcessTimerOrBlockTask+0x74>)
  402828:	4798      	blx	r3
				if (xTaskResumeAll() == pdFALSE) {
  40282a:	4b0f      	ldr	r3, [pc, #60]	; (402868 <prvProcessTimerOrBlockTask+0x78>)
  40282c:	4798      	blx	r3
  40282e:	b988      	cbnz	r0, 402854 <prvProcessTimerOrBlockTask+0x64>
					portYIELD_WITHIN_API();
  402830:	f04f 5280 	mov.w	r2, #268435456	; 0x10000000
  402834:	4b0d      	ldr	r3, [pc, #52]	; (40286c <prvProcessTimerOrBlockTask+0x7c>)
  402836:	601a      	str	r2, [r3, #0]
  402838:	f3bf 8f4f 	dsb	sy
  40283c:	f3bf 8f6f 	isb	sy
  402840:	e008      	b.n	402854 <prvProcessTimerOrBlockTask+0x64>
				(void)xTaskResumeAll();
  402842:	4b09      	ldr	r3, [pc, #36]	; (402868 <prvProcessTimerOrBlockTask+0x78>)
  402844:	4798      	blx	r3
				prvProcessExpiredTimer(xNextExpireTime, xTimeNow);
  402846:	4629      	mov	r1, r5
  402848:	4630      	mov	r0, r6
  40284a:	4b09      	ldr	r3, [pc, #36]	; (402870 <prvProcessTimerOrBlockTask+0x80>)
  40284c:	4798      	blx	r3
  40284e:	e001      	b.n	402854 <prvProcessTimerOrBlockTask+0x64>
			(void)xTaskResumeAll();
  402850:	4b05      	ldr	r3, [pc, #20]	; (402868 <prvProcessTimerOrBlockTask+0x78>)
  402852:	4798      	blx	r3
}
  402854:	b002      	add	sp, #8
  402856:	bd70      	pop	{r4, r5, r6, pc}
  402858:	00401da1 	.word	0x00401da1
  40285c:	0040274d 	.word	0x0040274d
  402860:	20400b00 	.word	0x20400b00
  402864:	004019b1 	.word	0x004019b1
  402868:	00401ef9 	.word	0x00401ef9
  40286c:	e000ed04 	.word	0xe000ed04
  402870:	00402781 	.word	0x00402781

00402874 <prvProcessReceivedCommands>:
{
  402874:	b530      	push	{r4, r5, lr}
  402876:	b087      	sub	sp, #28
	while (xQueueReceive(xTimerQueue, &xMessage, tmrNO_DELAY)
  402878:	2200      	movs	r2, #0
  40287a:	a903      	add	r1, sp, #12
  40287c:	4b36      	ldr	r3, [pc, #216]	; (402958 <prvProcessReceivedCommands+0xe4>)
  40287e:	6898      	ldr	r0, [r3, #8]
  402880:	4b36      	ldr	r3, [pc, #216]	; (40295c <prvProcessReceivedCommands+0xe8>)
  402882:	4798      	blx	r3
  402884:	2800      	cmp	r0, #0
  402886:	d064      	beq.n	402952 <prvProcessReceivedCommands+0xde>
		if (xMessage.xMessageID >= (BaseType_t)0) {
  402888:	9b03      	ldr	r3, [sp, #12]
  40288a:	2b00      	cmp	r3, #0
  40288c:	dbf4      	blt.n	402878 <prvProcessReceivedCommands+0x4>
			pxTimer = xMessage.u.xTimerParameters.pxTimer;
  40288e:	9c05      	ldr	r4, [sp, #20]
			if (listIS_CONTAINED_WITHIN(NULL, &(pxTimer->xTimerListItem))
  402890:	6963      	ldr	r3, [r4, #20]
  402892:	b113      	cbz	r3, 40289a <prvProcessReceivedCommands+0x26>
				(void)uxListRemove(&(pxTimer->xTimerListItem));
  402894:	1d20      	adds	r0, r4, #4
  402896:	4b32      	ldr	r3, [pc, #200]	; (402960 <prvProcessReceivedCommands+0xec>)
  402898:	4798      	blx	r3
			xTimeNow = prvSampleTimeNow(&xTimerListsWereSwitched);
  40289a:	a802      	add	r0, sp, #8
  40289c:	4b31      	ldr	r3, [pc, #196]	; (402964 <prvProcessReceivedCommands+0xf0>)
  40289e:	4798      	blx	r3
			switch (xMessage.xMessageID) {
  4028a0:	9b03      	ldr	r3, [sp, #12]
  4028a2:	2b09      	cmp	r3, #9
  4028a4:	d8e8      	bhi.n	402878 <prvProcessReceivedCommands+0x4>
  4028a6:	a201      	add	r2, pc, #4	; (adr r2, 4028ac <prvProcessReceivedCommands+0x38>)
  4028a8:	f852 f023 	ldr.w	pc, [r2, r3, lsl #2]
  4028ac:	004028d5 	.word	0x004028d5
  4028b0:	004028d5 	.word	0x004028d5
  4028b4:	004028d5 	.word	0x004028d5
  4028b8:	00402879 	.word	0x00402879
  4028bc:	00402921 	.word	0x00402921
  4028c0:	0040294b 	.word	0x0040294b
  4028c4:	004028d5 	.word	0x004028d5
  4028c8:	004028d5 	.word	0x004028d5
  4028cc:	00402879 	.word	0x00402879
  4028d0:	00402921 	.word	0x00402921
				                               xMessage.u.xTimerParameters.xMessageValue + pxTimer->xTimerPeriodInTicks,
  4028d4:	9904      	ldr	r1, [sp, #16]
  4028d6:	69a5      	ldr	r5, [r4, #24]
				if (prvInsertTimerInActiveList(pxTimer,
  4028d8:	460b      	mov	r3, r1
  4028da:	4602      	mov	r2, r0
  4028dc:	4429      	add	r1, r5
  4028de:	4620      	mov	r0, r4
  4028e0:	4d21      	ldr	r5, [pc, #132]	; (402968 <prvProcessReceivedCommands+0xf4>)
  4028e2:	47a8      	blx	r5
  4028e4:	2800      	cmp	r0, #0
  4028e6:	d0c7      	beq.n	402878 <prvProcessReceivedCommands+0x4>
					pxTimer->pxCallbackFunction((TimerHandle_t)pxTimer);
  4028e8:	6a63      	ldr	r3, [r4, #36]	; 0x24
  4028ea:	4620      	mov	r0, r4
  4028ec:	4798      	blx	r3
					if (pxTimer->uxAutoReload == (UBaseType_t)pdTRUE) {
  4028ee:	69e3      	ldr	r3, [r4, #28]
  4028f0:	2b01      	cmp	r3, #1
  4028f2:	d1c1      	bne.n	402878 <prvProcessReceivedCommands+0x4>
						                                   + pxTimer->xTimerPeriodInTicks,
  4028f4:	69a2      	ldr	r2, [r4, #24]
						xResult = xTimerGenericCommand(pxTimer,
  4028f6:	2100      	movs	r1, #0
  4028f8:	9100      	str	r1, [sp, #0]
  4028fa:	460b      	mov	r3, r1
  4028fc:	9804      	ldr	r0, [sp, #16]
  4028fe:	4402      	add	r2, r0
  402900:	4620      	mov	r0, r4
  402902:	4c1a      	ldr	r4, [pc, #104]	; (40296c <prvProcessReceivedCommands+0xf8>)
  402904:	47a0      	blx	r4
						configASSERT(xResult);
  402906:	2800      	cmp	r0, #0
  402908:	d1b6      	bne.n	402878 <prvProcessReceivedCommands+0x4>
  40290a:	f04f 0380 	mov.w	r3, #128	; 0x80
  40290e:	b672      	cpsid	i
  402910:	f383 8811 	msr	BASEPRI, r3
  402914:	f3bf 8f6f 	isb	sy
  402918:	f3bf 8f4f 	dsb	sy
  40291c:	b662      	cpsie	i
  40291e:	e7fe      	b.n	40291e <prvProcessReceivedCommands+0xaa>
				pxTimer->xTimerPeriodInTicks = xMessage.u.xTimerParameters.xMessageValue;
  402920:	9904      	ldr	r1, [sp, #16]
  402922:	61a1      	str	r1, [r4, #24]
				configASSERT((pxTimer->xTimerPeriodInTicks > 0));
  402924:	b131      	cbz	r1, 402934 <prvProcessReceivedCommands+0xc0>
				(void)prvInsertTimerInActiveList(
  402926:	4603      	mov	r3, r0
  402928:	4602      	mov	r2, r0
  40292a:	4401      	add	r1, r0
  40292c:	4620      	mov	r0, r4
  40292e:	4c0e      	ldr	r4, [pc, #56]	; (402968 <prvProcessReceivedCommands+0xf4>)
  402930:	47a0      	blx	r4
				break;
  402932:	e7a1      	b.n	402878 <prvProcessReceivedCommands+0x4>
  402934:	f04f 0380 	mov.w	r3, #128	; 0x80
  402938:	b672      	cpsid	i
  40293a:	f383 8811 	msr	BASEPRI, r3
  40293e:	f3bf 8f6f 	isb	sy
  402942:	f3bf 8f4f 	dsb	sy
  402946:	b662      	cpsie	i
  402948:	e7fe      	b.n	402948 <prvProcessReceivedCommands+0xd4>
				vPortFree(pxTimer);
  40294a:	4620      	mov	r0, r4
  40294c:	4b08      	ldr	r3, [pc, #32]	; (402970 <prvProcessReceivedCommands+0xfc>)
  40294e:	4798      	blx	r3
			break;
  402950:	e792      	b.n	402878 <prvProcessReceivedCommands+0x4>
}
  402952:	b007      	add	sp, #28
  402954:	bd30      	pop	{r4, r5, pc}
  402956:	bf00      	nop
  402958:	20400b00 	.word	0x20400b00
  40295c:	00401629 	.word	0x00401629
  402960:	00400ba5 	.word	0x00400ba5
  402964:	0040274d 	.word	0x0040274d
  402968:	00402541 	.word	0x00402541
  40296c:	00402639 	.word	0x00402639
  402970:	00400f81 	.word	0x00400f81

00402974 <prvTimerTask>:
{
  402974:	b500      	push	{lr}
  402976:	b083      	sub	sp, #12
		xNextExpireTime = prvGetNextExpireTime(&xListWasEmpty);
  402978:	a801      	add	r0, sp, #4
  40297a:	4b04      	ldr	r3, [pc, #16]	; (40298c <prvTimerTask+0x18>)
  40297c:	4798      	blx	r3
		prvProcessTimerOrBlockTask(xNextExpireTime, xListWasEmpty);
  40297e:	9901      	ldr	r1, [sp, #4]
  402980:	4b03      	ldr	r3, [pc, #12]	; (402990 <prvTimerTask+0x1c>)
  402982:	4798      	blx	r3
		prvProcessReceivedCommands();
  402984:	4b03      	ldr	r3, [pc, #12]	; (402994 <prvTimerTask+0x20>)
  402986:	4798      	blx	r3
  402988:	e7f6      	b.n	402978 <prvTimerTask+0x4>
  40298a:	bf00      	nop
  40298c:	00402521 	.word	0x00402521
  402990:	004027f1 	.word	0x004027f1
  402994:	00402875 	.word	0x00402875

00402998 <__libc_init_array>:
  402998:	b570      	push	{r4, r5, r6, lr}
  40299a:	4e0d      	ldr	r6, [pc, #52]	; (4029d0 <__libc_init_array+0x38>)
  40299c:	4c0d      	ldr	r4, [pc, #52]	; (4029d4 <__libc_init_array+0x3c>)
  40299e:	1ba4      	subs	r4, r4, r6
  4029a0:	10a4      	asrs	r4, r4, #2
  4029a2:	2500      	movs	r5, #0
  4029a4:	42a5      	cmp	r5, r4
  4029a6:	d109      	bne.n	4029bc <__libc_init_array+0x24>
  4029a8:	4e0b      	ldr	r6, [pc, #44]	; (4029d8 <__libc_init_array+0x40>)
  4029aa:	4c0c      	ldr	r4, [pc, #48]	; (4029dc <__libc_init_array+0x44>)
  4029ac:	f000 fdd0 	bl	403550 <_init>
  4029b0:	1ba4      	subs	r4, r4, r6
  4029b2:	10a4      	asrs	r4, r4, #2
  4029b4:	2500      	movs	r5, #0
  4029b6:	42a5      	cmp	r5, r4
  4029b8:	d105      	bne.n	4029c6 <__libc_init_array+0x2e>
  4029ba:	bd70      	pop	{r4, r5, r6, pc}
  4029bc:	f856 3025 	ldr.w	r3, [r6, r5, lsl #2]
  4029c0:	4798      	blx	r3
  4029c2:	3501      	adds	r5, #1
  4029c4:	e7ee      	b.n	4029a4 <__libc_init_array+0xc>
  4029c6:	f856 3025 	ldr.w	r3, [r6, r5, lsl #2]
  4029ca:	4798      	blx	r3
  4029cc:	3501      	adds	r5, #1
  4029ce:	e7f2      	b.n	4029b6 <__libc_init_array+0x1e>
  4029d0:	0040355c 	.word	0x0040355c
  4029d4:	0040355c 	.word	0x0040355c
  4029d8:	0040355c 	.word	0x0040355c
  4029dc:	00403560 	.word	0x00403560

004029e0 <memcpy>:
  4029e0:	b510      	push	{r4, lr}
  4029e2:	1e43      	subs	r3, r0, #1
  4029e4:	440a      	add	r2, r1
  4029e6:	4291      	cmp	r1, r2
  4029e8:	d100      	bne.n	4029ec <memcpy+0xc>
  4029ea:	bd10      	pop	{r4, pc}
  4029ec:	f811 4b01 	ldrb.w	r4, [r1], #1
  4029f0:	f803 4f01 	strb.w	r4, [r3, #1]!
  4029f4:	e7f7      	b.n	4029e6 <memcpy+0x6>

004029f6 <memset>:
  4029f6:	4402      	add	r2, r0
  4029f8:	4603      	mov	r3, r0
  4029fa:	4293      	cmp	r3, r2
  4029fc:	d100      	bne.n	402a00 <memset+0xa>
  4029fe:	4770      	bx	lr
  402a00:	f803 1b01 	strb.w	r1, [r3], #1
  402a04:	e7f9      	b.n	4029fa <memset+0x4>
	...

00402a08 <siprintf>:
  402a08:	b40e      	push	{r1, r2, r3}
  402a0a:	b500      	push	{lr}
  402a0c:	b09c      	sub	sp, #112	; 0x70
  402a0e:	f44f 7102 	mov.w	r1, #520	; 0x208
  402a12:	ab1d      	add	r3, sp, #116	; 0x74
  402a14:	f8ad 1014 	strh.w	r1, [sp, #20]
  402a18:	9002      	str	r0, [sp, #8]
  402a1a:	9006      	str	r0, [sp, #24]
  402a1c:	f06f 4100 	mvn.w	r1, #2147483648	; 0x80000000
  402a20:	480a      	ldr	r0, [pc, #40]	; (402a4c <siprintf+0x44>)
  402a22:	9104      	str	r1, [sp, #16]
  402a24:	9107      	str	r1, [sp, #28]
  402a26:	f64f 71ff 	movw	r1, #65535	; 0xffff
  402a2a:	f853 2b04 	ldr.w	r2, [r3], #4
  402a2e:	f8ad 1016 	strh.w	r1, [sp, #22]
  402a32:	6800      	ldr	r0, [r0, #0]
  402a34:	9301      	str	r3, [sp, #4]
  402a36:	a902      	add	r1, sp, #8
  402a38:	f000 f8cc 	bl	402bd4 <_svfiprintf_r>
  402a3c:	9b02      	ldr	r3, [sp, #8]
  402a3e:	2200      	movs	r2, #0
  402a40:	701a      	strb	r2, [r3, #0]
  402a42:	b01c      	add	sp, #112	; 0x70
  402a44:	f85d eb04 	ldr.w	lr, [sp], #4
  402a48:	b003      	add	sp, #12
  402a4a:	4770      	bx	lr
  402a4c:	20400004 	.word	0x20400004

00402a50 <strlen>:
  402a50:	4603      	mov	r3, r0
  402a52:	f813 2b01 	ldrb.w	r2, [r3], #1
  402a56:	2a00      	cmp	r2, #0
  402a58:	d1fb      	bne.n	402a52 <strlen+0x2>
  402a5a:	1a18      	subs	r0, r3, r0
  402a5c:	3801      	subs	r0, #1
  402a5e:	4770      	bx	lr

00402a60 <_malloc_r>:
  402a60:	b570      	push	{r4, r5, r6, lr}
  402a62:	1ccd      	adds	r5, r1, #3
  402a64:	f025 0503 	bic.w	r5, r5, #3
  402a68:	3508      	adds	r5, #8
  402a6a:	2d0c      	cmp	r5, #12
  402a6c:	bf38      	it	cc
  402a6e:	250c      	movcc	r5, #12
  402a70:	2d00      	cmp	r5, #0
  402a72:	4606      	mov	r6, r0
  402a74:	db01      	blt.n	402a7a <_malloc_r+0x1a>
  402a76:	42a9      	cmp	r1, r5
  402a78:	d903      	bls.n	402a82 <_malloc_r+0x22>
  402a7a:	230c      	movs	r3, #12
  402a7c:	6033      	str	r3, [r6, #0]
  402a7e:	2000      	movs	r0, #0
  402a80:	bd70      	pop	{r4, r5, r6, pc}
  402a82:	f000 fbaf 	bl	4031e4 <__malloc_lock>
  402a86:	4a23      	ldr	r2, [pc, #140]	; (402b14 <_malloc_r+0xb4>)
  402a88:	6814      	ldr	r4, [r2, #0]
  402a8a:	4621      	mov	r1, r4
  402a8c:	b991      	cbnz	r1, 402ab4 <_malloc_r+0x54>
  402a8e:	4c22      	ldr	r4, [pc, #136]	; (402b18 <_malloc_r+0xb8>)
  402a90:	6823      	ldr	r3, [r4, #0]
  402a92:	b91b      	cbnz	r3, 402a9c <_malloc_r+0x3c>
  402a94:	4630      	mov	r0, r6
  402a96:	f000 fb27 	bl	4030e8 <_sbrk_r>
  402a9a:	6020      	str	r0, [r4, #0]
  402a9c:	4629      	mov	r1, r5
  402a9e:	4630      	mov	r0, r6
  402aa0:	f000 fb22 	bl	4030e8 <_sbrk_r>
  402aa4:	1c43      	adds	r3, r0, #1
  402aa6:	d126      	bne.n	402af6 <_malloc_r+0x96>
  402aa8:	230c      	movs	r3, #12
  402aaa:	6033      	str	r3, [r6, #0]
  402aac:	4630      	mov	r0, r6
  402aae:	f000 fb9a 	bl	4031e6 <__malloc_unlock>
  402ab2:	e7e4      	b.n	402a7e <_malloc_r+0x1e>
  402ab4:	680b      	ldr	r3, [r1, #0]
  402ab6:	1b5b      	subs	r3, r3, r5
  402ab8:	d41a      	bmi.n	402af0 <_malloc_r+0x90>
  402aba:	2b0b      	cmp	r3, #11
  402abc:	d90f      	bls.n	402ade <_malloc_r+0x7e>
  402abe:	600b      	str	r3, [r1, #0]
  402ac0:	50cd      	str	r5, [r1, r3]
  402ac2:	18cc      	adds	r4, r1, r3
  402ac4:	4630      	mov	r0, r6
  402ac6:	f000 fb8e 	bl	4031e6 <__malloc_unlock>
  402aca:	f104 000b 	add.w	r0, r4, #11
  402ace:	1d23      	adds	r3, r4, #4
  402ad0:	f020 0007 	bic.w	r0, r0, #7
  402ad4:	1ac3      	subs	r3, r0, r3
  402ad6:	d01b      	beq.n	402b10 <_malloc_r+0xb0>
  402ad8:	425a      	negs	r2, r3
  402ada:	50e2      	str	r2, [r4, r3]
  402adc:	bd70      	pop	{r4, r5, r6, pc}
  402ade:	428c      	cmp	r4, r1
  402ae0:	bf0d      	iteet	eq
  402ae2:	6863      	ldreq	r3, [r4, #4]
  402ae4:	684b      	ldrne	r3, [r1, #4]
  402ae6:	6063      	strne	r3, [r4, #4]
  402ae8:	6013      	streq	r3, [r2, #0]
  402aea:	bf18      	it	ne
  402aec:	460c      	movne	r4, r1
  402aee:	e7e9      	b.n	402ac4 <_malloc_r+0x64>
  402af0:	460c      	mov	r4, r1
  402af2:	6849      	ldr	r1, [r1, #4]
  402af4:	e7ca      	b.n	402a8c <_malloc_r+0x2c>
  402af6:	1cc4      	adds	r4, r0, #3
  402af8:	f024 0403 	bic.w	r4, r4, #3
  402afc:	42a0      	cmp	r0, r4
  402afe:	d005      	beq.n	402b0c <_malloc_r+0xac>
  402b00:	1a21      	subs	r1, r4, r0
  402b02:	4630      	mov	r0, r6
  402b04:	f000 faf0 	bl	4030e8 <_sbrk_r>
  402b08:	3001      	adds	r0, #1
  402b0a:	d0cd      	beq.n	402aa8 <_malloc_r+0x48>
  402b0c:	6025      	str	r5, [r4, #0]
  402b0e:	e7d9      	b.n	402ac4 <_malloc_r+0x64>
  402b10:	bd70      	pop	{r4, r5, r6, pc}
  402b12:	bf00      	nop
  402b14:	20400b3c 	.word	0x20400b3c
  402b18:	20400b40 	.word	0x20400b40

00402b1c <__ssputs_r>:
  402b1c:	e92d 47f0 	stmdb	sp!, {r4, r5, r6, r7, r8, r9, sl, lr}
  402b20:	688e      	ldr	r6, [r1, #8]
  402b22:	429e      	cmp	r6, r3
  402b24:	4682      	mov	sl, r0
  402b26:	460c      	mov	r4, r1
  402b28:	4691      	mov	r9, r2
  402b2a:	4698      	mov	r8, r3
  402b2c:	d835      	bhi.n	402b9a <__ssputs_r+0x7e>
  402b2e:	898a      	ldrh	r2, [r1, #12]
  402b30:	f412 6f90 	tst.w	r2, #1152	; 0x480
  402b34:	d031      	beq.n	402b9a <__ssputs_r+0x7e>
  402b36:	6825      	ldr	r5, [r4, #0]
  402b38:	6909      	ldr	r1, [r1, #16]
  402b3a:	1a6f      	subs	r7, r5, r1
  402b3c:	6965      	ldr	r5, [r4, #20]
  402b3e:	2302      	movs	r3, #2
  402b40:	eb05 0545 	add.w	r5, r5, r5, lsl #1
  402b44:	fb95 f5f3 	sdiv	r5, r5, r3
  402b48:	f108 0301 	add.w	r3, r8, #1
  402b4c:	443b      	add	r3, r7
  402b4e:	429d      	cmp	r5, r3
  402b50:	bf38      	it	cc
  402b52:	461d      	movcc	r5, r3
  402b54:	0553      	lsls	r3, r2, #21
  402b56:	d531      	bpl.n	402bbc <__ssputs_r+0xa0>
  402b58:	4629      	mov	r1, r5
  402b5a:	f7ff ff81 	bl	402a60 <_malloc_r>
  402b5e:	4606      	mov	r6, r0
  402b60:	b950      	cbnz	r0, 402b78 <__ssputs_r+0x5c>
  402b62:	230c      	movs	r3, #12
  402b64:	f8ca 3000 	str.w	r3, [sl]
  402b68:	89a3      	ldrh	r3, [r4, #12]
  402b6a:	f043 0340 	orr.w	r3, r3, #64	; 0x40
  402b6e:	81a3      	strh	r3, [r4, #12]
  402b70:	f04f 30ff 	mov.w	r0, #4294967295
  402b74:	e8bd 87f0 	ldmia.w	sp!, {r4, r5, r6, r7, r8, r9, sl, pc}
  402b78:	463a      	mov	r2, r7
  402b7a:	6921      	ldr	r1, [r4, #16]
  402b7c:	f7ff ff30 	bl	4029e0 <memcpy>
  402b80:	89a3      	ldrh	r3, [r4, #12]
  402b82:	f423 6390 	bic.w	r3, r3, #1152	; 0x480
  402b86:	f043 0380 	orr.w	r3, r3, #128	; 0x80
  402b8a:	81a3      	strh	r3, [r4, #12]
  402b8c:	6126      	str	r6, [r4, #16]
  402b8e:	6165      	str	r5, [r4, #20]
  402b90:	443e      	add	r6, r7
  402b92:	1bed      	subs	r5, r5, r7
  402b94:	6026      	str	r6, [r4, #0]
  402b96:	60a5      	str	r5, [r4, #8]
  402b98:	4646      	mov	r6, r8
  402b9a:	4546      	cmp	r6, r8
  402b9c:	bf28      	it	cs
  402b9e:	4646      	movcs	r6, r8
  402ba0:	4632      	mov	r2, r6
  402ba2:	4649      	mov	r1, r9
  402ba4:	6820      	ldr	r0, [r4, #0]
  402ba6:	f000 fb03 	bl	4031b0 <memmove>
  402baa:	68a3      	ldr	r3, [r4, #8]
  402bac:	1b9b      	subs	r3, r3, r6
  402bae:	60a3      	str	r3, [r4, #8]
  402bb0:	6823      	ldr	r3, [r4, #0]
  402bb2:	441e      	add	r6, r3
  402bb4:	6026      	str	r6, [r4, #0]
  402bb6:	2000      	movs	r0, #0
  402bb8:	e8bd 87f0 	ldmia.w	sp!, {r4, r5, r6, r7, r8, r9, sl, pc}
  402bbc:	462a      	mov	r2, r5
  402bbe:	f000 fb61 	bl	403284 <_realloc_r>
  402bc2:	4606      	mov	r6, r0
  402bc4:	2800      	cmp	r0, #0
  402bc6:	d1e1      	bne.n	402b8c <__ssputs_r+0x70>
  402bc8:	6921      	ldr	r1, [r4, #16]
  402bca:	4650      	mov	r0, sl
  402bcc:	f000 fb0c 	bl	4031e8 <_free_r>
  402bd0:	e7c7      	b.n	402b62 <__ssputs_r+0x46>
	...

00402bd4 <_svfiprintf_r>:
  402bd4:	e92d 4ff0 	stmdb	sp!, {r4, r5, r6, r7, r8, r9, sl, fp, lr}
  402bd8:	b09d      	sub	sp, #116	; 0x74
  402bda:	4680      	mov	r8, r0
  402bdc:	9303      	str	r3, [sp, #12]
  402bde:	898b      	ldrh	r3, [r1, #12]
  402be0:	061c      	lsls	r4, r3, #24
  402be2:	460d      	mov	r5, r1
  402be4:	4616      	mov	r6, r2
  402be6:	d50f      	bpl.n	402c08 <_svfiprintf_r+0x34>
  402be8:	690b      	ldr	r3, [r1, #16]
  402bea:	b96b      	cbnz	r3, 402c08 <_svfiprintf_r+0x34>
  402bec:	2140      	movs	r1, #64	; 0x40
  402bee:	f7ff ff37 	bl	402a60 <_malloc_r>
  402bf2:	6028      	str	r0, [r5, #0]
  402bf4:	6128      	str	r0, [r5, #16]
  402bf6:	b928      	cbnz	r0, 402c04 <_svfiprintf_r+0x30>
  402bf8:	230c      	movs	r3, #12
  402bfa:	f8c8 3000 	str.w	r3, [r8]
  402bfe:	f04f 30ff 	mov.w	r0, #4294967295
  402c02:	e0c5      	b.n	402d90 <_svfiprintf_r+0x1bc>
  402c04:	2340      	movs	r3, #64	; 0x40
  402c06:	616b      	str	r3, [r5, #20]
  402c08:	2300      	movs	r3, #0
  402c0a:	9309      	str	r3, [sp, #36]	; 0x24
  402c0c:	2320      	movs	r3, #32
  402c0e:	f88d 3029 	strb.w	r3, [sp, #41]	; 0x29
  402c12:	2330      	movs	r3, #48	; 0x30
  402c14:	f88d 302a 	strb.w	r3, [sp, #42]	; 0x2a
  402c18:	f04f 0b01 	mov.w	fp, #1
  402c1c:	4637      	mov	r7, r6
  402c1e:	463c      	mov	r4, r7
  402c20:	f814 3b01 	ldrb.w	r3, [r4], #1
  402c24:	2b00      	cmp	r3, #0
  402c26:	d13c      	bne.n	402ca2 <_svfiprintf_r+0xce>
  402c28:	ebb7 0a06 	subs.w	sl, r7, r6
  402c2c:	d00b      	beq.n	402c46 <_svfiprintf_r+0x72>
  402c2e:	4653      	mov	r3, sl
  402c30:	4632      	mov	r2, r6
  402c32:	4629      	mov	r1, r5
  402c34:	4640      	mov	r0, r8
  402c36:	f7ff ff71 	bl	402b1c <__ssputs_r>
  402c3a:	3001      	adds	r0, #1
  402c3c:	f000 80a3 	beq.w	402d86 <_svfiprintf_r+0x1b2>
  402c40:	9b09      	ldr	r3, [sp, #36]	; 0x24
  402c42:	4453      	add	r3, sl
  402c44:	9309      	str	r3, [sp, #36]	; 0x24
  402c46:	783b      	ldrb	r3, [r7, #0]
  402c48:	2b00      	cmp	r3, #0
  402c4a:	f000 809c 	beq.w	402d86 <_svfiprintf_r+0x1b2>
  402c4e:	2300      	movs	r3, #0
  402c50:	f04f 32ff 	mov.w	r2, #4294967295
  402c54:	9304      	str	r3, [sp, #16]
  402c56:	9307      	str	r3, [sp, #28]
  402c58:	9205      	str	r2, [sp, #20]
  402c5a:	9306      	str	r3, [sp, #24]
  402c5c:	f88d 3053 	strb.w	r3, [sp, #83]	; 0x53
  402c60:	931a      	str	r3, [sp, #104]	; 0x68
  402c62:	2205      	movs	r2, #5
  402c64:	7821      	ldrb	r1, [r4, #0]
  402c66:	4850      	ldr	r0, [pc, #320]	; (402da8 <_svfiprintf_r+0x1d4>)
  402c68:	f000 fa52 	bl	403110 <memchr>
  402c6c:	1c67      	adds	r7, r4, #1
  402c6e:	9b04      	ldr	r3, [sp, #16]
  402c70:	b9d8      	cbnz	r0, 402caa <_svfiprintf_r+0xd6>
  402c72:	06d9      	lsls	r1, r3, #27
  402c74:	bf44      	itt	mi
  402c76:	2220      	movmi	r2, #32
  402c78:	f88d 2053 	strbmi.w	r2, [sp, #83]	; 0x53
  402c7c:	071a      	lsls	r2, r3, #28
  402c7e:	bf44      	itt	mi
  402c80:	222b      	movmi	r2, #43	; 0x2b
  402c82:	f88d 2053 	strbmi.w	r2, [sp, #83]	; 0x53
  402c86:	7822      	ldrb	r2, [r4, #0]
  402c88:	2a2a      	cmp	r2, #42	; 0x2a
  402c8a:	d016      	beq.n	402cba <_svfiprintf_r+0xe6>
  402c8c:	9a07      	ldr	r2, [sp, #28]
  402c8e:	2100      	movs	r1, #0
  402c90:	200a      	movs	r0, #10
  402c92:	4627      	mov	r7, r4
  402c94:	3401      	adds	r4, #1
  402c96:	783b      	ldrb	r3, [r7, #0]
  402c98:	3b30      	subs	r3, #48	; 0x30
  402c9a:	2b09      	cmp	r3, #9
  402c9c:	d951      	bls.n	402d42 <_svfiprintf_r+0x16e>
  402c9e:	b1c9      	cbz	r1, 402cd4 <_svfiprintf_r+0x100>
  402ca0:	e011      	b.n	402cc6 <_svfiprintf_r+0xf2>
  402ca2:	2b25      	cmp	r3, #37	; 0x25
  402ca4:	d0c0      	beq.n	402c28 <_svfiprintf_r+0x54>
  402ca6:	4627      	mov	r7, r4
  402ca8:	e7b9      	b.n	402c1e <_svfiprintf_r+0x4a>
  402caa:	4a3f      	ldr	r2, [pc, #252]	; (402da8 <_svfiprintf_r+0x1d4>)
  402cac:	1a80      	subs	r0, r0, r2
  402cae:	fa0b f000 	lsl.w	r0, fp, r0
  402cb2:	4318      	orrs	r0, r3
  402cb4:	9004      	str	r0, [sp, #16]
  402cb6:	463c      	mov	r4, r7
  402cb8:	e7d3      	b.n	402c62 <_svfiprintf_r+0x8e>
  402cba:	9a03      	ldr	r2, [sp, #12]
  402cbc:	1d11      	adds	r1, r2, #4
  402cbe:	6812      	ldr	r2, [r2, #0]
  402cc0:	9103      	str	r1, [sp, #12]
  402cc2:	2a00      	cmp	r2, #0
  402cc4:	db01      	blt.n	402cca <_svfiprintf_r+0xf6>
  402cc6:	9207      	str	r2, [sp, #28]
  402cc8:	e004      	b.n	402cd4 <_svfiprintf_r+0x100>
  402cca:	4252      	negs	r2, r2
  402ccc:	f043 0302 	orr.w	r3, r3, #2
  402cd0:	9207      	str	r2, [sp, #28]
  402cd2:	9304      	str	r3, [sp, #16]
  402cd4:	783b      	ldrb	r3, [r7, #0]
  402cd6:	2b2e      	cmp	r3, #46	; 0x2e
  402cd8:	d10e      	bne.n	402cf8 <_svfiprintf_r+0x124>
  402cda:	787b      	ldrb	r3, [r7, #1]
  402cdc:	2b2a      	cmp	r3, #42	; 0x2a
  402cde:	f107 0101 	add.w	r1, r7, #1
  402ce2:	d132      	bne.n	402d4a <_svfiprintf_r+0x176>
  402ce4:	9b03      	ldr	r3, [sp, #12]
  402ce6:	1d1a      	adds	r2, r3, #4
  402ce8:	681b      	ldr	r3, [r3, #0]
  402cea:	9203      	str	r2, [sp, #12]
  402cec:	2b00      	cmp	r3, #0
  402cee:	bfb8      	it	lt
  402cf0:	f04f 33ff 	movlt.w	r3, #4294967295
  402cf4:	3702      	adds	r7, #2
  402cf6:	9305      	str	r3, [sp, #20]
  402cf8:	4c2c      	ldr	r4, [pc, #176]	; (402dac <_svfiprintf_r+0x1d8>)
  402cfa:	7839      	ldrb	r1, [r7, #0]
  402cfc:	2203      	movs	r2, #3
  402cfe:	4620      	mov	r0, r4
  402d00:	f000 fa06 	bl	403110 <memchr>
  402d04:	b138      	cbz	r0, 402d16 <_svfiprintf_r+0x142>
  402d06:	2340      	movs	r3, #64	; 0x40
  402d08:	1b00      	subs	r0, r0, r4
  402d0a:	fa03 f000 	lsl.w	r0, r3, r0
  402d0e:	9b04      	ldr	r3, [sp, #16]
  402d10:	4303      	orrs	r3, r0
  402d12:	9304      	str	r3, [sp, #16]
  402d14:	3701      	adds	r7, #1
  402d16:	7839      	ldrb	r1, [r7, #0]
  402d18:	4825      	ldr	r0, [pc, #148]	; (402db0 <_svfiprintf_r+0x1dc>)
  402d1a:	f88d 1028 	strb.w	r1, [sp, #40]	; 0x28
  402d1e:	2206      	movs	r2, #6
  402d20:	1c7e      	adds	r6, r7, #1
  402d22:	f000 f9f5 	bl	403110 <memchr>
  402d26:	2800      	cmp	r0, #0
  402d28:	d035      	beq.n	402d96 <_svfiprintf_r+0x1c2>
  402d2a:	4b22      	ldr	r3, [pc, #136]	; (402db4 <_svfiprintf_r+0x1e0>)
  402d2c:	b9fb      	cbnz	r3, 402d6e <_svfiprintf_r+0x19a>
  402d2e:	9b03      	ldr	r3, [sp, #12]
  402d30:	3307      	adds	r3, #7
  402d32:	f023 0307 	bic.w	r3, r3, #7
  402d36:	3308      	adds	r3, #8
  402d38:	9303      	str	r3, [sp, #12]
  402d3a:	9b09      	ldr	r3, [sp, #36]	; 0x24
  402d3c:	444b      	add	r3, r9
  402d3e:	9309      	str	r3, [sp, #36]	; 0x24
  402d40:	e76c      	b.n	402c1c <_svfiprintf_r+0x48>
  402d42:	fb00 3202 	mla	r2, r0, r2, r3
  402d46:	2101      	movs	r1, #1
  402d48:	e7a3      	b.n	402c92 <_svfiprintf_r+0xbe>
  402d4a:	2300      	movs	r3, #0
  402d4c:	9305      	str	r3, [sp, #20]
  402d4e:	4618      	mov	r0, r3
  402d50:	240a      	movs	r4, #10
  402d52:	460f      	mov	r7, r1
  402d54:	3101      	adds	r1, #1
  402d56:	783a      	ldrb	r2, [r7, #0]
  402d58:	3a30      	subs	r2, #48	; 0x30
  402d5a:	2a09      	cmp	r2, #9
  402d5c:	d903      	bls.n	402d66 <_svfiprintf_r+0x192>
  402d5e:	2b00      	cmp	r3, #0
  402d60:	d0ca      	beq.n	402cf8 <_svfiprintf_r+0x124>
  402d62:	9005      	str	r0, [sp, #20]
  402d64:	e7c8      	b.n	402cf8 <_svfiprintf_r+0x124>
  402d66:	fb04 2000 	mla	r0, r4, r0, r2
  402d6a:	2301      	movs	r3, #1
  402d6c:	e7f1      	b.n	402d52 <_svfiprintf_r+0x17e>
  402d6e:	ab03      	add	r3, sp, #12
  402d70:	9300      	str	r3, [sp, #0]
  402d72:	462a      	mov	r2, r5
  402d74:	4b10      	ldr	r3, [pc, #64]	; (402db8 <_svfiprintf_r+0x1e4>)
  402d76:	a904      	add	r1, sp, #16
  402d78:	4640      	mov	r0, r8
  402d7a:	f3af 8000 	nop.w
  402d7e:	f1b0 3fff 	cmp.w	r0, #4294967295
  402d82:	4681      	mov	r9, r0
  402d84:	d1d9      	bne.n	402d3a <_svfiprintf_r+0x166>
  402d86:	89ab      	ldrh	r3, [r5, #12]
  402d88:	065b      	lsls	r3, r3, #25
  402d8a:	f53f af38 	bmi.w	402bfe <_svfiprintf_r+0x2a>
  402d8e:	9809      	ldr	r0, [sp, #36]	; 0x24
  402d90:	b01d      	add	sp, #116	; 0x74
  402d92:	e8bd 8ff0 	ldmia.w	sp!, {r4, r5, r6, r7, r8, r9, sl, fp, pc}
  402d96:	ab03      	add	r3, sp, #12
  402d98:	9300      	str	r3, [sp, #0]
  402d9a:	462a      	mov	r2, r5
  402d9c:	4b06      	ldr	r3, [pc, #24]	; (402db8 <_svfiprintf_r+0x1e4>)
  402d9e:	a904      	add	r1, sp, #16
  402da0:	4640      	mov	r0, r8
  402da2:	f000 f881 	bl	402ea8 <_printf_i>
  402da6:	e7ea      	b.n	402d7e <_svfiprintf_r+0x1aa>
  402da8:	0040351c 	.word	0x0040351c
  402dac:	00403522 	.word	0x00403522
  402db0:	00403526 	.word	0x00403526
  402db4:	00000000 	.word	0x00000000
  402db8:	00402b1d 	.word	0x00402b1d

00402dbc <_printf_common>:
  402dbc:	e92d 47f0 	stmdb	sp!, {r4, r5, r6, r7, r8, r9, sl, lr}
  402dc0:	4691      	mov	r9, r2
  402dc2:	461f      	mov	r7, r3
  402dc4:	688a      	ldr	r2, [r1, #8]
  402dc6:	690b      	ldr	r3, [r1, #16]
  402dc8:	f8dd 8020 	ldr.w	r8, [sp, #32]
  402dcc:	4293      	cmp	r3, r2
  402dce:	bfb8      	it	lt
  402dd0:	4613      	movlt	r3, r2
  402dd2:	f8c9 3000 	str.w	r3, [r9]
  402dd6:	f891 2043 	ldrb.w	r2, [r1, #67]	; 0x43
  402dda:	4606      	mov	r6, r0
  402ddc:	460c      	mov	r4, r1
  402dde:	b112      	cbz	r2, 402de6 <_printf_common+0x2a>
  402de0:	3301      	adds	r3, #1
  402de2:	f8c9 3000 	str.w	r3, [r9]
  402de6:	6823      	ldr	r3, [r4, #0]
  402de8:	0699      	lsls	r1, r3, #26
  402dea:	bf42      	ittt	mi
  402dec:	f8d9 3000 	ldrmi.w	r3, [r9]
  402df0:	3302      	addmi	r3, #2
  402df2:	f8c9 3000 	strmi.w	r3, [r9]
  402df6:	6825      	ldr	r5, [r4, #0]
  402df8:	f015 0506 	ands.w	r5, r5, #6
  402dfc:	d107      	bne.n	402e0e <_printf_common+0x52>
  402dfe:	f104 0a19 	add.w	sl, r4, #25
  402e02:	68e3      	ldr	r3, [r4, #12]
  402e04:	f8d9 2000 	ldr.w	r2, [r9]
  402e08:	1a9b      	subs	r3, r3, r2
  402e0a:	429d      	cmp	r5, r3
  402e0c:	db29      	blt.n	402e62 <_printf_common+0xa6>
  402e0e:	f894 3043 	ldrb.w	r3, [r4, #67]	; 0x43
  402e12:	6822      	ldr	r2, [r4, #0]
  402e14:	3300      	adds	r3, #0
  402e16:	bf18      	it	ne
  402e18:	2301      	movne	r3, #1
  402e1a:	0692      	lsls	r2, r2, #26
  402e1c:	d42e      	bmi.n	402e7c <_printf_common+0xc0>
  402e1e:	f104 0243 	add.w	r2, r4, #67	; 0x43
  402e22:	4639      	mov	r1, r7
  402e24:	4630      	mov	r0, r6
  402e26:	47c0      	blx	r8
  402e28:	3001      	adds	r0, #1
  402e2a:	d021      	beq.n	402e70 <_printf_common+0xb4>
  402e2c:	6823      	ldr	r3, [r4, #0]
  402e2e:	68e5      	ldr	r5, [r4, #12]
  402e30:	f8d9 2000 	ldr.w	r2, [r9]
  402e34:	f003 0306 	and.w	r3, r3, #6
  402e38:	2b04      	cmp	r3, #4
  402e3a:	bf08      	it	eq
  402e3c:	1aad      	subeq	r5, r5, r2
  402e3e:	68a3      	ldr	r3, [r4, #8]
  402e40:	6922      	ldr	r2, [r4, #16]
  402e42:	bf0c      	ite	eq
  402e44:	ea25 75e5 	biceq.w	r5, r5, r5, asr #31
  402e48:	2500      	movne	r5, #0
  402e4a:	4293      	cmp	r3, r2
  402e4c:	bfc4      	itt	gt
  402e4e:	1a9b      	subgt	r3, r3, r2
  402e50:	18ed      	addgt	r5, r5, r3
  402e52:	f04f 0900 	mov.w	r9, #0
  402e56:	341a      	adds	r4, #26
  402e58:	454d      	cmp	r5, r9
  402e5a:	d11b      	bne.n	402e94 <_printf_common+0xd8>
  402e5c:	2000      	movs	r0, #0
  402e5e:	e8bd 87f0 	ldmia.w	sp!, {r4, r5, r6, r7, r8, r9, sl, pc}
  402e62:	2301      	movs	r3, #1
  402e64:	4652      	mov	r2, sl
  402e66:	4639      	mov	r1, r7
  402e68:	4630      	mov	r0, r6
  402e6a:	47c0      	blx	r8
  402e6c:	3001      	adds	r0, #1
  402e6e:	d103      	bne.n	402e78 <_printf_common+0xbc>
  402e70:	f04f 30ff 	mov.w	r0, #4294967295
  402e74:	e8bd 87f0 	ldmia.w	sp!, {r4, r5, r6, r7, r8, r9, sl, pc}
  402e78:	3501      	adds	r5, #1
  402e7a:	e7c2      	b.n	402e02 <_printf_common+0x46>
  402e7c:	18e1      	adds	r1, r4, r3
  402e7e:	1c5a      	adds	r2, r3, #1
  402e80:	2030      	movs	r0, #48	; 0x30
  402e82:	f881 0043 	strb.w	r0, [r1, #67]	; 0x43
  402e86:	4422      	add	r2, r4
  402e88:	f894 1045 	ldrb.w	r1, [r4, #69]	; 0x45
  402e8c:	f882 1043 	strb.w	r1, [r2, #67]	; 0x43
  402e90:	3302      	adds	r3, #2
  402e92:	e7c4      	b.n	402e1e <_printf_common+0x62>
  402e94:	2301      	movs	r3, #1
  402e96:	4622      	mov	r2, r4
  402e98:	4639      	mov	r1, r7
  402e9a:	4630      	mov	r0, r6
  402e9c:	47c0      	blx	r8
  402e9e:	3001      	adds	r0, #1
  402ea0:	d0e6      	beq.n	402e70 <_printf_common+0xb4>
  402ea2:	f109 0901 	add.w	r9, r9, #1
  402ea6:	e7d7      	b.n	402e58 <_printf_common+0x9c>

00402ea8 <_printf_i>:
  402ea8:	e92d 43f0 	stmdb	sp!, {r4, r5, r6, r7, r8, r9, lr}
  402eac:	4617      	mov	r7, r2
  402eae:	7e0a      	ldrb	r2, [r1, #24]
  402eb0:	b085      	sub	sp, #20
  402eb2:	2a6e      	cmp	r2, #110	; 0x6e
  402eb4:	4698      	mov	r8, r3
  402eb6:	4606      	mov	r6, r0
  402eb8:	460c      	mov	r4, r1
  402eba:	9b0c      	ldr	r3, [sp, #48]	; 0x30
  402ebc:	f101 0e43 	add.w	lr, r1, #67	; 0x43
  402ec0:	f000 80bc 	beq.w	40303c <_printf_i+0x194>
  402ec4:	d81a      	bhi.n	402efc <_printf_i+0x54>
  402ec6:	2a63      	cmp	r2, #99	; 0x63
  402ec8:	d02e      	beq.n	402f28 <_printf_i+0x80>
  402eca:	d80a      	bhi.n	402ee2 <_printf_i+0x3a>
  402ecc:	2a00      	cmp	r2, #0
  402ece:	f000 80c8 	beq.w	403062 <_printf_i+0x1ba>
  402ed2:	2a58      	cmp	r2, #88	; 0x58
  402ed4:	f000 808a 	beq.w	402fec <_printf_i+0x144>
  402ed8:	f104 0542 	add.w	r5, r4, #66	; 0x42
  402edc:	f884 2042 	strb.w	r2, [r4, #66]	; 0x42
  402ee0:	e02a      	b.n	402f38 <_printf_i+0x90>
  402ee2:	2a64      	cmp	r2, #100	; 0x64
  402ee4:	d001      	beq.n	402eea <_printf_i+0x42>
  402ee6:	2a69      	cmp	r2, #105	; 0x69
  402ee8:	d1f6      	bne.n	402ed8 <_printf_i+0x30>
  402eea:	6821      	ldr	r1, [r4, #0]
  402eec:	681a      	ldr	r2, [r3, #0]
  402eee:	f011 0f80 	tst.w	r1, #128	; 0x80
  402ef2:	d023      	beq.n	402f3c <_printf_i+0x94>
  402ef4:	1d11      	adds	r1, r2, #4
  402ef6:	6019      	str	r1, [r3, #0]
  402ef8:	6813      	ldr	r3, [r2, #0]
  402efa:	e027      	b.n	402f4c <_printf_i+0xa4>
  402efc:	2a73      	cmp	r2, #115	; 0x73
  402efe:	f000 80b4 	beq.w	40306a <_printf_i+0x1c2>
  402f02:	d808      	bhi.n	402f16 <_printf_i+0x6e>
  402f04:	2a6f      	cmp	r2, #111	; 0x6f
  402f06:	d02a      	beq.n	402f5e <_printf_i+0xb6>
  402f08:	2a70      	cmp	r2, #112	; 0x70
  402f0a:	d1e5      	bne.n	402ed8 <_printf_i+0x30>
  402f0c:	680a      	ldr	r2, [r1, #0]
  402f0e:	f042 0220 	orr.w	r2, r2, #32
  402f12:	600a      	str	r2, [r1, #0]
  402f14:	e003      	b.n	402f1e <_printf_i+0x76>
  402f16:	2a75      	cmp	r2, #117	; 0x75
  402f18:	d021      	beq.n	402f5e <_printf_i+0xb6>
  402f1a:	2a78      	cmp	r2, #120	; 0x78
  402f1c:	d1dc      	bne.n	402ed8 <_printf_i+0x30>
  402f1e:	2278      	movs	r2, #120	; 0x78
  402f20:	f884 2045 	strb.w	r2, [r4, #69]	; 0x45
  402f24:	496e      	ldr	r1, [pc, #440]	; (4030e0 <_printf_i+0x238>)
  402f26:	e064      	b.n	402ff2 <_printf_i+0x14a>
  402f28:	681a      	ldr	r2, [r3, #0]
  402f2a:	f101 0542 	add.w	r5, r1, #66	; 0x42
  402f2e:	1d11      	adds	r1, r2, #4
  402f30:	6019      	str	r1, [r3, #0]
  402f32:	6813      	ldr	r3, [r2, #0]
  402f34:	f884 3042 	strb.w	r3, [r4, #66]	; 0x42
  402f38:	2301      	movs	r3, #1
  402f3a:	e0a3      	b.n	403084 <_printf_i+0x1dc>
  402f3c:	f011 0f40 	tst.w	r1, #64	; 0x40
  402f40:	f102 0104 	add.w	r1, r2, #4
  402f44:	6019      	str	r1, [r3, #0]
  402f46:	d0d7      	beq.n	402ef8 <_printf_i+0x50>
  402f48:	f9b2 3000 	ldrsh.w	r3, [r2]
  402f4c:	2b00      	cmp	r3, #0
  402f4e:	da03      	bge.n	402f58 <_printf_i+0xb0>
  402f50:	222d      	movs	r2, #45	; 0x2d
  402f52:	425b      	negs	r3, r3
  402f54:	f884 2043 	strb.w	r2, [r4, #67]	; 0x43
  402f58:	4962      	ldr	r1, [pc, #392]	; (4030e4 <_printf_i+0x23c>)
  402f5a:	220a      	movs	r2, #10
  402f5c:	e017      	b.n	402f8e <_printf_i+0xe6>
  402f5e:	6820      	ldr	r0, [r4, #0]
  402f60:	6819      	ldr	r1, [r3, #0]
  402f62:	f010 0f80 	tst.w	r0, #128	; 0x80
  402f66:	d003      	beq.n	402f70 <_printf_i+0xc8>
  402f68:	1d08      	adds	r0, r1, #4
  402f6a:	6018      	str	r0, [r3, #0]
  402f6c:	680b      	ldr	r3, [r1, #0]
  402f6e:	e006      	b.n	402f7e <_printf_i+0xd6>
  402f70:	f010 0f40 	tst.w	r0, #64	; 0x40
  402f74:	f101 0004 	add.w	r0, r1, #4
  402f78:	6018      	str	r0, [r3, #0]
  402f7a:	d0f7      	beq.n	402f6c <_printf_i+0xc4>
  402f7c:	880b      	ldrh	r3, [r1, #0]
  402f7e:	4959      	ldr	r1, [pc, #356]	; (4030e4 <_printf_i+0x23c>)
  402f80:	2a6f      	cmp	r2, #111	; 0x6f
  402f82:	bf14      	ite	ne
  402f84:	220a      	movne	r2, #10
  402f86:	2208      	moveq	r2, #8
  402f88:	2000      	movs	r0, #0
  402f8a:	f884 0043 	strb.w	r0, [r4, #67]	; 0x43
  402f8e:	6865      	ldr	r5, [r4, #4]
  402f90:	60a5      	str	r5, [r4, #8]
  402f92:	2d00      	cmp	r5, #0
  402f94:	f2c0 809c 	blt.w	4030d0 <_printf_i+0x228>
  402f98:	6820      	ldr	r0, [r4, #0]
  402f9a:	f020 0004 	bic.w	r0, r0, #4
  402f9e:	6020      	str	r0, [r4, #0]
  402fa0:	2b00      	cmp	r3, #0
  402fa2:	d13f      	bne.n	403024 <_printf_i+0x17c>
  402fa4:	2d00      	cmp	r5, #0
  402fa6:	f040 8095 	bne.w	4030d4 <_printf_i+0x22c>
  402faa:	4675      	mov	r5, lr
  402fac:	2a08      	cmp	r2, #8
  402fae:	d10b      	bne.n	402fc8 <_printf_i+0x120>
  402fb0:	6823      	ldr	r3, [r4, #0]
  402fb2:	07da      	lsls	r2, r3, #31
  402fb4:	d508      	bpl.n	402fc8 <_printf_i+0x120>
  402fb6:	6923      	ldr	r3, [r4, #16]
  402fb8:	6862      	ldr	r2, [r4, #4]
  402fba:	429a      	cmp	r2, r3
  402fbc:	bfde      	ittt	le
  402fbe:	2330      	movle	r3, #48	; 0x30
  402fc0:	f805 3c01 	strble.w	r3, [r5, #-1]
  402fc4:	f105 35ff 	addle.w	r5, r5, #4294967295
  402fc8:	ebae 0305 	sub.w	r3, lr, r5
  402fcc:	6123      	str	r3, [r4, #16]
  402fce:	f8cd 8000 	str.w	r8, [sp]
  402fd2:	463b      	mov	r3, r7
  402fd4:	aa03      	add	r2, sp, #12
  402fd6:	4621      	mov	r1, r4
  402fd8:	4630      	mov	r0, r6
  402fda:	f7ff feef 	bl	402dbc <_printf_common>
  402fde:	3001      	adds	r0, #1
  402fe0:	d155      	bne.n	40308e <_printf_i+0x1e6>
  402fe2:	f04f 30ff 	mov.w	r0, #4294967295
  402fe6:	b005      	add	sp, #20
  402fe8:	e8bd 83f0 	ldmia.w	sp!, {r4, r5, r6, r7, r8, r9, pc}
  402fec:	f881 2045 	strb.w	r2, [r1, #69]	; 0x45
  402ff0:	493c      	ldr	r1, [pc, #240]	; (4030e4 <_printf_i+0x23c>)
  402ff2:	6822      	ldr	r2, [r4, #0]
  402ff4:	6818      	ldr	r0, [r3, #0]
  402ff6:	f012 0f80 	tst.w	r2, #128	; 0x80
  402ffa:	f100 0504 	add.w	r5, r0, #4
  402ffe:	601d      	str	r5, [r3, #0]
  403000:	d001      	beq.n	403006 <_printf_i+0x15e>
  403002:	6803      	ldr	r3, [r0, #0]
  403004:	e002      	b.n	40300c <_printf_i+0x164>
  403006:	0655      	lsls	r5, r2, #25
  403008:	d5fb      	bpl.n	403002 <_printf_i+0x15a>
  40300a:	8803      	ldrh	r3, [r0, #0]
  40300c:	07d0      	lsls	r0, r2, #31
  40300e:	bf44      	itt	mi
  403010:	f042 0220 	orrmi.w	r2, r2, #32
  403014:	6022      	strmi	r2, [r4, #0]
  403016:	b91b      	cbnz	r3, 403020 <_printf_i+0x178>
  403018:	6822      	ldr	r2, [r4, #0]
  40301a:	f022 0220 	bic.w	r2, r2, #32
  40301e:	6022      	str	r2, [r4, #0]
  403020:	2210      	movs	r2, #16
  403022:	e7b1      	b.n	402f88 <_printf_i+0xe0>
  403024:	4675      	mov	r5, lr
  403026:	fbb3 f0f2 	udiv	r0, r3, r2
  40302a:	fb02 3310 	mls	r3, r2, r0, r3
  40302e:	5ccb      	ldrb	r3, [r1, r3]
  403030:	f805 3d01 	strb.w	r3, [r5, #-1]!
  403034:	4603      	mov	r3, r0
  403036:	2800      	cmp	r0, #0
  403038:	d1f5      	bne.n	403026 <_printf_i+0x17e>
  40303a:	e7b7      	b.n	402fac <_printf_i+0x104>
  40303c:	6808      	ldr	r0, [r1, #0]
  40303e:	681a      	ldr	r2, [r3, #0]
  403040:	6949      	ldr	r1, [r1, #20]
  403042:	f010 0f80 	tst.w	r0, #128	; 0x80
  403046:	d004      	beq.n	403052 <_printf_i+0x1aa>
  403048:	1d10      	adds	r0, r2, #4
  40304a:	6018      	str	r0, [r3, #0]
  40304c:	6813      	ldr	r3, [r2, #0]
  40304e:	6019      	str	r1, [r3, #0]
  403050:	e007      	b.n	403062 <_printf_i+0x1ba>
  403052:	f010 0f40 	tst.w	r0, #64	; 0x40
  403056:	f102 0004 	add.w	r0, r2, #4
  40305a:	6018      	str	r0, [r3, #0]
  40305c:	6813      	ldr	r3, [r2, #0]
  40305e:	d0f6      	beq.n	40304e <_printf_i+0x1a6>
  403060:	8019      	strh	r1, [r3, #0]
  403062:	2300      	movs	r3, #0
  403064:	6123      	str	r3, [r4, #16]
  403066:	4675      	mov	r5, lr
  403068:	e7b1      	b.n	402fce <_printf_i+0x126>
  40306a:	681a      	ldr	r2, [r3, #0]
  40306c:	1d11      	adds	r1, r2, #4
  40306e:	6019      	str	r1, [r3, #0]
  403070:	6815      	ldr	r5, [r2, #0]
  403072:	6862      	ldr	r2, [r4, #4]
  403074:	2100      	movs	r1, #0
  403076:	4628      	mov	r0, r5
  403078:	f000 f84a 	bl	403110 <memchr>
  40307c:	b108      	cbz	r0, 403082 <_printf_i+0x1da>
  40307e:	1b40      	subs	r0, r0, r5
  403080:	6060      	str	r0, [r4, #4]
  403082:	6863      	ldr	r3, [r4, #4]
  403084:	6123      	str	r3, [r4, #16]
  403086:	2300      	movs	r3, #0
  403088:	f884 3043 	strb.w	r3, [r4, #67]	; 0x43
  40308c:	e79f      	b.n	402fce <_printf_i+0x126>
  40308e:	6923      	ldr	r3, [r4, #16]
  403090:	462a      	mov	r2, r5
  403092:	4639      	mov	r1, r7
  403094:	4630      	mov	r0, r6
  403096:	47c0      	blx	r8
  403098:	3001      	adds	r0, #1
  40309a:	d0a2      	beq.n	402fe2 <_printf_i+0x13a>
  40309c:	6823      	ldr	r3, [r4, #0]
  40309e:	079b      	lsls	r3, r3, #30
  4030a0:	d507      	bpl.n	4030b2 <_printf_i+0x20a>
  4030a2:	2500      	movs	r5, #0
  4030a4:	f104 0919 	add.w	r9, r4, #25
  4030a8:	68e3      	ldr	r3, [r4, #12]
  4030aa:	9a03      	ldr	r2, [sp, #12]
  4030ac:	1a9b      	subs	r3, r3, r2
  4030ae:	429d      	cmp	r5, r3
  4030b0:	db05      	blt.n	4030be <_printf_i+0x216>
  4030b2:	68e0      	ldr	r0, [r4, #12]
  4030b4:	9b03      	ldr	r3, [sp, #12]
  4030b6:	4298      	cmp	r0, r3
  4030b8:	bfb8      	it	lt
  4030ba:	4618      	movlt	r0, r3
  4030bc:	e793      	b.n	402fe6 <_printf_i+0x13e>
  4030be:	2301      	movs	r3, #1
  4030c0:	464a      	mov	r2, r9
  4030c2:	4639      	mov	r1, r7
  4030c4:	4630      	mov	r0, r6
  4030c6:	47c0      	blx	r8
  4030c8:	3001      	adds	r0, #1
  4030ca:	d08a      	beq.n	402fe2 <_printf_i+0x13a>
  4030cc:	3501      	adds	r5, #1
  4030ce:	e7eb      	b.n	4030a8 <_printf_i+0x200>
  4030d0:	2b00      	cmp	r3, #0
  4030d2:	d1a7      	bne.n	403024 <_printf_i+0x17c>
  4030d4:	780b      	ldrb	r3, [r1, #0]
  4030d6:	f884 3042 	strb.w	r3, [r4, #66]	; 0x42
  4030da:	f104 0542 	add.w	r5, r4, #66	; 0x42
  4030de:	e765      	b.n	402fac <_printf_i+0x104>
  4030e0:	0040353e 	.word	0x0040353e
  4030e4:	0040352d 	.word	0x0040352d

004030e8 <_sbrk_r>:
  4030e8:	b538      	push	{r3, r4, r5, lr}
  4030ea:	4c06      	ldr	r4, [pc, #24]	; (403104 <_sbrk_r+0x1c>)
  4030ec:	2300      	movs	r3, #0
  4030ee:	4605      	mov	r5, r0
  4030f0:	4608      	mov	r0, r1
  4030f2:	6023      	str	r3, [r4, #0]
  4030f4:	f7fd fa20 	bl	400538 <_sbrk>
  4030f8:	1c43      	adds	r3, r0, #1
  4030fa:	d102      	bne.n	403102 <_sbrk_r+0x1a>
  4030fc:	6823      	ldr	r3, [r4, #0]
  4030fe:	b103      	cbz	r3, 403102 <_sbrk_r+0x1a>
  403100:	602b      	str	r3, [r5, #0]
  403102:	bd38      	pop	{r3, r4, r5, pc}
  403104:	20400b5c 	.word	0x20400b5c
	...

00403110 <memchr>:
  403110:	f001 01ff 	and.w	r1, r1, #255	; 0xff
  403114:	2a10      	cmp	r2, #16
  403116:	db2b      	blt.n	403170 <memchr+0x60>
  403118:	f010 0f07 	tst.w	r0, #7
  40311c:	d008      	beq.n	403130 <memchr+0x20>
  40311e:	f810 3b01 	ldrb.w	r3, [r0], #1
  403122:	3a01      	subs	r2, #1
  403124:	428b      	cmp	r3, r1
  403126:	d02d      	beq.n	403184 <memchr+0x74>
  403128:	f010 0f07 	tst.w	r0, #7
  40312c:	b342      	cbz	r2, 403180 <memchr+0x70>
  40312e:	d1f6      	bne.n	40311e <memchr+0xe>
  403130:	b4f0      	push	{r4, r5, r6, r7}
  403132:	ea41 2101 	orr.w	r1, r1, r1, lsl #8
  403136:	ea41 4101 	orr.w	r1, r1, r1, lsl #16
  40313a:	f022 0407 	bic.w	r4, r2, #7
  40313e:	f07f 0700 	mvns.w	r7, #0
  403142:	2300      	movs	r3, #0
  403144:	e8f0 5602 	ldrd	r5, r6, [r0], #8
  403148:	3c08      	subs	r4, #8
  40314a:	ea85 0501 	eor.w	r5, r5, r1
  40314e:	ea86 0601 	eor.w	r6, r6, r1
  403152:	fa85 f547 	uadd8	r5, r5, r7
  403156:	faa3 f587 	sel	r5, r3, r7
  40315a:	fa86 f647 	uadd8	r6, r6, r7
  40315e:	faa5 f687 	sel	r6, r5, r7
  403162:	b98e      	cbnz	r6, 403188 <memchr+0x78>
  403164:	d1ee      	bne.n	403144 <memchr+0x34>
  403166:	bcf0      	pop	{r4, r5, r6, r7}
  403168:	f001 01ff 	and.w	r1, r1, #255	; 0xff
  40316c:	f002 0207 	and.w	r2, r2, #7
  403170:	b132      	cbz	r2, 403180 <memchr+0x70>
  403172:	f810 3b01 	ldrb.w	r3, [r0], #1
  403176:	3a01      	subs	r2, #1
  403178:	ea83 0301 	eor.w	r3, r3, r1
  40317c:	b113      	cbz	r3, 403184 <memchr+0x74>
  40317e:	d1f8      	bne.n	403172 <memchr+0x62>
  403180:	2000      	movs	r0, #0
  403182:	4770      	bx	lr
  403184:	3801      	subs	r0, #1
  403186:	4770      	bx	lr
  403188:	2d00      	cmp	r5, #0
  40318a:	bf06      	itte	eq
  40318c:	4635      	moveq	r5, r6
  40318e:	3803      	subeq	r0, #3
  403190:	3807      	subne	r0, #7
  403192:	f015 0f01 	tst.w	r5, #1
  403196:	d107      	bne.n	4031a8 <memchr+0x98>
  403198:	3001      	adds	r0, #1
  40319a:	f415 7f80 	tst.w	r5, #256	; 0x100
  40319e:	bf02      	ittt	eq
  4031a0:	3001      	addeq	r0, #1
  4031a2:	f415 3fc0 	tsteq.w	r5, #98304	; 0x18000
  4031a6:	3001      	addeq	r0, #1
  4031a8:	bcf0      	pop	{r4, r5, r6, r7}
  4031aa:	3801      	subs	r0, #1
  4031ac:	4770      	bx	lr
  4031ae:	bf00      	nop

004031b0 <memmove>:
  4031b0:	4288      	cmp	r0, r1
  4031b2:	b510      	push	{r4, lr}
  4031b4:	eb01 0302 	add.w	r3, r1, r2
  4031b8:	d803      	bhi.n	4031c2 <memmove+0x12>
  4031ba:	1e42      	subs	r2, r0, #1
  4031bc:	4299      	cmp	r1, r3
  4031be:	d10c      	bne.n	4031da <memmove+0x2a>
  4031c0:	bd10      	pop	{r4, pc}
  4031c2:	4298      	cmp	r0, r3
  4031c4:	d2f9      	bcs.n	4031ba <memmove+0xa>
  4031c6:	1881      	adds	r1, r0, r2
  4031c8:	1ad2      	subs	r2, r2, r3
  4031ca:	42d3      	cmn	r3, r2
  4031cc:	d100      	bne.n	4031d0 <memmove+0x20>
  4031ce:	bd10      	pop	{r4, pc}
  4031d0:	f813 4d01 	ldrb.w	r4, [r3, #-1]!
  4031d4:	f801 4d01 	strb.w	r4, [r1, #-1]!
  4031d8:	e7f7      	b.n	4031ca <memmove+0x1a>
  4031da:	f811 4b01 	ldrb.w	r4, [r1], #1
  4031de:	f802 4f01 	strb.w	r4, [r2, #1]!
  4031e2:	e7eb      	b.n	4031bc <memmove+0xc>

004031e4 <__malloc_lock>:
  4031e4:	4770      	bx	lr

004031e6 <__malloc_unlock>:
  4031e6:	4770      	bx	lr

004031e8 <_free_r>:
  4031e8:	b538      	push	{r3, r4, r5, lr}
  4031ea:	4605      	mov	r5, r0
  4031ec:	2900      	cmp	r1, #0
  4031ee:	d045      	beq.n	40327c <_free_r+0x94>
  4031f0:	f851 3c04 	ldr.w	r3, [r1, #-4]
  4031f4:	1f0c      	subs	r4, r1, #4
  4031f6:	2b00      	cmp	r3, #0
  4031f8:	bfb8      	it	lt
  4031fa:	18e4      	addlt	r4, r4, r3
  4031fc:	f7ff fff2 	bl	4031e4 <__malloc_lock>
  403200:	4a1f      	ldr	r2, [pc, #124]	; (403280 <_free_r+0x98>)
  403202:	6813      	ldr	r3, [r2, #0]
  403204:	4610      	mov	r0, r2
  403206:	b933      	cbnz	r3, 403216 <_free_r+0x2e>
  403208:	6063      	str	r3, [r4, #4]
  40320a:	6014      	str	r4, [r2, #0]
  40320c:	4628      	mov	r0, r5
  40320e:	e8bd 4038 	ldmia.w	sp!, {r3, r4, r5, lr}
  403212:	f7ff bfe8 	b.w	4031e6 <__malloc_unlock>
  403216:	42a3      	cmp	r3, r4
  403218:	d90c      	bls.n	403234 <_free_r+0x4c>
  40321a:	6821      	ldr	r1, [r4, #0]
  40321c:	1862      	adds	r2, r4, r1
  40321e:	4293      	cmp	r3, r2
  403220:	bf04      	itt	eq
  403222:	681a      	ldreq	r2, [r3, #0]
  403224:	685b      	ldreq	r3, [r3, #4]
  403226:	6063      	str	r3, [r4, #4]
  403228:	bf04      	itt	eq
  40322a:	1852      	addeq	r2, r2, r1
  40322c:	6022      	streq	r2, [r4, #0]
  40322e:	6004      	str	r4, [r0, #0]
  403230:	e7ec      	b.n	40320c <_free_r+0x24>
  403232:	4613      	mov	r3, r2
  403234:	685a      	ldr	r2, [r3, #4]
  403236:	b10a      	cbz	r2, 40323c <_free_r+0x54>
  403238:	42a2      	cmp	r2, r4
  40323a:	d9fa      	bls.n	403232 <_free_r+0x4a>
  40323c:	6819      	ldr	r1, [r3, #0]
  40323e:	1858      	adds	r0, r3, r1
  403240:	42a0      	cmp	r0, r4
  403242:	d10b      	bne.n	40325c <_free_r+0x74>
  403244:	6820      	ldr	r0, [r4, #0]
  403246:	4401      	add	r1, r0
  403248:	1858      	adds	r0, r3, r1
  40324a:	4282      	cmp	r2, r0
  40324c:	6019      	str	r1, [r3, #0]
  40324e:	d1dd      	bne.n	40320c <_free_r+0x24>
  403250:	6810      	ldr	r0, [r2, #0]
  403252:	6852      	ldr	r2, [r2, #4]
  403254:	605a      	str	r2, [r3, #4]
  403256:	4401      	add	r1, r0
  403258:	6019      	str	r1, [r3, #0]
  40325a:	e7d7      	b.n	40320c <_free_r+0x24>
  40325c:	d902      	bls.n	403264 <_free_r+0x7c>
  40325e:	230c      	movs	r3, #12
  403260:	602b      	str	r3, [r5, #0]
  403262:	e7d3      	b.n	40320c <_free_r+0x24>
  403264:	6820      	ldr	r0, [r4, #0]
  403266:	1821      	adds	r1, r4, r0
  403268:	428a      	cmp	r2, r1
  40326a:	bf04      	itt	eq
  40326c:	6811      	ldreq	r1, [r2, #0]
  40326e:	6852      	ldreq	r2, [r2, #4]
  403270:	6062      	str	r2, [r4, #4]
  403272:	bf04      	itt	eq
  403274:	1809      	addeq	r1, r1, r0
  403276:	6021      	streq	r1, [r4, #0]
  403278:	605c      	str	r4, [r3, #4]
  40327a:	e7c7      	b.n	40320c <_free_r+0x24>
  40327c:	bd38      	pop	{r3, r4, r5, pc}
  40327e:	bf00      	nop
  403280:	20400b3c 	.word	0x20400b3c

00403284 <_realloc_r>:
  403284:	b5f8      	push	{r3, r4, r5, r6, r7, lr}
  403286:	4607      	mov	r7, r0
  403288:	4614      	mov	r4, r2
  40328a:	460e      	mov	r6, r1
  40328c:	b921      	cbnz	r1, 403298 <_realloc_r+0x14>
  40328e:	4611      	mov	r1, r2
  403290:	e8bd 40f8 	ldmia.w	sp!, {r3, r4, r5, r6, r7, lr}
  403294:	f7ff bbe4 	b.w	402a60 <_malloc_r>
  403298:	b922      	cbnz	r2, 4032a4 <_realloc_r+0x20>
  40329a:	f7ff ffa5 	bl	4031e8 <_free_r>
  40329e:	4625      	mov	r5, r4
  4032a0:	4628      	mov	r0, r5
  4032a2:	bdf8      	pop	{r3, r4, r5, r6, r7, pc}
  4032a4:	f000 f814 	bl	4032d0 <_malloc_usable_size_r>
  4032a8:	4284      	cmp	r4, r0
  4032aa:	d90f      	bls.n	4032cc <_realloc_r+0x48>
  4032ac:	4621      	mov	r1, r4
  4032ae:	4638      	mov	r0, r7
  4032b0:	f7ff fbd6 	bl	402a60 <_malloc_r>
  4032b4:	4605      	mov	r5, r0
  4032b6:	2800      	cmp	r0, #0
  4032b8:	d0f2      	beq.n	4032a0 <_realloc_r+0x1c>
  4032ba:	4631      	mov	r1, r6
  4032bc:	4622      	mov	r2, r4
  4032be:	f7ff fb8f 	bl	4029e0 <memcpy>
  4032c2:	4631      	mov	r1, r6
  4032c4:	4638      	mov	r0, r7
  4032c6:	f7ff ff8f 	bl	4031e8 <_free_r>
  4032ca:	e7e9      	b.n	4032a0 <_realloc_r+0x1c>
  4032cc:	4635      	mov	r5, r6
  4032ce:	e7e7      	b.n	4032a0 <_realloc_r+0x1c>

004032d0 <_malloc_usable_size_r>:
  4032d0:	f851 0c04 	ldr.w	r0, [r1, #-4]
  4032d4:	2800      	cmp	r0, #0
  4032d6:	f1a0 0004 	sub.w	r0, r0, #4
  4032da:	bfbc      	itt	lt
  4032dc:	580b      	ldrlt	r3, [r1, r0]
  4032de:	18c0      	addlt	r0, r0, r3
  4032e0:	4770      	bx	lr
  4032e2:	0000      	movs	r0, r0
  4032e4:	682f2e2e 	.word	0x682f2e2e
  4032e8:	692f6c61 	.word	0x692f6c61
  4032ec:	756c636e 	.word	0x756c636e
  4032f0:	682f6564 	.word	0x682f6564
  4032f4:	775f6c61 	.word	0x775f6c61
  4032f8:	682e7464 	.word	0x682e7464
  4032fc:	00000000 	.word	0x00000000
  403300:	682f2e2e 	.word	0x682f2e2e
  403304:	732f6c61 	.word	0x732f6c61
  403308:	682f6372 	.word	0x682f6372
  40330c:	695f6c61 	.word	0x695f6c61
  403310:	00632e6f 	.word	0x00632e6f
  403314:	682f2e2e 	.word	0x682f2e2e
  403318:	732f6c61 	.word	0x732f6c61
  40331c:	682f6372 	.word	0x682f6372
  403320:	725f6c61 	.word	0x725f6c61
  403324:	5f646e61 	.word	0x5f646e61
  403328:	636e7973 	.word	0x636e7973
  40332c:	0000632e 	.word	0x0000632e
  403330:	682f2e2e 	.word	0x682f2e2e
  403334:	732f6c61 	.word	0x732f6c61
  403338:	682f6372 	.word	0x682f6372
  40333c:	755f6c61 	.word	0x755f6c61
  403340:	74726173 	.word	0x74726173
  403344:	6e79735f 	.word	0x6e79735f
  403348:	00632e63 	.word	0x00632e63
  40334c:	682f2e2e 	.word	0x682f2e2e
  403350:	742f6c70 	.word	0x742f6c70
  403354:	2f676e72 	.word	0x2f676e72
  403358:	5f6c7068 	.word	0x5f6c7068
  40335c:	676e7274 	.word	0x676e7274
  403360:	0000632e 	.word	0x0000632e

00403364 <_uarts>:
  403364:	00000000 00000800 000000f4 682f2e2e     ............../h
  403374:	752f6c70 2f747261 5f6c7068 74726175     pl/uart/hpl_uart
  403384:	0000632e 682f2e2e 772f6c70 682f7464     .c..../hpl/wdt/h
  403394:	775f6c70 632e7464 00000000 706d6f43     pl_wdt.c....Comp
  4033a4:	74617475 206e6f69 6b736154 00003120     utation Task 1..
  4033b4:	706d6f43 74617475 206e6f69 6b736154     Computation Task
  4033c4:	00003220 706d6f43 74617475 206e6f69      2..Computation 
  4033d4:	6b736154 00003320 706d6f43 74617475     Task 3..Computat
  4033e4:	206e6f69 6b736154 202c3120 74736e49     ion Task 1, Inst
  4033f4:	65636e61 2c752520 69725020 7469726f     ance %u, Priorit
  403404:	25203a79 202c2075 626d754e 3a207265     y: %u , Number :
  403414:	0a752520 00000000 706d6f43 74617475      %u.....Computat
  403424:	206e6f69 6b736154 202c3220 74736e49     ion Task 2, Inst
  403434:	65636e61 2c752520 69725020 7469726f     ance %u, Priorit
  403444:	25203a79 202c2075 626d754e 3a207265     y: %u , Number :
  403454:	0a752520 00000000 706d6f43 74617475      %u.....Computat
  403464:	206e6f69 6b736154 202c3320 74736e49     ion Task 3, Inst
  403474:	65636e61 2c752520 69725020 7469726f     ance %u, Priorit
  403484:	25203a79 202c2075 626d754e 3a207265     y: %u , Number :
  403494:	0a752520 00000000 454c4449 00000000      %u.....IDLE....
  4034a4:	09632509 25097525 75250975 00000a0d     .%c.%u.%u.%u....
  4034b4:	20726d54 00637653                       Tmr Svc.

004034bc <__sf_fake_stderr>:
	...

004034dc <__sf_fake_stdin>:
	...

004034fc <__sf_fake_stdout>:
	...
  40351c:	2b302d23 6c680020 6665004c 47464567     #-0+ .hlL.efgEFG
  40352c:	32313000 36353433 41393837 45444342     .0123456789ABCDE
  40353c:	31300046 35343332 39383736 64636261     F.0123456789abcd
  40354c:	00006665                                ef..

00403550 <_init>:
  403550:	b5f8      	push	{r3, r4, r5, r6, r7, lr}
  403552:	bf00      	nop
  403554:	bcf8      	pop	{r3, r4, r5, r6, r7}
  403556:	bc08      	pop	{r3}
  403558:	469e      	mov	lr, r3
  40355a:	4770      	bx	lr

0040355c <__init_array_start>:
  40355c:	0040018d 	.word	0x0040018d

00403560 <_fini>:
  403560:	b5f8      	push	{r3, r4, r5, r6, r7, lr}
  403562:	bf00      	nop
  403564:	bcf8      	pop	{r3, r4, r5, r6, r7}
  403566:	bc08      	pop	{r3}
  403568:	469e      	mov	lr, r3
  40356a:	4770      	bx	lr

0040356c <__fini_array_start>:
  40356c:	00400169 	.word	0x00400169
