
RTOS_Runtime_Task(2).elf:     file format elf32-littlearm

Sections:
Idx Name          Size      VMA       LMA       File off  Algn
  0 .text         00002ac8  00400000  00400000  00010000  2**4
                  CONTENTS, ALLOC, LOAD, READONLY, CODE
  1 .relocate     00000004  20400000  00402ac8  00020000  2**2
                  CONTENTS, ALLOC, LOAD, DATA
  2 .bss          00000b54  20400004  00402acc  00020004  2**2
                  ALLOC
  3 .heap         00000200  20400b58  00403620  00020004  2**0
                  ALLOC
  4 .stack        00000400  20400d58  00403820  00020004  2**0
                  ALLOC
  5 .ARM.attributes 0000002e  00000000  00000000  00020004  2**0
                  CONTENTS, READONLY
  6 .comment      00000059  00000000  00000000  00020032  2**0
                  CONTENTS, READONLY
  7 .debug_info   0001140e  00000000  00000000  0002008b  2**0
                  CONTENTS, READONLY, DEBUGGING
  8 .debug_abbrev 000026b7  00000000  00000000  00031499  2**0
                  CONTENTS, READONLY, DEBUGGING
  9 .debug_loc    000078ed  00000000  00000000  00033b50  2**0
                  CONTENTS, READONLY, DEBUGGING
 10 .debug_aranges 000008d8  00000000  00000000  0003b43d  2**0
                  CONTENTS, READONLY, DEBUGGING
 11 .debug_ranges 000009a0  00000000  00000000  0003bd15  2**0
                  CONTENTS, READONLY, DEBUGGING
 12 .debug_macro  0003b514  00000000  00000000  0003c6b5  2**0
                  CONTENTS, READONLY, DEBUGGING
 13 .debug_line   0000c74e  00000000  00000000  00077bc9  2**0
                  CONTENTS, READONLY, DEBUGGING
 14 .debug_str    0014b71d  00000000  00000000  00084317  2**0
                  CONTENTS, READONLY, DEBUGGING
 15 .debug_frame  00001894  00000000  00000000  001cfa34  2**2
                  CONTENTS, READONLY, DEBUGGING

Disassembly of section .text:

00400000 <exception_table>:
  400000:	58 11 40 20 e5 01 40 00 e1 01 40 00 e1 01 40 00     X.@ ..@...@...@.
  400010:	e1 01 40 00 e1 01 40 00 e1 01 40 00 00 00 00 00     ..@...@...@.....
	...
  40002c:	81 0b 40 00 e1 01 40 00 00 00 00 00 21 0c 40 00     ..@...@.....!.@.
  40003c:	85 0c 40 00 e1 01 40 00 e1 01 40 00 e1 01 40 00     ..@...@...@...@.
  40004c:	e1 01 40 00 e1 01 40 00 e1 01 40 00 e1 01 40 00     ..@...@...@...@.
  40005c:	e1 01 40 00 e1 01 40 00 00 00 00 00 e1 01 40 00     ..@...@.......@.
  40006c:	e1 01 40 00 e1 01 40 00 e1 01 40 00 e1 01 40 00     ..@...@...@...@.
  40007c:	e1 01 40 00 e1 01 40 00 e1 01 40 00 e1 01 40 00     ..@...@...@...@.
  40008c:	e1 01 40 00 e1 01 40 00 e1 01 40 00 e1 01 40 00     ..@...@...@...@.
  40009c:	e1 01 40 00 e1 01 40 00 e1 01 40 00 e1 01 40 00     ..@...@...@...@.
  4000ac:	e1 01 40 00 e1 01 40 00 e1 01 40 00 e1 01 40 00     ..@...@...@...@.
  4000bc:	e1 01 40 00 e1 01 40 00 e1 01 40 00 e1 01 40 00     ..@...@...@...@.
  4000cc:	e1 01 40 00 e1 01 40 00 e1 01 40 00 e1 01 40 00     ..@...@...@...@.
  4000dc:	e1 01 40 00 e1 01 40 00 e1 01 40 00 e1 01 40 00     ..@...@...@...@.
  4000ec:	e1 01 40 00 e1 01 40 00 e1 01 40 00 e1 01 40 00     ..@...@...@...@.
  4000fc:	e1 01 40 00 e1 01 40 00 e1 01 40 00 e1 01 40 00     ..@...@...@...@.
  40010c:	e1 01 40 00 e1 01 40 00 e1 01 40 00 00 00 00 00     ..@...@...@.....
  40011c:	00 00 00 00 e1 01 40 00 e1 01 40 00 e1 01 40 00     ......@...@...@.
  40012c:	e1 01 40 00 e1 01 40 00 e1 01 40 00 e1 01 40 00     ..@...@...@...@.
  40013c:	e1 01 40 00 e1 01 40 00 e1 01 40 00 e1 01 40 00     ..@...@...@...@.
  40014c:	e1 01 40 00 e1 01 40 00 e1 01 40 00 e1 01 40 00     ..@...@...@...@.
  40015c:	e1 01 40 00 e1 01 40 00 e1 01 40 00                 ..@...@...@.

00400168 <__do_global_dtors_aux>:
  400168:	b510      	push	{r4, lr}
  40016a:	4c05      	ldr	r4, [pc, #20]	; (400180 <__do_global_dtors_aux+0x18>)
  40016c:	7823      	ldrb	r3, [r4, #0]
  40016e:	b933      	cbnz	r3, 40017e <__do_global_dtors_aux+0x16>
  400170:	4b04      	ldr	r3, [pc, #16]	; (400184 <__do_global_dtors_aux+0x1c>)
  400172:	b113      	cbz	r3, 40017a <__do_global_dtors_aux+0x12>
  400174:	4804      	ldr	r0, [pc, #16]	; (400188 <__do_global_dtors_aux+0x20>)
  400176:	f3af 8000 	nop.w
  40017a:	2301      	movs	r3, #1
  40017c:	7023      	strb	r3, [r4, #0]
  40017e:	bd10      	pop	{r4, pc}
  400180:	20400004 	.word	0x20400004
  400184:	00000000 	.word	0x00000000
  400188:	00402ac8 	.word	0x00402ac8

0040018c <frame_dummy>:
  40018c:	4b0c      	ldr	r3, [pc, #48]	; (4001c0 <frame_dummy+0x34>)
  40018e:	b143      	cbz	r3, 4001a2 <frame_dummy+0x16>
  400190:	480c      	ldr	r0, [pc, #48]	; (4001c4 <frame_dummy+0x38>)
  400192:	490d      	ldr	r1, [pc, #52]	; (4001c8 <frame_dummy+0x3c>)
  400194:	b510      	push	{r4, lr}
  400196:	f3af 8000 	nop.w
  40019a:	480c      	ldr	r0, [pc, #48]	; (4001cc <frame_dummy+0x40>)
  40019c:	6803      	ldr	r3, [r0, #0]
  40019e:	b923      	cbnz	r3, 4001aa <frame_dummy+0x1e>
  4001a0:	bd10      	pop	{r4, pc}
  4001a2:	480a      	ldr	r0, [pc, #40]	; (4001cc <frame_dummy+0x40>)
  4001a4:	6803      	ldr	r3, [r0, #0]
  4001a6:	b933      	cbnz	r3, 4001b6 <frame_dummy+0x2a>
  4001a8:	4770      	bx	lr
  4001aa:	4b09      	ldr	r3, [pc, #36]	; (4001d0 <frame_dummy+0x44>)
  4001ac:	2b00      	cmp	r3, #0
  4001ae:	d0f7      	beq.n	4001a0 <frame_dummy+0x14>
  4001b0:	e8bd 4010 	ldmia.w	sp!, {r4, lr}
  4001b4:	4718      	bx	r3
  4001b6:	4b06      	ldr	r3, [pc, #24]	; (4001d0 <frame_dummy+0x44>)
  4001b8:	2b00      	cmp	r3, #0
  4001ba:	d0f5      	beq.n	4001a8 <frame_dummy+0x1c>
  4001bc:	4718      	bx	r3
  4001be:	bf00      	nop
  4001c0:	00000000 	.word	0x00000000
  4001c4:	00402ac8 	.word	0x00402ac8
  4001c8:	20400008 	.word	0x20400008
  4001cc:	00402ac8 	.word	0x00402ac8
  4001d0:	00000000 	.word	0x00000000

004001d4 <atmel_start_init>:

/**
 * Initializes MCU, drivers and middleware in the project
 **/
void atmel_start_init(void)
{
  4001d4:	b508      	push	{r3, lr}
	system_init();
  4001d6:	4b01      	ldr	r3, [pc, #4]	; (4001dc <atmel_start_init+0x8>)
  4001d8:	4798      	blx	r3
  4001da:	bd08      	pop	{r3, pc}
  4001dc:	004002d1 	.word	0x004002d1

004001e0 <Dummy_Handler>:

/**
 * \brief Default interrupt handler for unused IRQs.
 */
void Dummy_Handler(void)
{
  4001e0:	e7fe      	b.n	4001e0 <Dummy_Handler>
	...

004001e4 <Reset_Handler>:
{
  4001e4:	b508      	push	{r3, lr}
        if (pSrc != pDest) {
  4001e6:	4b10      	ldr	r3, [pc, #64]	; (400228 <Reset_Handler+0x44>)
  4001e8:	4a10      	ldr	r2, [pc, #64]	; (40022c <Reset_Handler+0x48>)
  4001ea:	429a      	cmp	r2, r3
  4001ec:	d009      	beq.n	400202 <Reset_Handler+0x1e>
  4001ee:	4b0e      	ldr	r3, [pc, #56]	; (400228 <Reset_Handler+0x44>)
  4001f0:	4a0e      	ldr	r2, [pc, #56]	; (40022c <Reset_Handler+0x48>)
  4001f2:	e003      	b.n	4001fc <Reset_Handler+0x18>
                        *pDest++ = *pSrc++;
  4001f4:	6811      	ldr	r1, [r2, #0]
  4001f6:	6019      	str	r1, [r3, #0]
  4001f8:	3304      	adds	r3, #4
  4001fa:	3204      	adds	r2, #4
                for (; pDest < &_erelocate;) {
  4001fc:	490c      	ldr	r1, [pc, #48]	; (400230 <Reset_Handler+0x4c>)
  4001fe:	428b      	cmp	r3, r1
  400200:	d3f8      	bcc.n	4001f4 <Reset_Handler+0x10>
                        *pDest++ = *pSrc++;
  400202:	4b0c      	ldr	r3, [pc, #48]	; (400234 <Reset_Handler+0x50>)
  400204:	e002      	b.n	40020c <Reset_Handler+0x28>
                *pDest++ = 0;
  400206:	2200      	movs	r2, #0
  400208:	601a      	str	r2, [r3, #0]
  40020a:	3304      	adds	r3, #4
        for (pDest = &_szero; pDest < &_ezero;) {
  40020c:	4a0a      	ldr	r2, [pc, #40]	; (400238 <Reset_Handler+0x54>)
  40020e:	4293      	cmp	r3, r2
  400210:	d3f9      	bcc.n	400206 <Reset_Handler+0x22>
        SCB->VTOR = ((uint32_t) pSrc & SCB_VTOR_TBLOFF_Msk);
  400212:	4a0a      	ldr	r2, [pc, #40]	; (40023c <Reset_Handler+0x58>)
  400214:	4b0a      	ldr	r3, [pc, #40]	; (400240 <Reset_Handler+0x5c>)
  400216:	f023 037f 	bic.w	r3, r3, #127	; 0x7f
  40021a:	6093      	str	r3, [r2, #8]
        __libc_init_array();
  40021c:	4b09      	ldr	r3, [pc, #36]	; (400244 <Reset_Handler+0x60>)
  40021e:	4798      	blx	r3
        main();
  400220:	4b09      	ldr	r3, [pc, #36]	; (400248 <Reset_Handler+0x64>)
  400222:	4798      	blx	r3
  400224:	e7fe      	b.n	400224 <Reset_Handler+0x40>
  400226:	bf00      	nop
  400228:	20400000 	.word	0x20400000
  40022c:	00402ac8 	.word	0x00402ac8
  400230:	20400004 	.word	0x20400004
  400234:	20400004 	.word	0x20400004
  400238:	20400b58 	.word	0x20400b58
  40023c:	e000ed00 	.word	0xe000ed00
  400240:	00400000 	.word	0x00400000
  400244:	00402899 	.word	0x00402899
  400248:	00400a19 	.word	0x00400a19

0040024c <USART_3_PORT_init>:
}

static inline void hri_pio_clear_ABCDSR_reg(const void *const hw, uint8_t index, hri_pio_abcdsr_reg_t mask)
{
	PIO_CRITICAL_SECTION_ENTER();
	((Pio *)hw)->PIO_ABCDSR[index] &= ~mask;
  40024c:	4b0b      	ldr	r3, [pc, #44]	; (40027c <USART_3_PORT_init+0x30>)
  40024e:	6f1a      	ldr	r2, [r3, #112]	; 0x70
  400250:	f022 5280 	bic.w	r2, r2, #268435456	; 0x10000000
  400254:	671a      	str	r2, [r3, #112]	; 0x70
  400256:	6f5a      	ldr	r2, [r3, #116]	; 0x74
  400258:	f022 5280 	bic.w	r2, r2, #268435456	; 0x10000000
  40025c:	675a      	str	r2, [r3, #116]	; 0x74
	((Pio *)hw)->PIO_PDR = mask;
  40025e:	f04f 5280 	mov.w	r2, #268435456	; 0x10000000
  400262:	605a      	str	r2, [r3, #4]
	((Pio *)hw)->PIO_ABCDSR[index] &= ~mask;
  400264:	6f1a      	ldr	r2, [r3, #112]	; 0x70
  400266:	f022 4280 	bic.w	r2, r2, #1073741824	; 0x40000000
  40026a:	671a      	str	r2, [r3, #112]	; 0x70
  40026c:	6f5a      	ldr	r2, [r3, #116]	; 0x74
  40026e:	f022 4280 	bic.w	r2, r2, #1073741824	; 0x40000000
  400272:	675a      	str	r2, [r3, #116]	; 0x74
	((Pio *)hw)->PIO_PDR = mask;
  400274:	f04f 4280 	mov.w	r2, #1073741824	; 0x40000000
  400278:	605a      	str	r2, [r3, #4]
  40027a:	4770      	bx	lr
  40027c:	400e1400 	.word	0x400e1400

00400280 <USART_3_CLOCK_init>:
}

static inline hri_pmc_pcsr1_reg_t hri_pmc_get_PCSR1_reg(const void *const hw, hri_pmc_pcsr1_reg_t mask)
{
	uint32_t tmp;
	tmp = ((Pmc *)hw)->PMC_PCSR1;
  400280:	4b05      	ldr	r3, [pc, #20]	; (400298 <USART_3_CLOCK_init+0x18>)
  400282:	f8d3 3108 	ldr.w	r3, [r3, #264]	; 0x108
		if (!hri_pmc_get_PCSR0_reg(PMC, (1 << periph_id))) {
			hri_pmc_set_PCSR0_reg(PMC, (1 << periph_id));
		}
	} else if (periph_id < 64) {
		periph_id -= 32;
		if (!hri_pmc_get_PCSR1_reg(PMC, (1 << periph_id))) {
  400286:	f413 5f00 	tst.w	r3, #8192	; 0x2000
  40028a:	d104      	bne.n	400296 <USART_3_CLOCK_init+0x16>
	((Pmc *)hw)->PMC_PCER1 = mask;
  40028c:	f44f 5200 	mov.w	r2, #8192	; 0x2000
  400290:	4b01      	ldr	r3, [pc, #4]	; (400298 <USART_3_CLOCK_init+0x18>)
  400292:	f8c3 2100 	str.w	r2, [r3, #256]	; 0x100
  400296:	4770      	bx	lr
  400298:	400e0600 	.word	0x400e0600

0040029c <USART_3_init>:
{
	_pmc_enable_periph_clock(ID_UART3);
}

void USART_3_init(void)
{
  40029c:	b508      	push	{r3, lr}
	USART_3_CLOCK_init();
  40029e:	4b06      	ldr	r3, [pc, #24]	; (4002b8 <USART_3_init+0x1c>)
  4002a0:	4798      	blx	r3
	usart_sync_init(&USART_3, UART3, _uart_get_usart_sync());
  4002a2:	4b06      	ldr	r3, [pc, #24]	; (4002bc <USART_3_init+0x20>)
  4002a4:	4798      	blx	r3
  4002a6:	4602      	mov	r2, r0
  4002a8:	4905      	ldr	r1, [pc, #20]	; (4002c0 <USART_3_init+0x24>)
  4002aa:	4806      	ldr	r0, [pc, #24]	; (4002c4 <USART_3_init+0x28>)
  4002ac:	4b06      	ldr	r3, [pc, #24]	; (4002c8 <USART_3_init+0x2c>)
  4002ae:	4798      	blx	r3
	USART_3_PORT_init();
  4002b0:	4b06      	ldr	r3, [pc, #24]	; (4002cc <USART_3_init+0x30>)
  4002b2:	4798      	blx	r3
  4002b4:	bd08      	pop	{r3, pc}
  4002b6:	bf00      	nop
  4002b8:	00400281 	.word	0x00400281
  4002bc:	004007f1 	.word	0x004007f1
  4002c0:	400e1c00 	.word	0x400e1c00
  4002c4:	20400ab8 	.word	0x20400ab8
  4002c8:	00400411 	.word	0x00400411
  4002cc:	0040024d 	.word	0x0040024d

004002d0 <system_init>:
}

void system_init(void)
{
  4002d0:	b508      	push	{r3, lr}
 * Currently the following initialization functions are supported:
 *  - System clock initialization
 */
static inline void init_mcu(void)
{
	_init_chip();
  4002d2:	4b05      	ldr	r3, [pc, #20]	; (4002e8 <system_init+0x18>)
  4002d4:	4798      	blx	r3
}

static inline void hri_wdt_set_MR_WDDIS_bit(const void *const hw)
{
	WDT_CRITICAL_SECTION_ENTER();
	((Wdt *)hw)->WDT_MR |= WDT_MR_WDDIS;
  4002d6:	4a05      	ldr	r2, [pc, #20]	; (4002ec <system_init+0x1c>)
  4002d8:	6853      	ldr	r3, [r2, #4]
  4002da:	f443 4300 	orr.w	r3, r3, #32768	; 0x8000
  4002de:	6053      	str	r3, [r2, #4]
	init_mcu();

	/* Disable Watchdog */
	hri_wdt_set_MR_WDDIS_bit(WDT);

	USART_3_init();
  4002e0:	4b03      	ldr	r3, [pc, #12]	; (4002f0 <system_init+0x20>)
  4002e2:	4798      	blx	r3
  4002e4:	bd08      	pop	{r3, pc}
  4002e6:	bf00      	nop
  4002e8:	004004b5 	.word	0x004004b5
  4002ec:	400e1850 	.word	0x400e1850
  4002f0:	0040029d 	.word	0x0040029d

004002f4 <atomic_enter_critical>:
 */
__STATIC_FORCEINLINE uint32_t __get_PRIMASK(void)
{
  uint32_t result;

  __ASM volatile ("MRS %0, primask" : "=r" (result) :: "memory");
  4002f4:	f3ef 8310 	mrs	r3, PRIMASK
/**
 * \brief Disable interrupts, enter critical section
 */
void atomic_enter_critical(hal_atomic_t volatile *atomic)
{
	*atomic = __get_PRIMASK();
  4002f8:	6003      	str	r3, [r0, #0]
  __ASM volatile ("cpsid i" : : : "memory");
  4002fa:	b672      	cpsid	i
  \details Ensures the apparent order of the explicit memory operations before
           and after the instruction, without ensuring their completion.
 */
__STATIC_FORCEINLINE void __DMB(void)
{
  __ASM volatile ("dmb 0xF":::"memory");
  4002fc:	f3bf 8f5f 	dmb	sy
  400300:	4770      	bx	lr

00400302 <atomic_leave_critical>:
  400302:	f3bf 8f5f 	dmb	sy
 * \brief Exit atomic section
 */
void atomic_leave_critical(hal_atomic_t volatile *atomic)
{
	__DMB();
	__set_PRIMASK(*atomic);
  400306:	6803      	ldr	r3, [r0, #0]
  __ASM volatile ("MSR primask, %0" : : "r" (priMask) : "memory");
  400308:	f383 8810 	msr	PRIMASK, r3
  40030c:	4770      	bx	lr
	...

00400310 <io_write>:

/**
 * \brief I/O write interface
 */
int32_t io_write(struct io_descriptor *const io_descr, const uint8_t *const buf, const uint16_t length)
{
  400310:	b570      	push	{r4, r5, r6, lr}
  400312:	4616      	mov	r6, r2
	ASSERT(io_descr && buf);
  400314:	4604      	mov	r4, r0
  400316:	460d      	mov	r5, r1
  400318:	2800      	cmp	r0, #0
  40031a:	bf18      	it	ne
  40031c:	2900      	cmpne	r1, #0
  40031e:	bf14      	ite	ne
  400320:	2001      	movne	r0, #1
  400322:	2000      	moveq	r0, #0
  400324:	2234      	movs	r2, #52	; 0x34
  400326:	4904      	ldr	r1, [pc, #16]	; (400338 <io_write+0x28>)
  400328:	4b04      	ldr	r3, [pc, #16]	; (40033c <io_write+0x2c>)
  40032a:	4798      	blx	r3
	return io_descr->write(io_descr, buf, length);
  40032c:	6823      	ldr	r3, [r4, #0]
  40032e:	4632      	mov	r2, r6
  400330:	4629      	mov	r1, r5
  400332:	4620      	mov	r0, r4
  400334:	4798      	blx	r3
}
  400336:	bd70      	pop	{r4, r5, r6, pc}
  400338:	00402908 	.word	0x00402908
  40033c:	004004ad 	.word	0x004004ad

00400340 <usart_sync_write>:
 * \param[in] length The number of bytes to write
 *
 * \return The number of bytes written.
 */
static int32_t usart_sync_write(struct io_descriptor *const io_descr, const uint8_t *const buf, const uint16_t length)
{
  400340:	b5f8      	push	{r3, r4, r5, r6, r7, lr}
  400342:	4616      	mov	r6, r2
	uint32_t                      offset = 0;
	struct usart_sync_descriptor *descr  = CONTAINER_OF(io_descr, struct usart_sync_descriptor, io);

	ASSERT(io_descr && buf && length);
  400344:	4605      	mov	r5, r0
  400346:	460f      	mov	r7, r1
  400348:	2800      	cmp	r0, #0
  40034a:	bf18      	it	ne
  40034c:	2900      	cmpne	r1, #0
  40034e:	d002      	beq.n	400356 <usart_sync_write+0x16>
  400350:	bb0a      	cbnz	r2, 400396 <usart_sync_write+0x56>
  400352:	2000      	movs	r0, #0
  400354:	e000      	b.n	400358 <usart_sync_write+0x18>
  400356:	2000      	movs	r0, #0
  400358:	22f1      	movs	r2, #241	; 0xf1
  40035a:	4910      	ldr	r1, [pc, #64]	; (40039c <usart_sync_write+0x5c>)
  40035c:	4b10      	ldr	r3, [pc, #64]	; (4003a0 <usart_sync_write+0x60>)
  40035e:	4798      	blx	r3
	while (!_usart_sync_is_ready_to_send(&descr->device))
  400360:	f105 0408 	add.w	r4, r5, #8
  400364:	4620      	mov	r0, r4
  400366:	4b0f      	ldr	r3, [pc, #60]	; (4003a4 <usart_sync_write+0x64>)
  400368:	4798      	blx	r3
  40036a:	2800      	cmp	r0, #0
  40036c:	d0f8      	beq.n	400360 <usart_sync_write+0x20>
  40036e:	2500      	movs	r5, #0
		;
	do {
		_usart_sync_write_byte(&descr->device, buf[offset]);
  400370:	5d79      	ldrb	r1, [r7, r5]
  400372:	4620      	mov	r0, r4
  400374:	4b0c      	ldr	r3, [pc, #48]	; (4003a8 <usart_sync_write+0x68>)
  400376:	4798      	blx	r3
		while (!_usart_sync_is_ready_to_send(&descr->device))
  400378:	4620      	mov	r0, r4
  40037a:	4b0a      	ldr	r3, [pc, #40]	; (4003a4 <usart_sync_write+0x64>)
  40037c:	4798      	blx	r3
  40037e:	2800      	cmp	r0, #0
  400380:	d0fa      	beq.n	400378 <usart_sync_write+0x38>
			;
	} while (++offset < length);
  400382:	3501      	adds	r5, #1
  400384:	42b5      	cmp	r5, r6
  400386:	d3f3      	bcc.n	400370 <usart_sync_write+0x30>
	while (!_usart_sync_is_transmit_done(&descr->device))
  400388:	4620      	mov	r0, r4
  40038a:	4b08      	ldr	r3, [pc, #32]	; (4003ac <usart_sync_write+0x6c>)
  40038c:	4798      	blx	r3
  40038e:	2800      	cmp	r0, #0
  400390:	d0fa      	beq.n	400388 <usart_sync_write+0x48>
		;
	return (int32_t)offset;
}
  400392:	4628      	mov	r0, r5
  400394:	bdf8      	pop	{r3, r4, r5, r6, r7, pc}
	ASSERT(io_descr && buf && length);
  400396:	2001      	movs	r0, #1
  400398:	e7de      	b.n	400358 <usart_sync_write+0x18>
  40039a:	bf00      	nop
  40039c:	0040291c 	.word	0x0040291c
  4003a0:	004004ad 	.word	0x004004ad
  4003a4:	00400779 	.word	0x00400779
  4003a8:	00400731 	.word	0x00400731
  4003ac:	004007a1 	.word	0x004007a1

004003b0 <usart_sync_read>:
 * \param[in] length The size of a buffer
 *
 * \return The number of bytes read.
 */
static int32_t usart_sync_read(struct io_descriptor *const io_descr, uint8_t *const buf, const uint16_t length)
{
  4003b0:	e92d 41f0 	stmdb	sp!, {r4, r5, r6, r7, r8, lr}
  4003b4:	4617      	mov	r7, r2
	uint32_t                      offset = 0;
	struct usart_sync_descriptor *descr  = CONTAINER_OF(io_descr, struct usart_sync_descriptor, io);

	ASSERT(io_descr && buf && length);
  4003b6:	4605      	mov	r5, r0
  4003b8:	4688      	mov	r8, r1
  4003ba:	2800      	cmp	r0, #0
  4003bc:	bf18      	it	ne
  4003be:	2900      	cmpne	r1, #0
  4003c0:	d002      	beq.n	4003c8 <usart_sync_read+0x18>
  4003c2:	b9d2      	cbnz	r2, 4003fa <usart_sync_read+0x4a>
  4003c4:	2000      	movs	r0, #0
  4003c6:	e000      	b.n	4003ca <usart_sync_read+0x1a>
  4003c8:	2000      	movs	r0, #0
  4003ca:	f44f 7286 	mov.w	r2, #268	; 0x10c
  4003ce:	490c      	ldr	r1, [pc, #48]	; (400400 <usart_sync_read+0x50>)
  4003d0:	4b0c      	ldr	r3, [pc, #48]	; (400404 <usart_sync_read+0x54>)
  4003d2:	4798      	blx	r3
	uint32_t                      offset = 0;
  4003d4:	2600      	movs	r6, #0
	do {
		while (!_usart_sync_is_byte_received(&descr->device))
  4003d6:	f105 0408 	add.w	r4, r5, #8
  4003da:	4620      	mov	r0, r4
  4003dc:	4b0a      	ldr	r3, [pc, #40]	; (400408 <usart_sync_read+0x58>)
  4003de:	4798      	blx	r3
  4003e0:	2800      	cmp	r0, #0
  4003e2:	d0f8      	beq.n	4003d6 <usart_sync_read+0x26>
			;
		buf[offset] = _usart_sync_read_byte(&descr->device);
  4003e4:	4620      	mov	r0, r4
  4003e6:	4b09      	ldr	r3, [pc, #36]	; (40040c <usart_sync_read+0x5c>)
  4003e8:	4798      	blx	r3
  4003ea:	f808 0006 	strb.w	r0, [r8, r6]
	} while (++offset < length);
  4003ee:	3601      	adds	r6, #1
  4003f0:	42be      	cmp	r6, r7
  4003f2:	d3f0      	bcc.n	4003d6 <usart_sync_read+0x26>

	return (int32_t)offset;
}
  4003f4:	4630      	mov	r0, r6
  4003f6:	e8bd 81f0 	ldmia.w	sp!, {r4, r5, r6, r7, r8, pc}
	ASSERT(io_descr && buf && length);
  4003fa:	2001      	movs	r0, #1
  4003fc:	e7e5      	b.n	4003ca <usart_sync_read+0x1a>
  4003fe:	bf00      	nop
  400400:	0040291c 	.word	0x0040291c
  400404:	004004ad 	.word	0x004004ad
  400408:	004007c9 	.word	0x004007c9
  40040c:	00400755 	.word	0x00400755

00400410 <usart_sync_init>:
{
  400410:	b538      	push	{r3, r4, r5, lr}
	ASSERT(descr && hw);
  400412:	4604      	mov	r4, r0
  400414:	460d      	mov	r5, r1
  400416:	2800      	cmp	r0, #0
  400418:	bf18      	it	ne
  40041a:	2900      	cmpne	r1, #0
  40041c:	bf14      	ite	ne
  40041e:	2001      	movne	r0, #1
  400420:	2000      	moveq	r0, #0
  400422:	2234      	movs	r2, #52	; 0x34
  400424:	4907      	ldr	r1, [pc, #28]	; (400444 <usart_sync_init+0x34>)
  400426:	4b08      	ldr	r3, [pc, #32]	; (400448 <usart_sync_init+0x38>)
  400428:	4798      	blx	r3
	init_status = _usart_sync_init(&descr->device, hw);
  40042a:	4629      	mov	r1, r5
  40042c:	f104 0008 	add.w	r0, r4, #8
  400430:	4b06      	ldr	r3, [pc, #24]	; (40044c <usart_sync_init+0x3c>)
  400432:	4798      	blx	r3
	if (init_status) {
  400434:	4603      	mov	r3, r0
  400436:	b918      	cbnz	r0, 400440 <usart_sync_init+0x30>
	descr->io.read  = usart_sync_read;
  400438:	4a05      	ldr	r2, [pc, #20]	; (400450 <usart_sync_init+0x40>)
  40043a:	6062      	str	r2, [r4, #4]
	descr->io.write = usart_sync_write;
  40043c:	4a05      	ldr	r2, [pc, #20]	; (400454 <usart_sync_init+0x44>)
  40043e:	6022      	str	r2, [r4, #0]
}
  400440:	4618      	mov	r0, r3
  400442:	bd38      	pop	{r3, r4, r5, pc}
  400444:	0040291c 	.word	0x0040291c
  400448:	004004ad 	.word	0x004004ad
  40044c:	004006c5 	.word	0x004006c5
  400450:	004003b1 	.word	0x004003b1
  400454:	00400341 	.word	0x00400341

00400458 <usart_sync_enable>:
{
  400458:	b510      	push	{r4, lr}
	ASSERT(descr);
  40045a:	4604      	mov	r4, r0
  40045c:	2253      	movs	r2, #83	; 0x53
  40045e:	4906      	ldr	r1, [pc, #24]	; (400478 <usart_sync_enable+0x20>)
  400460:	3000      	adds	r0, #0
  400462:	bf18      	it	ne
  400464:	2001      	movne	r0, #1
  400466:	4b05      	ldr	r3, [pc, #20]	; (40047c <usart_sync_enable+0x24>)
  400468:	4798      	blx	r3
	_usart_sync_enable(&descr->device);
  40046a:	f104 0008 	add.w	r0, r4, #8
  40046e:	4b04      	ldr	r3, [pc, #16]	; (400480 <usart_sync_enable+0x28>)
  400470:	4798      	blx	r3
}
  400472:	2000      	movs	r0, #0
  400474:	bd10      	pop	{r4, pc}
  400476:	bf00      	nop
  400478:	0040291c 	.word	0x0040291c
  40047c:	004004ad 	.word	0x004004ad
  400480:	004006fd 	.word	0x004006fd

00400484 <usart_sync_get_io_descriptor>:
{
  400484:	b538      	push	{r3, r4, r5, lr}
	ASSERT(descr && io);
  400486:	4605      	mov	r5, r0
  400488:	460c      	mov	r4, r1
  40048a:	2800      	cmp	r0, #0
  40048c:	bf18      	it	ne
  40048e:	2900      	cmpne	r1, #0
  400490:	bf14      	ite	ne
  400492:	2001      	movne	r0, #1
  400494:	2000      	moveq	r0, #0
  400496:	2269      	movs	r2, #105	; 0x69
  400498:	4902      	ldr	r1, [pc, #8]	; (4004a4 <usart_sync_get_io_descriptor+0x20>)
  40049a:	4b03      	ldr	r3, [pc, #12]	; (4004a8 <usart_sync_get_io_descriptor+0x24>)
  40049c:	4798      	blx	r3
	*io = &descr->io;
  40049e:	6025      	str	r5, [r4, #0]
}
  4004a0:	2000      	movs	r0, #0
  4004a2:	bd38      	pop	{r3, r4, r5, pc}
  4004a4:	0040291c 	.word	0x0040291c
  4004a8:	004004ad 	.word	0x004004ad

004004ac <assert>:
/**
 * \brief Assert function
 */
void assert(const bool condition, const char *const file, const int line)
{
	if (!(condition)) {
  4004ac:	b900      	cbnz	r0, 4004b0 <assert+0x4>
		__asm("BKPT #0");
  4004ae:	be00      	bkpt	0x0000
  4004b0:	4770      	bx	lr
	...

004004b4 <_init_chip>:

/**
 * \brief Initialize the hardware abstraction layer
 */
void _init_chip(void)
{
  4004b4:	b500      	push	{lr}
  4004b6:	b083      	sub	sp, #12
/**
 * \brief Enable FPU
 */
static inline void _fpu_enable(void)
{
	CRITICAL_SECTION_ENTER()
  4004b8:	a801      	add	r0, sp, #4
  4004ba:	4b0e      	ldr	r3, [pc, #56]	; (4004f4 <_init_chip+0x40>)
  4004bc:	4798      	blx	r3
	/** Set bits 20-23 to enable CP10 and CP11 coprocessors */
	SCB->CPACR |= (0xFu << 20);
  4004be:	4a0e      	ldr	r2, [pc, #56]	; (4004f8 <_init_chip+0x44>)
  4004c0:	f8d2 3088 	ldr.w	r3, [r2, #136]	; 0x88
  4004c4:	f443 0370 	orr.w	r3, r3, #15728640	; 0xf00000
  4004c8:	f8c2 3088 	str.w	r3, [r2, #136]	; 0x88
  __ASM volatile ("dsb 0xF":::"memory");
  4004cc:	f3bf 8f4f 	dsb	sy
  __ASM volatile ("isb 0xF":::"memory");
  4004d0:	f3bf 8f6f 	isb	sy
	__DSB();
	__ISB();
	CRITICAL_SECTION_LEAVE()
  4004d4:	a801      	add	r0, sp, #4
  4004d6:	4b09      	ldr	r3, [pc, #36]	; (4004fc <_init_chip+0x48>)
  4004d8:	4798      	blx	r3

static inline void hri_efc_write_EEFC_FMR_FWS_bf(const void *const hw, hri_efc_eefc_fmr_reg_t data)
{
	uint32_t tmp;
	EFC_CRITICAL_SECTION_ENTER();
	tmp = ((Efc *)hw)->EEFC_FMR;
  4004da:	4a09      	ldr	r2, [pc, #36]	; (400500 <_init_chip+0x4c>)
  4004dc:	6813      	ldr	r3, [r2, #0]
	tmp &= ~EEFC_FMR_FWS_Msk;
  4004de:	f423 6370 	bic.w	r3, r3, #3840	; 0xf00
	tmp |= EEFC_FMR_FWS(data);
  4004e2:	f443 63c0 	orr.w	r3, r3, #1536	; 0x600
	((Efc *)hw)->EEFC_FMR = tmp;
  4004e6:	6013      	str	r3, [r2, #0]
#if CONF_DMA_ENABLE
	_pmc_enable_periph_clock(ID_XDMAC);
	_dma_init();

#endif
	_pmc_init();
  4004e8:	4b06      	ldr	r3, [pc, #24]	; (400504 <_init_chip+0x50>)
  4004ea:	4798      	blx	r3
}
  4004ec:	b003      	add	sp, #12
  4004ee:	f85d fb04 	ldr.w	pc, [sp], #4
  4004f2:	bf00      	nop
  4004f4:	004002f5 	.word	0x004002f5
  4004f8:	e000ed00 	.word	0xe000ed00
  4004fc:	00400303 	.word	0x00400303
  400500:	400e0c00 	.word	0x400e0c00
  400504:	004005a5 	.word	0x004005a5

00400508 <_pmc_init_sources>:
	PMC_CRITICAL_SECTION_LEAVE();
}

static inline hri_pmc_ckgr_mor_reg_t hri_pmc_read_CKGR_MOR_reg(const void *const hw)
{
	return ((Pmc *)hw)->CKGR_MOR;
  400508:	490e      	ldr	r1, [pc, #56]	; (400544 <_pmc_init_sources+0x3c>)
  40050a:	6a0a      	ldr	r2, [r1, #32]
	/* Enable Main XTAL oscillator */
	data = hri_pmc_read_CKGR_MOR_reg(PMC) & ~CKGR_MOR_MOSCXTEN;
	data |= CKGR_MOR_KEY_PASSWD | CKGR_MOR_MOSCXTBY | CKGR_MOR_MOSCSEL;
	hri_pmc_write_CKGR_MOR_reg(PMC, data);
#else
	data = hri_pmc_read_CKGR_MOR_reg(PMC) & ~CKGR_MOR_MOSCXTBY;
  40050c:	f022 0202 	bic.w	r2, r2, #2
	data |= CKGR_MOR_KEY_PASSWD | CKGR_MOR_MOSCXTEN | CKGR_MOR_MOSCXTST(CONF_XOSC20M_STARTUP_TIME);
  400510:	4b0d      	ldr	r3, [pc, #52]	; (400548 <_pmc_init_sources+0x40>)
  400512:	4313      	orrs	r3, r2
	((Pmc *)hw)->CKGR_MOR = data;
  400514:	620b      	str	r3, [r1, #32]
	return (((Pmc *)hw)->PMC_SR & PMC_SR_MOSCXTS) > 0;
  400516:	4b0b      	ldr	r3, [pc, #44]	; (400544 <_pmc_init_sources+0x3c>)
  400518:	6e9b      	ldr	r3, [r3, #104]	; 0x68
	hri_pmc_write_CKGR_MOR_reg(PMC, data);
	while (!hri_pmc_get_SR_MOSCXTS_bit(PMC)) {
  40051a:	f013 0f01 	tst.w	r3, #1
  40051e:	d0fa      	beq.n	400516 <_pmc_init_sources+0xe>
	((Pmc *)hw)->CKGR_MOR |= mask;
  400520:	4b08      	ldr	r3, [pc, #32]	; (400544 <_pmc_init_sources+0x3c>)
  400522:	6a19      	ldr	r1, [r3, #32]
  400524:	4a09      	ldr	r2, [pc, #36]	; (40054c <_pmc_init_sources+0x44>)
  400526:	430a      	orrs	r2, r1
  400528:	621a      	str	r2, [r3, #32]

static inline void hri_pmc_write_CKGR_PLLAR_MULA_bf(const void *const hw, hri_pmc_ckgr_pllar_reg_t data)
{
	uint32_t tmp;
	PMC_CRITICAL_SECTION_ENTER();
	tmp = ((Pmc *)hw)->CKGR_PLLAR;
  40052a:	6a99      	ldr	r1, [r3, #40]	; 0x28
	tmp &= ~CKGR_PLLAR_MULA_Msk;
  40052c:	4a08      	ldr	r2, [pc, #32]	; (400550 <_pmc_init_sources+0x48>)
  40052e:	400a      	ands	r2, r1
	tmp |= CKGR_PLLAR_MULA(data);
	((Pmc *)hw)->CKGR_PLLAR = tmp;
  400530:	629a      	str	r2, [r3, #40]	; 0x28
}

static inline void hri_pmc_write_CKGR_PLLAR_reg(const void *const hw, hri_pmc_ckgr_pllar_reg_t data)
{
	PMC_CRITICAL_SECTION_ENTER();
	((Pmc *)hw)->CKGR_PLLAR = data;
  400532:	4a08      	ldr	r2, [pc, #32]	; (400554 <_pmc_init_sources+0x4c>)
  400534:	629a      	str	r2, [r3, #40]	; 0x28
	return (((Pmc *)hw)->PMC_SR & PMC_SR_LOCKA) > 0;
  400536:	4b03      	ldr	r3, [pc, #12]	; (400544 <_pmc_init_sources+0x3c>)
  400538:	6e9b      	ldr	r3, [r3, #104]	; 0x68
#if (CONF_PLLACK_ENABLE == 1)
	data = CKGR_PLLAR_MULA(CONF_PLLACK_MUL - 1) | CKGR_PLLAR_DIVA(CONF_PLLACK_DIV) | CKGR_PLLAR_PLLACOUNT(PLL_COUNT);
	/* Stop PLL first */
	hri_pmc_write_CKGR_PLLAR_MULA_bf(PMC, 0);
	hri_pmc_write_CKGR_PLLAR_reg(PMC, (CKGR_PLLAR_ONE | data));
	while (!hri_pmc_get_SR_LOCKA_bit(PMC)) {
  40053a:	f013 0f02 	tst.w	r3, #2
  40053e:	d0fa      	beq.n	400536 <_pmc_init_sources+0x2e>
#if (CONF_CLK_CFDEN_ENABLE == 1)
	/* Enable main clock failure detection */
	hri_pmc_set_CKGR_MOR_CFDEN_bit(PMC);
#endif
#endif
}
  400540:	4770      	bx	lr
  400542:	bf00      	nop
  400544:	400e0600 	.word	0x400e0600
  400548:	00373e01 	.word	0x00373e01
  40054c:	01370000 	.word	0x01370000
  400550:	f800ffff 	.word	0xf800ffff
  400554:	20183f01 	.word	0x20183f01

00400558 <_pmc_init_master_clock>:

static inline void hri_pmc_write_MCKR_PRES_bf(const void *const hw, hri_pmc_mckr_reg_t data)
{
	uint32_t tmp;
	PMC_CRITICAL_SECTION_ENTER();
	tmp = ((Pmc *)hw)->PMC_MCKR;
  400558:	4a11      	ldr	r2, [pc, #68]	; (4005a0 <_pmc_init_master_clock+0x48>)
  40055a:	6b13      	ldr	r3, [r2, #48]	; 0x30
	tmp &= ~PMC_MCKR_PRES_Msk;
  40055c:	f023 0370 	bic.w	r3, r3, #112	; 0x70
	tmp |= PMC_MCKR_PRES(data);
	((Pmc *)hw)->PMC_MCKR = tmp;
  400560:	6313      	str	r3, [r2, #48]	; 0x30
	return (((Pmc *)hw)->PMC_SR & PMC_SR_MCKRDY) > 0;
  400562:	4b0f      	ldr	r3, [pc, #60]	; (4005a0 <_pmc_init_master_clock+0x48>)
  400564:	6e9b      	ldr	r3, [r3, #104]	; 0x68
	while (!hri_pmc_get_SR_MCKRDY_bit(PMC)) {
		/* Wait until master clock is ready */
	}
#elif ((CONF_CLK_GEN_MCKR_SRC == CLK_SRC_OPTION_PLLACK) || (CONF_CLK_GEN_MCKR_SRC == CLK_SRC_OPTION_UPLLCKDIV))
	hri_pmc_write_MCKR_PRES_bf(PMC, CONF_MCKR_PRESC);
	while (!hri_pmc_get_SR_MCKRDY_bit(PMC)) {
  400566:	f013 0f08 	tst.w	r3, #8
  40056a:	d0fa      	beq.n	400562 <_pmc_init_master_clock+0xa>

static inline void hri_pmc_write_MCKR_MDIV_bf(const void *const hw, hri_pmc_mckr_reg_t data)
{
	uint32_t tmp;
	PMC_CRITICAL_SECTION_ENTER();
	tmp = ((Pmc *)hw)->PMC_MCKR;
  40056c:	4a0c      	ldr	r2, [pc, #48]	; (4005a0 <_pmc_init_master_clock+0x48>)
  40056e:	6b13      	ldr	r3, [r2, #48]	; 0x30
	tmp &= ~PMC_MCKR_MDIV_Msk;
  400570:	f423 7340 	bic.w	r3, r3, #768	; 0x300
	tmp |= PMC_MCKR_MDIV(data);
  400574:	f443 7380 	orr.w	r3, r3, #256	; 0x100
	((Pmc *)hw)->PMC_MCKR = tmp;
  400578:	6313      	str	r3, [r2, #48]	; 0x30
	return (((Pmc *)hw)->PMC_SR & PMC_SR_MCKRDY) > 0;
  40057a:	4b09      	ldr	r3, [pc, #36]	; (4005a0 <_pmc_init_master_clock+0x48>)
  40057c:	6e9b      	ldr	r3, [r3, #104]	; 0x68
		/* Wait until master clock is ready */
	}
	hri_pmc_write_MCKR_MDIV_bf(PMC, CONF_MCK_DIV);
	while (!hri_pmc_get_SR_MCKRDY_bit(PMC)) {
  40057e:	f013 0f08 	tst.w	r3, #8
  400582:	d0fa      	beq.n	40057a <_pmc_init_master_clock+0x22>
	tmp = ((Pmc *)hw)->PMC_MCKR;
  400584:	4a06      	ldr	r2, [pc, #24]	; (4005a0 <_pmc_init_master_clock+0x48>)
  400586:	6b13      	ldr	r3, [r2, #48]	; 0x30
	tmp &= ~PMC_MCKR_CSS_Msk;
  400588:	f023 0303 	bic.w	r3, r3, #3
	tmp |= PMC_MCKR_CSS(data);
  40058c:	f043 0302 	orr.w	r3, r3, #2
	((Pmc *)hw)->PMC_MCKR = tmp;
  400590:	6313      	str	r3, [r2, #48]	; 0x30
	return (((Pmc *)hw)->PMC_SR & PMC_SR_MCKRDY) > 0;
  400592:	4b03      	ldr	r3, [pc, #12]	; (4005a0 <_pmc_init_master_clock+0x48>)
  400594:	6e9b      	ldr	r3, [r3, #104]	; 0x68
		/* Wait until master clock is ready */
	}
	hri_pmc_write_MCKR_CSS_bf(PMC, CONF_CLK_GEN_MCKR_SRC);
	while (!hri_pmc_get_SR_MCKRDY_bit(PMC)) {
  400596:	f013 0f08 	tst.w	r3, #8
  40059a:	d0fa      	beq.n	400592 <_pmc_init_master_clock+0x3a>
		/* Wait until master clock is ready */
	}
#endif
#endif
}
  40059c:	4770      	bx	lr
  40059e:	bf00      	nop
  4005a0:	400e0600 	.word	0x400e0600

004005a4 <_pmc_init>:
/**
 * \brief Initializes cortex M7 core clock
 *
 */
void _pmc_init(void)
{
  4005a4:	b508      	push	{r3, lr}
	_pmc_init_sources();
  4005a6:	4b02      	ldr	r3, [pc, #8]	; (4005b0 <_pmc_init+0xc>)
  4005a8:	4798      	blx	r3
	_pmc_init_master_clock();
  4005aa:	4b02      	ldr	r3, [pc, #8]	; (4005b4 <_pmc_init+0x10>)
  4005ac:	4798      	blx	r3
  4005ae:	bd08      	pop	{r3, pc}
  4005b0:	00400509 	.word	0x00400509
  4005b4:	00400559 	.word	0x00400559

004005b8 <_uart_get_hardware_index>:
/**
 * \brief Retrieve ordinal number of the given uart hardware instance
 * \param[in] p The pointer to interrupt parameter
 */
static uint8_t _uart_get_hardware_index(const void *const hw)
{
  4005b8:	b510      	push	{r4, lr}
	ASSERT(hw);
  4005ba:	4604      	mov	r4, r0
  4005bc:	f240 2219 	movw	r2, #537	; 0x219
  4005c0:	4912      	ldr	r1, [pc, #72]	; (40060c <_uart_get_hardware_index+0x54>)
  4005c2:	3000      	adds	r0, #0
  4005c4:	bf18      	it	ne
  4005c6:	2001      	movne	r0, #1
  4005c8:	4b11      	ldr	r3, [pc, #68]	; (400610 <_uart_get_hardware_index+0x58>)
  4005ca:	4798      	blx	r3
#ifdef _UNIT_TEST_
	return ((uint32_t)hw - (uint32_t)UART0) / sizeof(Uart);
#endif
	if (UART0 == hw) {
  4005cc:	4b11      	ldr	r3, [pc, #68]	; (400614 <_uart_get_hardware_index+0x5c>)
  4005ce:	429c      	cmp	r4, r3
  4005d0:	d013      	beq.n	4005fa <_uart_get_hardware_index+0x42>
		return 0;
	} else if (UART1 == hw) {
  4005d2:	f503 7300 	add.w	r3, r3, #512	; 0x200
  4005d6:	429c      	cmp	r4, r3
  4005d8:	d011      	beq.n	4005fe <_uart_get_hardware_index+0x46>
		return 1;
	} else if (UART2 == hw) {
  4005da:	f503 5380 	add.w	r3, r3, #4096	; 0x1000
  4005de:	429c      	cmp	r4, r3
  4005e0:	d00f      	beq.n	400602 <_uart_get_hardware_index+0x4a>
		return 2;
	} else if (UART3 == hw) {
  4005e2:	f503 7300 	add.w	r3, r3, #512	; 0x200
  4005e6:	429c      	cmp	r4, r3
  4005e8:	d00d      	beq.n	400606 <_uart_get_hardware_index+0x4e>
		return 3;
	} else if (UART4 == hw) {
  4005ea:	f503 7300 	add.w	r3, r3, #512	; 0x200
  4005ee:	429c      	cmp	r4, r3
  4005f0:	d001      	beq.n	4005f6 <_uart_get_hardware_index+0x3e>
		return 4;
	} else {
		return ERR_INVALID_DATA;
  4005f2:	20ff      	movs	r0, #255	; 0xff
	}
}
  4005f4:	bd10      	pop	{r4, pc}
		return 4;
  4005f6:	2004      	movs	r0, #4
  4005f8:	bd10      	pop	{r4, pc}
		return 0;
  4005fa:	2000      	movs	r0, #0
  4005fc:	bd10      	pop	{r4, pc}
		return 1;
  4005fe:	2001      	movs	r0, #1
  400600:	bd10      	pop	{r4, pc}
		return 2;
  400602:	2002      	movs	r0, #2
  400604:	bd10      	pop	{r4, pc}
		return 3;
  400606:	2003      	movs	r0, #3
  400608:	bd10      	pop	{r4, pc}
  40060a:	bf00      	nop
  40060c:	00402944 	.word	0x00402944
  400610:	004004ad 	.word	0x004004ad
  400614:	400e0800 	.word	0x400e0800

00400618 <_get_uart_index>:
 * \param[in] hw The pointer to hardware instance

 * \return The ordinal number of the given uart hardware instance
 */
static uint8_t _get_uart_index(const void *const hw)
{
  400618:	b510      	push	{r4, lr}
	ASSERT(hw);
  40061a:	4604      	mov	r4, r0
  40061c:	f44f 7227 	mov.w	r2, #668	; 0x29c
  400620:	490e      	ldr	r1, [pc, #56]	; (40065c <_get_uart_index+0x44>)
  400622:	3000      	adds	r0, #0
  400624:	bf18      	it	ne
  400626:	2001      	movne	r0, #1
  400628:	4b0d      	ldr	r3, [pc, #52]	; (400660 <_get_uart_index+0x48>)
  40062a:	4798      	blx	r3
	uint8_t uart_offset = _uart_get_hardware_index(hw);
  40062c:	4620      	mov	r0, r4
  40062e:	4b0d      	ldr	r3, [pc, #52]	; (400664 <_get_uart_index+0x4c>)
  400630:	4798      	blx	r3
	uint8_t i;

	for (i = 0; i < ARRAY_SIZE(_uarts); i++) {
  400632:	2300      	movs	r3, #0
  400634:	b143      	cbz	r3, 400648 <_get_uart_index+0x30>
		if (_uarts[i].number == uart_offset) {
			return i;
		}
	}

	ASSERT(false);
  400636:	f240 22a6 	movw	r2, #678	; 0x2a6
  40063a:	4908      	ldr	r1, [pc, #32]	; (40065c <_get_uart_index+0x44>)
  40063c:	2000      	movs	r0, #0
  40063e:	4b08      	ldr	r3, [pc, #32]	; (400660 <_get_uart_index+0x48>)
  400640:	4798      	blx	r3
	return 0;
  400642:	2300      	movs	r3, #0
}
  400644:	4618      	mov	r0, r3
  400646:	bd10      	pop	{r4, pc}
		if (_uarts[i].number == uart_offset) {
  400648:	eb03 0143 	add.w	r1, r3, r3, lsl #1
  40064c:	008a      	lsls	r2, r1, #2
  40064e:	4906      	ldr	r1, [pc, #24]	; (400668 <_get_uart_index+0x50>)
  400650:	5c8a      	ldrb	r2, [r1, r2]
  400652:	4290      	cmp	r0, r2
  400654:	d0f6      	beq.n	400644 <_get_uart_index+0x2c>
	for (i = 0; i < ARRAY_SIZE(_uarts); i++) {
  400656:	3301      	adds	r3, #1
  400658:	b2db      	uxtb	r3, r3
  40065a:	e7eb      	b.n	400634 <_get_uart_index+0x1c>
  40065c:	00402944 	.word	0x00402944
  400660:	004004ad 	.word	0x004004ad
  400664:	004005b9 	.word	0x004005b9
  400668:	00402938 	.word	0x00402938

0040066c <_uart_init>:
 * \param[in] hw The pointer to hardware instance
 *
 * \return The status of initialization
 */
static int32_t _uart_init(void *const hw)
{
  40066c:	b510      	push	{r4, lr}
	ASSERT(hw);
  40066e:	4604      	mov	r4, r0
  400670:	f240 22b3 	movw	r2, #691	; 0x2b3
  400674:	490e      	ldr	r1, [pc, #56]	; (4006b0 <_uart_init+0x44>)
  400676:	3000      	adds	r0, #0
  400678:	bf18      	it	ne
  40067a:	2001      	movne	r0, #1
  40067c:	4b0d      	ldr	r3, [pc, #52]	; (4006b4 <_uart_init+0x48>)
  40067e:	4798      	blx	r3
	uint8_t i = _get_uart_index(hw);
  400680:	4620      	mov	r0, r4
  400682:	4b0d      	ldr	r3, [pc, #52]	; (4006b8 <_uart_init+0x4c>)
  400684:	4798      	blx	r3
}

static inline void hri_uart_write_WPMR_reg(const void *const hw, hri_uart_wpmr_reg_t data)
{
	UART_CRITICAL_SECTION_ENTER();
	((Uart *)hw)->UART_WPMR = data;
  400686:	4b0d      	ldr	r3, [pc, #52]	; (4006bc <_uart_init+0x50>)
  400688:	f8c4 30e4 	str.w	r3, [r4, #228]	; 0xe4
}

static inline void hri_uart_write_CR_reg(const void *const hw, hri_uart_cr_reg_t data)
{
	UART_CRITICAL_SECTION_ENTER();
	((Uart *)hw)->UART_CR = data;
  40068c:	23ac      	movs	r3, #172	; 0xac
  40068e:	6023      	str	r3, [r4, #0]
  400690:	f44f 7380 	mov.w	r3, #256	; 0x100
  400694:	6023      	str	r3, [r4, #0]
	/* Disable and reset TX and RX. */
	hri_uart_write_CR_reg(hw, UART_CR_RSTRX | UART_CR_RXDIS | UART_CR_RSTTX | UART_CR_TXDIS);
	/* Reset status bits. */
	hri_uart_write_CR_reg(hw, UART_CR_RSTSTA);

	hri_uart_write_MR_reg(hw, _uarts[i].mr);
  400696:	eb00 0040 	add.w	r0, r0, r0, lsl #1
  40069a:	0082      	lsls	r2, r0, #2
  40069c:	4b08      	ldr	r3, [pc, #32]	; (4006c0 <_uart_init+0x54>)
  40069e:	4413      	add	r3, r2
  4006a0:	685b      	ldr	r3, [r3, #4]
	((Uart *)hw)->UART_MR = data;
  4006a2:	6063      	str	r3, [r4, #4]
	((Uart *)hw)->UART_BRGR = data;
  4006a4:	f44f 7374 	mov.w	r3, #976	; 0x3d0
  4006a8:	6223      	str	r3, [r4, #32]
	hri_uart_write_BRGR_reg(hw, _uarts[i].brgr);

	return ERR_NONE;
}
  4006aa:	2000      	movs	r0, #0
  4006ac:	bd10      	pop	{r4, pc}
  4006ae:	bf00      	nop
  4006b0:	00402944 	.word	0x00402944
  4006b4:	004004ad 	.word	0x004004ad
  4006b8:	00400619 	.word	0x00400619
  4006bc:	55415200 	.word	0x55415200
  4006c0:	00402938 	.word	0x00402938

004006c4 <_usart_sync_init>:
{
  4006c4:	b5f8      	push	{r3, r4, r5, r6, r7, lr}
  4006c6:	460c      	mov	r4, r1
	ASSERT(device);
  4006c8:	4e09      	ldr	r6, [pc, #36]	; (4006f0 <_usart_sync_init+0x2c>)
  4006ca:	4607      	mov	r7, r0
  4006cc:	22a9      	movs	r2, #169	; 0xa9
  4006ce:	4631      	mov	r1, r6
  4006d0:	3000      	adds	r0, #0
  4006d2:	bf18      	it	ne
  4006d4:	2001      	movne	r0, #1
  4006d6:	4d07      	ldr	r5, [pc, #28]	; (4006f4 <_usart_sync_init+0x30>)
  4006d8:	47a8      	blx	r5
	ASSERT(hw);
  4006da:	22aa      	movs	r2, #170	; 0xaa
  4006dc:	4631      	mov	r1, r6
  4006de:	1c20      	adds	r0, r4, #0
  4006e0:	bf18      	it	ne
  4006e2:	2001      	movne	r0, #1
  4006e4:	47a8      	blx	r5
	device->hw = hw;
  4006e6:	603c      	str	r4, [r7, #0]
	return _uart_init(hw);
  4006e8:	4620      	mov	r0, r4
  4006ea:	4b03      	ldr	r3, [pc, #12]	; (4006f8 <_usart_sync_init+0x34>)
  4006ec:	4798      	blx	r3
}
  4006ee:	bdf8      	pop	{r3, r4, r5, r6, r7, pc}
  4006f0:	00402944 	.word	0x00402944
  4006f4:	004004ad 	.word	0x004004ad
  4006f8:	0040066d 	.word	0x0040066d

004006fc <_usart_sync_enable>:
{
  4006fc:	b570      	push	{r4, r5, r6, lr}
	ASSERT(device);
  4006fe:	4e0a      	ldr	r6, [pc, #40]	; (400728 <_usart_sync_enable+0x2c>)
  400700:	4604      	mov	r4, r0
  400702:	22f2      	movs	r2, #242	; 0xf2
  400704:	4631      	mov	r1, r6
  400706:	3000      	adds	r0, #0
  400708:	bf18      	it	ne
  40070a:	2001      	movne	r0, #1
  40070c:	4d07      	ldr	r5, [pc, #28]	; (40072c <_usart_sync_enable+0x30>)
  40070e:	47a8      	blx	r5
	_uart_enable(device->hw);
  400710:	6824      	ldr	r4, [r4, #0]
 *
 * \param[in] hw The pointer to hardware instance
 */
static inline void _uart_enable(void *const hw)
{
	ASSERT(hw);
  400712:	f240 22d7 	movw	r2, #727	; 0x2d7
  400716:	4631      	mov	r1, r6
  400718:	1c20      	adds	r0, r4, #0
  40071a:	bf18      	it	ne
  40071c:	2001      	movne	r0, #1
  40071e:	47a8      	blx	r5
	((Uart *)hw)->UART_CR = data;
  400720:	2350      	movs	r3, #80	; 0x50
  400722:	6023      	str	r3, [r4, #0]
  400724:	bd70      	pop	{r4, r5, r6, pc}
  400726:	bf00      	nop
  400728:	00402944 	.word	0x00402944
  40072c:	004004ad 	.word	0x004004ad

00400730 <_usart_sync_write_byte>:
{
  400730:	b538      	push	{r3, r4, r5, lr}
  400732:	460c      	mov	r4, r1
	ASSERT(device);
  400734:	4605      	mov	r5, r0
  400736:	f240 1295 	movw	r2, #405	; 0x195
  40073a:	4904      	ldr	r1, [pc, #16]	; (40074c <_usart_sync_write_byte+0x1c>)
  40073c:	3000      	adds	r0, #0
  40073e:	bf18      	it	ne
  400740:	2001      	movne	r0, #1
  400742:	4b03      	ldr	r3, [pc, #12]	; (400750 <_usart_sync_write_byte+0x20>)
  400744:	4798      	blx	r3
	hri_uart_write_THR_reg(device->hw, (hri_uart_thr_reg_t)data);
  400746:	682b      	ldr	r3, [r5, #0]
}

static inline void hri_uart_write_THR_reg(const void *const hw, hri_uart_thr_reg_t data)
{
	UART_CRITICAL_SECTION_ENTER();
	((Uart *)hw)->UART_THR = data;
  400748:	61dc      	str	r4, [r3, #28]
  40074a:	bd38      	pop	{r3, r4, r5, pc}
  40074c:	00402944 	.word	0x00402944
  400750:	004004ad 	.word	0x004004ad

00400754 <_usart_sync_read_byte>:
{
  400754:	b510      	push	{r4, lr}
	ASSERT(device);
  400756:	4604      	mov	r4, r0
  400758:	f240 12a7 	movw	r2, #423	; 0x1a7
  40075c:	4904      	ldr	r1, [pc, #16]	; (400770 <_usart_sync_read_byte+0x1c>)
  40075e:	3000      	adds	r0, #0
  400760:	bf18      	it	ne
  400762:	2001      	movne	r0, #1
  400764:	4b03      	ldr	r3, [pc, #12]	; (400774 <_usart_sync_read_byte+0x20>)
  400766:	4798      	blx	r3
	return (uint8_t)(hri_uart_read_RHR_RXCHR_bf(device->hw));
  400768:	6823      	ldr	r3, [r4, #0]
	return (((Uart *)hw)->UART_RHR & UART_RHR_RXCHR_Msk) >> UART_RHR_RXCHR_Pos;
  40076a:	6998      	ldr	r0, [r3, #24]
}
  40076c:	b2c0      	uxtb	r0, r0
  40076e:	bd10      	pop	{r4, pc}
  400770:	00402944 	.word	0x00402944
  400774:	004004ad 	.word	0x004004ad

00400778 <_usart_sync_is_ready_to_send>:
{
  400778:	b510      	push	{r4, lr}
	ASSERT(device);
  40077a:	4604      	mov	r4, r0
  40077c:	f44f 72d8 	mov.w	r2, #432	; 0x1b0
  400780:	4905      	ldr	r1, [pc, #20]	; (400798 <_usart_sync_is_ready_to_send+0x20>)
  400782:	3000      	adds	r0, #0
  400784:	bf18      	it	ne
  400786:	2001      	movne	r0, #1
  400788:	4b04      	ldr	r3, [pc, #16]	; (40079c <_usart_sync_is_ready_to_send+0x24>)
  40078a:	4798      	blx	r3
	return hri_uart_get_SR_TXRDY_bit(device->hw);
  40078c:	6823      	ldr	r3, [r4, #0]
	return (((Uart *)hw)->UART_SR & UART_SR_TXRDY) > 0;
  40078e:	6958      	ldr	r0, [r3, #20]
}
  400790:	f3c0 0040 	ubfx	r0, r0, #1, #1
  400794:	bd10      	pop	{r4, pc}
  400796:	bf00      	nop
  400798:	00402944 	.word	0x00402944
  40079c:	004004ad 	.word	0x004004ad

004007a0 <_usart_sync_is_transmit_done>:
{
  4007a0:	b510      	push	{r4, lr}
	ASSERT(device);
  4007a2:	4604      	mov	r4, r0
  4007a4:	f240 12b9 	movw	r2, #441	; 0x1b9
  4007a8:	4905      	ldr	r1, [pc, #20]	; (4007c0 <_usart_sync_is_transmit_done+0x20>)
  4007aa:	3000      	adds	r0, #0
  4007ac:	bf18      	it	ne
  4007ae:	2001      	movne	r0, #1
  4007b0:	4b04      	ldr	r3, [pc, #16]	; (4007c4 <_usart_sync_is_transmit_done+0x24>)
  4007b2:	4798      	blx	r3
	return hri_uart_get_SR_TXEMPTY_bit(device->hw);
  4007b4:	6823      	ldr	r3, [r4, #0]
	return (((Uart *)hw)->UART_SR & UART_SR_TXEMPTY) > 0;
  4007b6:	6958      	ldr	r0, [r3, #20]
}
  4007b8:	f3c0 2040 	ubfx	r0, r0, #9, #1
  4007bc:	bd10      	pop	{r4, pc}
  4007be:	bf00      	nop
  4007c0:	00402944 	.word	0x00402944
  4007c4:	004004ad 	.word	0x004004ad

004007c8 <_usart_sync_is_byte_received>:
{
  4007c8:	b510      	push	{r4, lr}
	ASSERT(device);
  4007ca:	4604      	mov	r4, r0
  4007cc:	f240 12cb 	movw	r2, #459	; 0x1cb
  4007d0:	4905      	ldr	r1, [pc, #20]	; (4007e8 <_usart_sync_is_byte_received+0x20>)
  4007d2:	3000      	adds	r0, #0
  4007d4:	bf18      	it	ne
  4007d6:	2001      	movne	r0, #1
  4007d8:	4b04      	ldr	r3, [pc, #16]	; (4007ec <_usart_sync_is_byte_received+0x24>)
  4007da:	4798      	blx	r3
	return hri_uart_get_SR_RXRDY_bit(device->hw);
  4007dc:	6823      	ldr	r3, [r4, #0]
	return (((Uart *)hw)->UART_SR & UART_SR_RXRDY) > 0;
  4007de:	6958      	ldr	r0, [r3, #20]
  4007e0:	f000 0001 	and.w	r0, r0, #1
}
  4007e4:	bd10      	pop	{r4, pc}
  4007e6:	bf00      	nop
  4007e8:	00402944 	.word	0x00402944
  4007ec:	004004ad 	.word	0x004004ad

004007f0 <_uart_get_usart_sync>:
}
  4007f0:	2000      	movs	r0, #0
  4007f2:	4770      	bx	lr

004007f4 <sendMessage>:
void initializeParts(void);
void computationTask1(void *pvParameters);
void computationTask2(void *pvParameters);
void computationTask3(void *pvParameters);

static void sendMessage(char*message){
  4007f4:	b508      	push	{r3, lr}
	io_write(io,message,128);
  4007f6:	2280      	movs	r2, #128	; 0x80
  4007f8:	4601      	mov	r1, r0
  4007fa:	4b02      	ldr	r3, [pc, #8]	; (400804 <sendMessage+0x10>)
  4007fc:	6818      	ldr	r0, [r3, #0]
  4007fe:	4b02      	ldr	r3, [pc, #8]	; (400808 <sendMessage+0x14>)
  400800:	4798      	blx	r3
  400802:	bd08      	pop	{r3, pc}
  400804:	20400b48 	.word	0x20400b48
  400808:	00400311 	.word	0x00400311

0040080c <computationTask1>:
		sendMessage("StartTask Scheduler");
		vTaskStartScheduler();
	}
}

void computationTask1(void *pvParameters){
  40080c:	b508      	push	{r3, lr}
  40080e:	e003      	b.n	400818 <computationTask1+0xc>
			sendMessage("Execute Computation Task 1\n");
			sendMessage("Turn LED ON\n");
			gpio_set_pin_level(LED0, false);
			xSemaphoreGive(mutex);
		}
		vTaskDelay(pdMS_TO_TICKS(1000));
  400810:	f44f 707a 	mov.w	r0, #1000	; 0x3e8
  400814:	4b0d      	ldr	r3, [pc, #52]	; (40084c <computationTask1+0x40>)
  400816:	4798      	blx	r3
		if(xSemaphoreTake(mutex, portMAX_DELAY) == pdTRUE){
  400818:	f04f 31ff 	mov.w	r1, #4294967295
  40081c:	4b0c      	ldr	r3, [pc, #48]	; (400850 <computationTask1+0x44>)
  40081e:	6818      	ldr	r0, [r3, #0]
  400820:	4b0c      	ldr	r3, [pc, #48]	; (400854 <computationTask1+0x48>)
  400822:	4798      	blx	r3
  400824:	2801      	cmp	r0, #1
  400826:	d1f3      	bne.n	400810 <computationTask1+0x4>
			sendMessage("Execute Computation Task 1\n");
  400828:	480b      	ldr	r0, [pc, #44]	; (400858 <computationTask1+0x4c>)
  40082a:	4c0c      	ldr	r4, [pc, #48]	; (40085c <computationTask1+0x50>)
  40082c:	47a0      	blx	r4
			sendMessage("Turn LED ON\n");
  40082e:	480c      	ldr	r0, [pc, #48]	; (400860 <computationTask1+0x54>)
  400830:	47a0      	blx	r4
	((Pio *)hw)->PIO_CODR = mask;
  400832:	f44f 0200 	mov.w	r2, #8388608	; 0x800000
  400836:	4b0b      	ldr	r3, [pc, #44]	; (400864 <computationTask1+0x58>)
  400838:	635a      	str	r2, [r3, #52]	; 0x34
			xSemaphoreGive(mutex);
  40083a:	2300      	movs	r3, #0
  40083c:	461a      	mov	r2, r3
  40083e:	4619      	mov	r1, r3
  400840:	4803      	ldr	r0, [pc, #12]	; (400850 <computationTask1+0x44>)
  400842:	6800      	ldr	r0, [r0, #0]
  400844:	4c08      	ldr	r4, [pc, #32]	; (400868 <computationTask1+0x5c>)
  400846:	47a0      	blx	r4
  400848:	e7e2      	b.n	400810 <computationTask1+0x4>
  40084a:	bf00      	nop
  40084c:	00401f09 	.word	0x00401f09
  400850:	20400b4c 	.word	0x20400b4c
  400854:	004016c1 	.word	0x004016c1
  400858:	0040295c 	.word	0x0040295c
  40085c:	004007f5 	.word	0x004007f5
  400860:	00402978 	.word	0x00402978
  400864:	400e0e00 	.word	0x400e0e00
  400868:	004011d9 	.word	0x004011d9

0040086c <computationTask2>:
	}
}


void computationTask2(void *pvParameters){
  40086c:	b500      	push	{lr}
  40086e:	b083      	sub	sp, #12
  400870:	e00a      	b.n	400888 <computationTask2+0x1c>
			sendMessage("Execute Computation Task 2\n");
			if(computation_tasks3_id == NULL){
				sendMessage("Creates Computation Task 3\n");
				xTaskCreate(computationTask3,"Computation Task 3",configMINIMAL_STACK_SIZE, NULL,2,&computation_tasks3_id);
			}
			xSemaphoreGive(mutex);
  400872:	2300      	movs	r3, #0
  400874:	461a      	mov	r2, r3
  400876:	4619      	mov	r1, r3
  400878:	4812      	ldr	r0, [pc, #72]	; (4008c4 <computationTask2+0x58>)
  40087a:	6800      	ldr	r0, [r0, #0]
  40087c:	4c12      	ldr	r4, [pc, #72]	; (4008c8 <computationTask2+0x5c>)
  40087e:	47a0      	blx	r4
		}
		vTaskDelay(pdMS_TO_TICKS(1000));
  400880:	f44f 707a 	mov.w	r0, #1000	; 0x3e8
  400884:	4b11      	ldr	r3, [pc, #68]	; (4008cc <computationTask2+0x60>)
  400886:	4798      	blx	r3
		if(xSemaphoreTake(mutex, portMAX_DELAY) == pdTRUE){
  400888:	f04f 31ff 	mov.w	r1, #4294967295
  40088c:	4b0d      	ldr	r3, [pc, #52]	; (4008c4 <computationTask2+0x58>)
  40088e:	6818      	ldr	r0, [r3, #0]
  400890:	4b0f      	ldr	r3, [pc, #60]	; (4008d0 <computationTask2+0x64>)
  400892:	4798      	blx	r3
  400894:	2801      	cmp	r0, #1
  400896:	d1f3      	bne.n	400880 <computationTask2+0x14>
			sendMessage("Execute Computation Task 2\n");
  400898:	480e      	ldr	r0, [pc, #56]	; (4008d4 <computationTask2+0x68>)
  40089a:	4b0f      	ldr	r3, [pc, #60]	; (4008d8 <computationTask2+0x6c>)
  40089c:	4798      	blx	r3
			if(computation_tasks3_id == NULL){
  40089e:	4b0f      	ldr	r3, [pc, #60]	; (4008dc <computationTask2+0x70>)
  4008a0:	681b      	ldr	r3, [r3, #0]
  4008a2:	2b00      	cmp	r3, #0
  4008a4:	d1e5      	bne.n	400872 <computationTask2+0x6>
				sendMessage("Creates Computation Task 3\n");
  4008a6:	480e      	ldr	r0, [pc, #56]	; (4008e0 <computationTask2+0x74>)
  4008a8:	4b0b      	ldr	r3, [pc, #44]	; (4008d8 <computationTask2+0x6c>)
  4008aa:	4798      	blx	r3
				xTaskCreate(computationTask3,"Computation Task 3",configMINIMAL_STACK_SIZE, NULL,2,&computation_tasks3_id);
  4008ac:	4b0b      	ldr	r3, [pc, #44]	; (4008dc <computationTask2+0x70>)
  4008ae:	9301      	str	r3, [sp, #4]
  4008b0:	2302      	movs	r3, #2
  4008b2:	9300      	str	r3, [sp, #0]
  4008b4:	2300      	movs	r3, #0
  4008b6:	2240      	movs	r2, #64	; 0x40
  4008b8:	490a      	ldr	r1, [pc, #40]	; (4008e4 <computationTask2+0x78>)
  4008ba:	480b      	ldr	r0, [pc, #44]	; (4008e8 <computationTask2+0x7c>)
  4008bc:	4c0b      	ldr	r4, [pc, #44]	; (4008ec <computationTask2+0x80>)
  4008be:	47a0      	blx	r4
  4008c0:	e7d7      	b.n	400872 <computationTask2+0x6>
  4008c2:	bf00      	nop
  4008c4:	20400b4c 	.word	0x20400b4c
  4008c8:	004011d9 	.word	0x004011d9
  4008cc:	00401f09 	.word	0x00401f09
  4008d0:	004016c1 	.word	0x004016c1
  4008d4:	00402988 	.word	0x00402988
  4008d8:	004007f5 	.word	0x004007f5
  4008dc:	20400ac4 	.word	0x20400ac4
  4008e0:	004029a4 	.word	0x004029a4
  4008e4:	004029c0 	.word	0x004029c0
  4008e8:	004008f1 	.word	0x004008f1
  4008ec:	00401b9d 	.word	0x00401b9d

004008f0 <computationTask3>:
	}
}


void computationTask3(void *pvParameters){
  4008f0:	b508      	push	{r3, lr}
  4008f2:	e003      	b.n	4008fc <computationTask3+0xc>
			sendMessage("Execute Computation Task 3\n");
			sendMessage("Turn LED OFF\n");
			gpio_set_pin_level(LED0, true);
			xSemaphoreGive(mutex);
		}
		vTaskDelay(pdMS_TO_TICKS(1000));
  4008f4:	f44f 707a 	mov.w	r0, #1000	; 0x3e8
  4008f8:	4b0d      	ldr	r3, [pc, #52]	; (400930 <computationTask3+0x40>)
  4008fa:	4798      	blx	r3
		if(xSemaphoreTake(mutex, portMAX_DELAY) == pdTRUE){
  4008fc:	f04f 31ff 	mov.w	r1, #4294967295
  400900:	4b0c      	ldr	r3, [pc, #48]	; (400934 <computationTask3+0x44>)
  400902:	6818      	ldr	r0, [r3, #0]
  400904:	4b0c      	ldr	r3, [pc, #48]	; (400938 <computationTask3+0x48>)
  400906:	4798      	blx	r3
  400908:	2801      	cmp	r0, #1
  40090a:	d1f3      	bne.n	4008f4 <computationTask3+0x4>
			sendMessage("Execute Computation Task 3\n");
  40090c:	480b      	ldr	r0, [pc, #44]	; (40093c <computationTask3+0x4c>)
  40090e:	4c0c      	ldr	r4, [pc, #48]	; (400940 <computationTask3+0x50>)
  400910:	47a0      	blx	r4
			sendMessage("Turn LED OFF\n");
  400912:	480c      	ldr	r0, [pc, #48]	; (400944 <computationTask3+0x54>)
  400914:	47a0      	blx	r4
	((Pio *)hw)->PIO_SODR = mask;
  400916:	f44f 0200 	mov.w	r2, #8388608	; 0x800000
  40091a:	4b0b      	ldr	r3, [pc, #44]	; (400948 <computationTask3+0x58>)
  40091c:	631a      	str	r2, [r3, #48]	; 0x30
			xSemaphoreGive(mutex);
  40091e:	2300      	movs	r3, #0
  400920:	461a      	mov	r2, r3
  400922:	4619      	mov	r1, r3
  400924:	4803      	ldr	r0, [pc, #12]	; (400934 <computationTask3+0x44>)
  400926:	6800      	ldr	r0, [r0, #0]
  400928:	4c08      	ldr	r4, [pc, #32]	; (40094c <computationTask3+0x5c>)
  40092a:	47a0      	blx	r4
  40092c:	e7e2      	b.n	4008f4 <computationTask3+0x4>
  40092e:	bf00      	nop
  400930:	00401f09 	.word	0x00401f09
  400934:	20400b4c 	.word	0x20400b4c
  400938:	004016c1 	.word	0x004016c1
  40093c:	004029d4 	.word	0x004029d4
  400940:	004007f5 	.word	0x004007f5
  400944:	004029f0 	.word	0x004029f0
  400948:	400e0e00 	.word	0x400e0e00
  40094c:	004011d9 	.word	0x004011d9

00400950 <initializeParts>:
void initializeParts(void) {
  400950:	b510      	push	{r4, lr}
	usart_sync_get_io_descriptor(&USART_3, &io);
  400952:	4c08      	ldr	r4, [pc, #32]	; (400974 <initializeParts+0x24>)
  400954:	4908      	ldr	r1, [pc, #32]	; (400978 <initializeParts+0x28>)
  400956:	4620      	mov	r0, r4
  400958:	4b08      	ldr	r3, [pc, #32]	; (40097c <initializeParts+0x2c>)
  40095a:	4798      	blx	r3
	usart_sync_enable(&USART_3);
  40095c:	4620      	mov	r0, r4
  40095e:	4b08      	ldr	r3, [pc, #32]	; (400980 <initializeParts+0x30>)
  400960:	4798      	blx	r3
	((Pio *)hw)->PIO_OER = mask;
  400962:	4b08      	ldr	r3, [pc, #32]	; (400984 <initializeParts+0x34>)
  400964:	f44f 0200 	mov.w	r2, #8388608	; 0x800000
  400968:	611a      	str	r2, [r3, #16]
	((Pio *)hw)->PIO_PPDDR = mask;
  40096a:	f8c3 2090 	str.w	r2, [r3, #144]	; 0x90
	((Pio *)hw)->PIO_PUER = mask;
  40096e:	665a      	str	r2, [r3, #100]	; 0x64
  400970:	bd10      	pop	{r4, pc}
  400972:	bf00      	nop
  400974:	20400ab8 	.word	0x20400ab8
  400978:	20400b48 	.word	0x20400b48
  40097c:	00400485 	.word	0x00400485
  400980:	00400459 	.word	0x00400459
  400984:	400e0e00 	.word	0x400e0e00

00400988 <controlTask>:
void controlTask(void *pvParameters){
  400988:	b530      	push	{r4, r5, lr}
  40098a:	b083      	sub	sp, #12
	mutex = xSemaphoreCreateMutex();
  40098c:	2001      	movs	r0, #1
  40098e:	4b13      	ldr	r3, [pc, #76]	; (4009dc <controlTask+0x54>)
  400990:	4798      	blx	r3
  400992:	4c13      	ldr	r4, [pc, #76]	; (4009e0 <controlTask+0x58>)
  400994:	6020      	str	r0, [r4, #0]
	sendMessage("Enter Control Task");
  400996:	4813      	ldr	r0, [pc, #76]	; (4009e4 <controlTask+0x5c>)
  400998:	4b13      	ldr	r3, [pc, #76]	; (4009e8 <controlTask+0x60>)
  40099a:	4798      	blx	r3
	if(mutex != NULL){
  40099c:	6823      	ldr	r3, [r4, #0]
  40099e:	b1d3      	cbz	r3, 4009d6 <controlTask+0x4e>
		sendMessage("Creates Computation Task 1\n");
  4009a0:	4812      	ldr	r0, [pc, #72]	; (4009ec <controlTask+0x64>)
  4009a2:	4c11      	ldr	r4, [pc, #68]	; (4009e8 <controlTask+0x60>)
  4009a4:	47a0      	blx	r4
		xTaskCreate(computationTask1,"Computation Task 1",configMINIMAL_STACK_SIZE, NULL,1,&computation_tasks1_id);
  4009a6:	4b12      	ldr	r3, [pc, #72]	; (4009f0 <controlTask+0x68>)
  4009a8:	9301      	str	r3, [sp, #4]
  4009aa:	2301      	movs	r3, #1
  4009ac:	9300      	str	r3, [sp, #0]
  4009ae:	2300      	movs	r3, #0
  4009b0:	2240      	movs	r2, #64	; 0x40
  4009b2:	4910      	ldr	r1, [pc, #64]	; (4009f4 <controlTask+0x6c>)
  4009b4:	4810      	ldr	r0, [pc, #64]	; (4009f8 <controlTask+0x70>)
  4009b6:	4d11      	ldr	r5, [pc, #68]	; (4009fc <controlTask+0x74>)
  4009b8:	47a8      	blx	r5
		sendMessage("Creates Computation Task 2\n");
  4009ba:	4811      	ldr	r0, [pc, #68]	; (400a00 <controlTask+0x78>)
  4009bc:	47a0      	blx	r4
		xTaskCreate(computationTask2,"Computation Task 2",configMINIMAL_STACK_SIZE, NULL,0,&computation_tasks2_id);
  4009be:	4b11      	ldr	r3, [pc, #68]	; (400a04 <controlTask+0x7c>)
  4009c0:	9301      	str	r3, [sp, #4]
  4009c2:	2300      	movs	r3, #0
  4009c4:	9300      	str	r3, [sp, #0]
  4009c6:	2240      	movs	r2, #64	; 0x40
  4009c8:	490f      	ldr	r1, [pc, #60]	; (400a08 <controlTask+0x80>)
  4009ca:	4810      	ldr	r0, [pc, #64]	; (400a0c <controlTask+0x84>)
  4009cc:	47a8      	blx	r5
		sendMessage("StartTask Scheduler");
  4009ce:	4810      	ldr	r0, [pc, #64]	; (400a10 <controlTask+0x88>)
  4009d0:	47a0      	blx	r4
		vTaskStartScheduler();
  4009d2:	4b10      	ldr	r3, [pc, #64]	; (400a14 <controlTask+0x8c>)
  4009d4:	4798      	blx	r3
}
  4009d6:	b003      	add	sp, #12
  4009d8:	bd30      	pop	{r4, r5, pc}
  4009da:	bf00      	nop
  4009dc:	004013e5 	.word	0x004013e5
  4009e0:	20400b4c 	.word	0x20400b4c
  4009e4:	00402a00 	.word	0x00402a00
  4009e8:	004007f5 	.word	0x004007f5
  4009ec:	00402a14 	.word	0x00402a14
  4009f0:	20400b54 	.word	0x20400b54
  4009f4:	00402a30 	.word	0x00402a30
  4009f8:	0040080d 	.word	0x0040080d
  4009fc:	00401b9d 	.word	0x00401b9d
  400a00:	00402a44 	.word	0x00402a44
  400a04:	20400b50 	.word	0x20400b50
  400a08:	00402a60 	.word	0x00402a60
  400a0c:	0040086d 	.word	0x0040086d
  400a10:	00402a74 	.word	0x00402a74
  400a14:	00401c11 	.word	0x00401c11

00400a18 <main>:
{
  400a18:	b508      	push	{r3, lr}
	atmel_start_init();
  400a1a:	4b04      	ldr	r3, [pc, #16]	; (400a2c <main+0x14>)
  400a1c:	4798      	blx	r3
	initializeParts();
  400a1e:	4b04      	ldr	r3, [pc, #16]	; (400a30 <main+0x18>)
  400a20:	4798      	blx	r3
	controlTask(NULL);
  400a22:	2000      	movs	r0, #0
  400a24:	4b03      	ldr	r3, [pc, #12]	; (400a34 <main+0x1c>)
  400a26:	4798      	blx	r3
}
  400a28:	2000      	movs	r0, #0
  400a2a:	bd08      	pop	{r3, pc}
  400a2c:	004001d5 	.word	0x004001d5
  400a30:	00400951 	.word	0x00400951
  400a34:	00400989 	.word	0x00400989

00400a38 <vListInitialise>:
void vListInitialise(List_t *const pxList)
{
	/* The list structure contains a list item which is used to mark the
	end of the list.  To initialise the list the list end is inserted
	as the only list entry. */
	pxList->pxIndex = (ListItem_t *)&(
  400a38:	f100 0308 	add.w	r3, r0, #8
  400a3c:	6043      	str	r3, [r0, #4]
	    pxList->xListEnd); /*lint !e826 !e740 The mini list structure is used as the list end to save RAM.  This is
	                          checked and valid. */

	/* The list end value is the highest possible value in the list to
	ensure it remains at the end of the list. */
	pxList->xListEnd.xItemValue = portMAX_DELAY;
  400a3e:	f04f 32ff 	mov.w	r2, #4294967295
  400a42:	6082      	str	r2, [r0, #8]

	/* The list end next and previous pointers point to itself so we know
	when the list is empty. */
	pxList->xListEnd.pxNext = (ListItem_t *)&(pxList->xListEnd); /*lint !e826 !e740 The mini list structure is used as
  400a44:	60c3      	str	r3, [r0, #12]
	                                                                the list end to save RAM.  This is checked and
	                                                                valid. */
	pxList->xListEnd.pxPrevious = (ListItem_t *)&(
  400a46:	6103      	str	r3, [r0, #16]
	    pxList->xListEnd); /*lint !e826 !e740 The mini list structure is used as the list end to save RAM.  This is
	                          checked and valid. */

	pxList->uxNumberOfItems = (UBaseType_t)0U;
  400a48:	2300      	movs	r3, #0
  400a4a:	6003      	str	r3, [r0, #0]
  400a4c:	4770      	bx	lr

00400a4e <vListInitialiseItem>:
/*-----------------------------------------------------------*/

void vListInitialiseItem(ListItem_t *const pxItem)
{
	/* Make sure the list item is not recorded as being on a list. */
	pxItem->pvContainer = NULL;
  400a4e:	2300      	movs	r3, #0
  400a50:	6103      	str	r3, [r0, #16]
  400a52:	4770      	bx	lr

00400a54 <vListInsertEnd>:
}
/*-----------------------------------------------------------*/

void vListInsertEnd(List_t *const pxList, ListItem_t *const pxNewListItem)
{
	ListItem_t *const pxIndex = pxList->pxIndex;
  400a54:	6843      	ldr	r3, [r0, #4]
	listTEST_LIST_ITEM_INTEGRITY(pxNewListItem);

	/* Insert a new list item into pxList, but rather than sort the list,
	makes the new list item the last item to be removed by a call to
	listGET_OWNER_OF_NEXT_ENTRY(). */
	pxNewListItem->pxNext     = pxIndex;
  400a56:	604b      	str	r3, [r1, #4]
	pxNewListItem->pxPrevious = pxIndex->pxPrevious;
  400a58:	689a      	ldr	r2, [r3, #8]
  400a5a:	608a      	str	r2, [r1, #8]

	/* Only used during decision coverage testing. */
	mtCOVERAGE_TEST_DELAY();

	pxIndex->pxPrevious->pxNext = pxNewListItem;
  400a5c:	689a      	ldr	r2, [r3, #8]
  400a5e:	6051      	str	r1, [r2, #4]
	pxIndex->pxPrevious         = pxNewListItem;
  400a60:	6099      	str	r1, [r3, #8]

	/* Remember which list the item is in. */
	pxNewListItem->pvContainer = (void *)pxList;
  400a62:	6108      	str	r0, [r1, #16]

	(pxList->uxNumberOfItems)++;
  400a64:	6803      	ldr	r3, [r0, #0]
  400a66:	3301      	adds	r3, #1
  400a68:	6003      	str	r3, [r0, #0]
  400a6a:	4770      	bx	lr

00400a6c <vListInsert>:
}
/*-----------------------------------------------------------*/

void vListInsert(List_t *const pxList, ListItem_t *const pxNewListItem)
{
  400a6c:	b430      	push	{r4, r5}
	ListItem_t *     pxIterator;
	const TickType_t xValueOfInsertion = pxNewListItem->xItemValue;
  400a6e:	680d      	ldr	r5, [r1, #0]
	new list item should be placed after it.  This ensures that TCB's which are
	stored in ready lists (all of which have the same xItemValue value) get a
	share of the CPU.  However, if the xItemValue is the same as the back marker
	the iteration loop below will not end.  Therefore the value is checked
	first, and the algorithm slightly modified if necessary. */
	if (xValueOfInsertion == portMAX_DELAY) {
  400a70:	f1b5 3fff 	cmp.w	r5, #4294967295
  400a74:	d002      	beq.n	400a7c <vListInsert+0x10>
		    4) Using a queue or semaphore before it has been initialised or
		       before the scheduler has been started (are interrupts firing
		       before vTaskStartScheduler() has been called?).
		**********************************************************************/

		for (pxIterator = (ListItem_t *)&(pxList->xListEnd); pxIterator->pxNext->xItemValue <= xValueOfInsertion;
  400a76:	f100 0208 	add.w	r2, r0, #8
  400a7a:	e002      	b.n	400a82 <vListInsert+0x16>
		pxIterator = pxList->xListEnd.pxPrevious;
  400a7c:	6902      	ldr	r2, [r0, #16]
  400a7e:	e004      	b.n	400a8a <vListInsert+0x1e>
		     pxIterator
		     = pxIterator
  400a80:	461a      	mov	r2, r3
		for (pxIterator = (ListItem_t *)&(pxList->xListEnd); pxIterator->pxNext->xItemValue <= xValueOfInsertion;
  400a82:	6853      	ldr	r3, [r2, #4]
  400a84:	681c      	ldr	r4, [r3, #0]
  400a86:	42a5      	cmp	r5, r4
  400a88:	d2fa      	bcs.n	400a80 <vListInsert+0x14>
			/* There is nothing to do here, just iterating to the wanted
			insertion position. */
		}
	}

	pxNewListItem->pxNext             = pxIterator->pxNext;
  400a8a:	6853      	ldr	r3, [r2, #4]
  400a8c:	604b      	str	r3, [r1, #4]
	pxNewListItem->pxNext->pxPrevious = pxNewListItem;
  400a8e:	6099      	str	r1, [r3, #8]
	pxNewListItem->pxPrevious         = pxIterator;
  400a90:	608a      	str	r2, [r1, #8]
	pxIterator->pxNext                = pxNewListItem;
  400a92:	6051      	str	r1, [r2, #4]

	/* Remember which list the item is in.  This allows fast removal of the
	item later. */
	pxNewListItem->pvContainer = (void *)pxList;
  400a94:	6108      	str	r0, [r1, #16]

	(pxList->uxNumberOfItems)++;
  400a96:	6803      	ldr	r3, [r0, #0]
  400a98:	3301      	adds	r3, #1
  400a9a:	6003      	str	r3, [r0, #0]
}
  400a9c:	bc30      	pop	{r4, r5}
  400a9e:	4770      	bx	lr

00400aa0 <uxListRemove>:

UBaseType_t uxListRemove(ListItem_t *const pxItemToRemove)
{
	/* The list item knows which list it is in.  Obtain the list from the list
	item. */
	List_t *const pxList = (List_t *)pxItemToRemove->pvContainer;
  400aa0:	6903      	ldr	r3, [r0, #16]

	pxItemToRemove->pxNext->pxPrevious = pxItemToRemove->pxPrevious;
  400aa2:	6842      	ldr	r2, [r0, #4]
  400aa4:	6881      	ldr	r1, [r0, #8]
  400aa6:	6091      	str	r1, [r2, #8]
	pxItemToRemove->pxPrevious->pxNext = pxItemToRemove->pxNext;
  400aa8:	6882      	ldr	r2, [r0, #8]
  400aaa:	6841      	ldr	r1, [r0, #4]
  400aac:	6051      	str	r1, [r2, #4]

	/* Only used during decision coverage testing. */
	mtCOVERAGE_TEST_DELAY();

	/* Make sure the index is left pointing to a valid item. */
	if (pxList->pxIndex == pxItemToRemove) {
  400aae:	685a      	ldr	r2, [r3, #4]
  400ab0:	4290      	cmp	r0, r2
  400ab2:	d006      	beq.n	400ac2 <uxListRemove+0x22>
		pxList->pxIndex = pxItemToRemove->pxPrevious;
	} else {
		mtCOVERAGE_TEST_MARKER();
	}

	pxItemToRemove->pvContainer = NULL;
  400ab4:	2200      	movs	r2, #0
  400ab6:	6102      	str	r2, [r0, #16]
	(pxList->uxNumberOfItems)--;
  400ab8:	681a      	ldr	r2, [r3, #0]
  400aba:	3a01      	subs	r2, #1
  400abc:	601a      	str	r2, [r3, #0]

	return pxList->uxNumberOfItems;
  400abe:	6818      	ldr	r0, [r3, #0]
}
  400ac0:	4770      	bx	lr
		pxList->pxIndex = pxItemToRemove->pxPrevious;
  400ac2:	6882      	ldr	r2, [r0, #8]
  400ac4:	605a      	str	r2, [r3, #4]
  400ac6:	e7f5      	b.n	400ab4 <uxListRemove+0x14>

00400ac8 <prvTaskExitError>:
	return pxTopOfStack;
}
/*-----------------------------------------------------------*/

static void prvTaskExitError(void)
{
  400ac8:	b082      	sub	sp, #8
	volatile uint32_t ulDummy = 0;
  400aca:	2300      	movs	r3, #0
  400acc:	9301      	str	r3, [sp, #4]
	its caller as there is nothing to return to.  If a task wants to exit it
	should instead call vTaskDelete( NULL ).

	Artificially force an assert() to be triggered if configASSERT() is
	defined, then stop here so application writers can catch the error. */
	configASSERT(uxCriticalNesting == ~0UL);
  400ace:	4b0f      	ldr	r3, [pc, #60]	; (400b0c <prvTaskExitError+0x44>)
  400ad0:	681b      	ldr	r3, [r3, #0]
  400ad2:	f1b3 3fff 	cmp.w	r3, #4294967295
  400ad6:	d00a      	beq.n	400aee <prvTaskExitError+0x26>

portFORCE_INLINE static void vPortRaiseBASEPRI(void)
{
	uint32_t ulNewBASEPRI;

	__asm volatile("	mov %0, %1												\n"
  400ad8:	f04f 0380 	mov.w	r3, #128	; 0x80
  400adc:	b672      	cpsid	i
  400ade:	f383 8811 	msr	BASEPRI, r3
  400ae2:	f3bf 8f6f 	isb	sy
  400ae6:	f3bf 8f4f 	dsb	sy
  400aea:	b662      	cpsie	i
  400aec:	e7fe      	b.n	400aec <prvTaskExitError+0x24>
  400aee:	f04f 0380 	mov.w	r3, #128	; 0x80
  400af2:	b672      	cpsid	i
  400af4:	f383 8811 	msr	BASEPRI, r3
  400af8:	f3bf 8f6f 	isb	sy
  400afc:	f3bf 8f4f 	dsb	sy
  400b00:	b662      	cpsie	i
	portDISABLE_INTERRUPTS();
	while (ulDummy == 0) {
  400b02:	9b01      	ldr	r3, [sp, #4]
  400b04:	2b00      	cmp	r3, #0
  400b06:	d0fc      	beq.n	400b02 <prvTaskExitError+0x3a>
		about code appearing after this function is called - making ulDummy
		volatile makes the compiler think the function could return and
		therefore not output an 'unreachable code' warning for code that appears
		after it. */
	}
}
  400b08:	b002      	add	sp, #8
  400b0a:	4770      	bx	lr
  400b0c:	20400000 	.word	0x20400000

00400b10 <prvPortStartFirstTask>:
{
	/* Start the first task.  This also clears the bit that indicates the FPU is
	in use in case the FPU was used before the scheduler was started - which
	would otherwise result in the unnecessary leaving of space in the SVC stack
	for lazy saving of FPU registers. */
	__asm volatile(" ldr r0, =0xE000ED08 	\n" /* Use the NVIC offset register to locate the stack. */
  400b10:	4808      	ldr	r0, [pc, #32]	; (400b34 <prvPortStartFirstTask+0x24>)
  400b12:	6800      	ldr	r0, [r0, #0]
  400b14:	6800      	ldr	r0, [r0, #0]
  400b16:	f380 8808 	msr	MSP, r0
  400b1a:	f04f 0000 	mov.w	r0, #0
  400b1e:	f380 8814 	msr	CONTROL, r0
  400b22:	b662      	cpsie	i
  400b24:	b661      	cpsie	f
  400b26:	f3bf 8f4f 	dsb	sy
  400b2a:	f3bf 8f6f 	isb	sy
  400b2e:	df00      	svc	0
  400b30:	bf00      	nop
  400b32:	0000      	.short	0x0000
  400b34:	e000ed08 	.word	0xe000ed08

00400b38 <vPortEnableVFP>:
/*-----------------------------------------------------------*/

/* This is a naked function. */
static void vPortEnableVFP(void)
{
	__asm volatile("	ldr.w r0, =0xE000ED88		\n" /* The FPU enable bits are in the CPACR. */
  400b38:	f8df 000c 	ldr.w	r0, [pc, #12]	; 400b48 <vPortEnableVFP+0x10>
  400b3c:	6801      	ldr	r1, [r0, #0]
  400b3e:	f441 0170 	orr.w	r1, r1, #15728640	; 0xf00000
  400b42:	6001      	str	r1, [r0, #0]
  400b44:	4770      	bx	lr
  400b46:	0000      	.short	0x0000
  400b48:	e000ed88 	.word	0xe000ed88

00400b4c <pxPortInitialiseStack>:
	*pxTopOfStack = portINITIAL_XPSR; /* xPSR */
  400b4c:	f04f 7380 	mov.w	r3, #16777216	; 0x1000000
  400b50:	f840 3c04 	str.w	r3, [r0, #-4]
	*pxTopOfStack = ((StackType_t)pxCode) & portSTART_ADDRESS_MASK; /* PC */
  400b54:	f021 0101 	bic.w	r1, r1, #1
  400b58:	f840 1c08 	str.w	r1, [r0, #-8]
	*pxTopOfStack = (StackType_t)portTASK_RETURN_ADDRESS; /* LR */
  400b5c:	4b05      	ldr	r3, [pc, #20]	; (400b74 <pxPortInitialiseStack+0x28>)
  400b5e:	f840 3c0c 	str.w	r3, [r0, #-12]
	*pxTopOfStack = (StackType_t)pvParameters; /* R0 */
  400b62:	f840 2c20 	str.w	r2, [r0, #-32]
	*pxTopOfStack = portINITIAL_EXC_RETURN;
  400b66:	f06f 0302 	mvn.w	r3, #2
  400b6a:	f840 3c24 	str.w	r3, [r0, #-36]
}
  400b6e:	3844      	subs	r0, #68	; 0x44
  400b70:	4770      	bx	lr
  400b72:	bf00      	nop
  400b74:	00400ac9 	.word	0x00400ac9
	...

00400b80 <SVCall_Handler>:
	__asm volatile("	ldr	r3, pxCurrentTCBConst2		\n" /* Restore the context. */
  400b80:	4b07      	ldr	r3, [pc, #28]	; (400ba0 <pxCurrentTCBConst2>)
  400b82:	6819      	ldr	r1, [r3, #0]
  400b84:	6808      	ldr	r0, [r1, #0]
  400b86:	e8b0 4ff0 	ldmia.w	r0!, {r4, r5, r6, r7, r8, r9, sl, fp, lr}
  400b8a:	f380 8809 	msr	PSP, r0
  400b8e:	f3bf 8f6f 	isb	sy
  400b92:	f04f 0000 	mov.w	r0, #0
  400b96:	f380 8811 	msr	BASEPRI, r0
  400b9a:	4770      	bx	lr
  400b9c:	f3af 8000 	nop.w

00400ba0 <pxCurrentTCBConst2>:
  400ba0:	20400a54 	.word	0x20400a54

00400ba4 <vPortEnterCritical>:
  400ba4:	f04f 0380 	mov.w	r3, #128	; 0x80
  400ba8:	b672      	cpsid	i
  400baa:	f383 8811 	msr	BASEPRI, r3
  400bae:	f3bf 8f6f 	isb	sy
  400bb2:	f3bf 8f4f 	dsb	sy
  400bb6:	b662      	cpsie	i
	uxCriticalNesting++;
  400bb8:	4a0b      	ldr	r2, [pc, #44]	; (400be8 <vPortEnterCritical+0x44>)
  400bba:	6813      	ldr	r3, [r2, #0]
  400bbc:	3301      	adds	r3, #1
  400bbe:	6013      	str	r3, [r2, #0]
	if (uxCriticalNesting == 1) {
  400bc0:	2b01      	cmp	r3, #1
  400bc2:	d10f      	bne.n	400be4 <vPortEnterCritical+0x40>
		configASSERT((portNVIC_INT_CTRL_REG & portVECTACTIVE_MASK) == 0);
  400bc4:	4b09      	ldr	r3, [pc, #36]	; (400bec <vPortEnterCritical+0x48>)
  400bc6:	681b      	ldr	r3, [r3, #0]
  400bc8:	f013 0fff 	tst.w	r3, #255	; 0xff
  400bcc:	d00a      	beq.n	400be4 <vPortEnterCritical+0x40>
  400bce:	f04f 0380 	mov.w	r3, #128	; 0x80
  400bd2:	b672      	cpsid	i
  400bd4:	f383 8811 	msr	BASEPRI, r3
  400bd8:	f3bf 8f6f 	isb	sy
  400bdc:	f3bf 8f4f 	dsb	sy
  400be0:	b662      	cpsie	i
  400be2:	e7fe      	b.n	400be2 <vPortEnterCritical+0x3e>
  400be4:	4770      	bx	lr
  400be6:	bf00      	nop
  400be8:	20400000 	.word	0x20400000
  400bec:	e000ed04 	.word	0xe000ed04

00400bf0 <vPortExitCritical>:
	configASSERT(uxCriticalNesting);
  400bf0:	4b0a      	ldr	r3, [pc, #40]	; (400c1c <vPortExitCritical+0x2c>)
  400bf2:	681b      	ldr	r3, [r3, #0]
  400bf4:	b953      	cbnz	r3, 400c0c <vPortExitCritical+0x1c>
  400bf6:	f04f 0380 	mov.w	r3, #128	; 0x80
  400bfa:	b672      	cpsid	i
  400bfc:	f383 8811 	msr	BASEPRI, r3
  400c00:	f3bf 8f6f 	isb	sy
  400c04:	f3bf 8f4f 	dsb	sy
  400c08:	b662      	cpsie	i
  400c0a:	e7fe      	b.n	400c0a <vPortExitCritical+0x1a>
	uxCriticalNesting--;
  400c0c:	3b01      	subs	r3, #1
  400c0e:	4a03      	ldr	r2, [pc, #12]	; (400c1c <vPortExitCritical+0x2c>)
  400c10:	6013      	str	r3, [r2, #0]
	if (uxCriticalNesting == 0) {
  400c12:	b90b      	cbnz	r3, 400c18 <vPortExitCritical+0x28>
}
/*-----------------------------------------------------------*/

portFORCE_INLINE static void vPortSetBASEPRI(uint32_t ulNewMaskValue)
{
	__asm volatile("	msr basepri, %0	" ::"r"(ulNewMaskValue) : "memory");
  400c14:	f383 8811 	msr	BASEPRI, r3
  400c18:	4770      	bx	lr
  400c1a:	bf00      	nop
  400c1c:	20400000 	.word	0x20400000

00400c20 <PendSV_Handler>:
	__asm volatile(
  400c20:	f3ef 8009 	mrs	r0, PSP
  400c24:	f3bf 8f6f 	isb	sy
  400c28:	4b15      	ldr	r3, [pc, #84]	; (400c80 <pxCurrentTCBConst>)
  400c2a:	681a      	ldr	r2, [r3, #0]
  400c2c:	f01e 0f10 	tst.w	lr, #16
  400c30:	bf08      	it	eq
  400c32:	ed20 8a10 	vstmdbeq	r0!, {s16-s31}
  400c36:	e920 4ff0 	stmdb	r0!, {r4, r5, r6, r7, r8, r9, sl, fp, lr}
  400c3a:	6010      	str	r0, [r2, #0]
  400c3c:	e92d 0009 	stmdb	sp!, {r0, r3}
  400c40:	f04f 0080 	mov.w	r0, #128	; 0x80
  400c44:	b672      	cpsid	i
  400c46:	f380 8811 	msr	BASEPRI, r0
  400c4a:	f3bf 8f4f 	dsb	sy
  400c4e:	f3bf 8f6f 	isb	sy
  400c52:	b662      	cpsie	i
  400c54:	f001 f988 	bl	401f68 <vTaskSwitchContext>
  400c58:	f04f 0000 	mov.w	r0, #0
  400c5c:	f380 8811 	msr	BASEPRI, r0
  400c60:	bc09      	pop	{r0, r3}
  400c62:	6819      	ldr	r1, [r3, #0]
  400c64:	6808      	ldr	r0, [r1, #0]
  400c66:	e8b0 4ff0 	ldmia.w	r0!, {r4, r5, r6, r7, r8, r9, sl, fp, lr}
  400c6a:	f01e 0f10 	tst.w	lr, #16
  400c6e:	bf08      	it	eq
  400c70:	ecb0 8a10 	vldmiaeq	r0!, {s16-s31}
  400c74:	f380 8809 	msr	PSP, r0
  400c78:	f3bf 8f6f 	isb	sy
  400c7c:	4770      	bx	lr
  400c7e:	bf00      	nop

00400c80 <pxCurrentTCBConst>:
  400c80:	20400a54 	.word	0x20400a54

00400c84 <SysTick_Handler>:
{
  400c84:	b508      	push	{r3, lr}
	__asm volatile("	mov %0, %1												\n"
  400c86:	f04f 0380 	mov.w	r3, #128	; 0x80
  400c8a:	b672      	cpsid	i
  400c8c:	f383 8811 	msr	BASEPRI, r3
  400c90:	f3bf 8f6f 	isb	sy
  400c94:	f3bf 8f4f 	dsb	sy
  400c98:	b662      	cpsie	i
		if (xTaskIncrementTick() != pdFALSE) {
  400c9a:	4b05      	ldr	r3, [pc, #20]	; (400cb0 <SysTick_Handler+0x2c>)
  400c9c:	4798      	blx	r3
  400c9e:	b118      	cbz	r0, 400ca8 <SysTick_Handler+0x24>
			portNVIC_INT_CTRL_REG = portNVIC_PENDSVSET_BIT;
  400ca0:	f04f 5280 	mov.w	r2, #268435456	; 0x10000000
  400ca4:	4b03      	ldr	r3, [pc, #12]	; (400cb4 <SysTick_Handler+0x30>)
  400ca6:	601a      	str	r2, [r3, #0]
	__asm volatile("	msr basepri, %0	" ::"r"(ulNewMaskValue) : "memory");
  400ca8:	2300      	movs	r3, #0
  400caa:	f383 8811 	msr	BASEPRI, r3
  400cae:	bd08      	pop	{r3, pc}
  400cb0:	00401cc1 	.word	0x00401cc1
  400cb4:	e000ed04 	.word	0xe000ed04

00400cb8 <vPortSetupTimerInterrupt>:
	portNVIC_SYSTICK_CTRL_REG          = 0UL;
  400cb8:	4b05      	ldr	r3, [pc, #20]	; (400cd0 <vPortSetupTimerInterrupt+0x18>)
  400cba:	2200      	movs	r2, #0
  400cbc:	601a      	str	r2, [r3, #0]
	portNVIC_SYSTICK_CURRENT_VALUE_REG = 0UL;
  400cbe:	4905      	ldr	r1, [pc, #20]	; (400cd4 <vPortSetupTimerInterrupt+0x1c>)
  400cc0:	600a      	str	r2, [r1, #0]
	portNVIC_SYSTICK_LOAD_REG = (configSYSTICK_CLOCK_HZ / configTICK_RATE_HZ) - 1UL;
  400cc2:	4905      	ldr	r1, [pc, #20]	; (400cd8 <vPortSetupTimerInterrupt+0x20>)
  400cc4:	4a05      	ldr	r2, [pc, #20]	; (400cdc <vPortSetupTimerInterrupt+0x24>)
  400cc6:	6011      	str	r1, [r2, #0]
	portNVIC_SYSTICK_CTRL_REG = (portNVIC_SYSTICK_CLK_BIT | portNVIC_SYSTICK_INT_BIT | portNVIC_SYSTICK_ENABLE_BIT);
  400cc8:	2207      	movs	r2, #7
  400cca:	601a      	str	r2, [r3, #0]
  400ccc:	4770      	bx	lr
  400cce:	bf00      	nop
  400cd0:	e000e010 	.word	0xe000e010
  400cd4:	e000e018 	.word	0xe000e018
  400cd8:	000493df 	.word	0x000493df
  400cdc:	e000e014 	.word	0xe000e014

00400ce0 <xPortStartScheduler>:
{
  400ce0:	b510      	push	{r4, lr}
  400ce2:	b082      	sub	sp, #8
		ulOriginalPriority = *pucFirstUserPriorityRegister;
  400ce4:	4b2b      	ldr	r3, [pc, #172]	; (400d94 <xPortStartScheduler+0xb4>)
  400ce6:	781a      	ldrb	r2, [r3, #0]
  400ce8:	b2d2      	uxtb	r2, r2
  400cea:	9201      	str	r2, [sp, #4]
		*pucFirstUserPriorityRegister = portMAX_8_BIT_VALUE;
  400cec:	22ff      	movs	r2, #255	; 0xff
  400cee:	701a      	strb	r2, [r3, #0]
		ucMaxPriorityValue = *pucFirstUserPriorityRegister;
  400cf0:	781b      	ldrb	r3, [r3, #0]
  400cf2:	b2db      	uxtb	r3, r3
  400cf4:	f88d 3003 	strb.w	r3, [sp, #3]
		ucMaxSysCallPriority = configMAX_SYSCALL_INTERRUPT_PRIORITY & ucMaxPriorityValue;
  400cf8:	f89d 3003 	ldrb.w	r3, [sp, #3]
  400cfc:	f003 0380 	and.w	r3, r3, #128	; 0x80
  400d00:	4a25      	ldr	r2, [pc, #148]	; (400d98 <xPortStartScheduler+0xb8>)
  400d02:	7013      	strb	r3, [r2, #0]
		ulMaxPRIGROUPValue = portMAX_PRIGROUP_BITS;
  400d04:	2307      	movs	r3, #7
  400d06:	6053      	str	r3, [r2, #4]
		while ((ucMaxPriorityValue & portTOP_BIT_OF_BYTE) == portTOP_BIT_OF_BYTE) {
  400d08:	e009      	b.n	400d1e <xPortStartScheduler+0x3e>
			ulMaxPRIGROUPValue--;
  400d0a:	4a23      	ldr	r2, [pc, #140]	; (400d98 <xPortStartScheduler+0xb8>)
  400d0c:	6853      	ldr	r3, [r2, #4]
  400d0e:	3b01      	subs	r3, #1
  400d10:	6053      	str	r3, [r2, #4]
			ucMaxPriorityValue <<= (uint8_t)0x01;
  400d12:	f89d 3003 	ldrb.w	r3, [sp, #3]
  400d16:	005b      	lsls	r3, r3, #1
  400d18:	b2db      	uxtb	r3, r3
  400d1a:	f88d 3003 	strb.w	r3, [sp, #3]
		while ((ucMaxPriorityValue & portTOP_BIT_OF_BYTE) == portTOP_BIT_OF_BYTE) {
  400d1e:	f89d 3003 	ldrb.w	r3, [sp, #3]
  400d22:	f013 0f80 	tst.w	r3, #128	; 0x80
  400d26:	d1f0      	bne.n	400d0a <xPortStartScheduler+0x2a>
			configASSERT((portMAX_PRIGROUP_BITS - ulMaxPRIGROUPValue) == configPRIO_BITS);
  400d28:	4b1b      	ldr	r3, [pc, #108]	; (400d98 <xPortStartScheduler+0xb8>)
  400d2a:	685b      	ldr	r3, [r3, #4]
  400d2c:	2b04      	cmp	r3, #4
  400d2e:	d00a      	beq.n	400d46 <xPortStartScheduler+0x66>
	__asm volatile("	mov %0, %1												\n"
  400d30:	f04f 0380 	mov.w	r3, #128	; 0x80
  400d34:	b672      	cpsid	i
  400d36:	f383 8811 	msr	BASEPRI, r3
  400d3a:	f3bf 8f6f 	isb	sy
  400d3e:	f3bf 8f4f 	dsb	sy
  400d42:	b662      	cpsie	i
  400d44:	e7fe      	b.n	400d44 <xPortStartScheduler+0x64>
		ulMaxPRIGROUPValue <<= portPRIGROUP_SHIFT;
  400d46:	021b      	lsls	r3, r3, #8
		ulMaxPRIGROUPValue &= portPRIORITY_GROUP_MASK;
  400d48:	f403 63e0 	and.w	r3, r3, #1792	; 0x700
  400d4c:	4a12      	ldr	r2, [pc, #72]	; (400d98 <xPortStartScheduler+0xb8>)
  400d4e:	6053      	str	r3, [r2, #4]
		*pucFirstUserPriorityRegister = ulOriginalPriority;
  400d50:	9b01      	ldr	r3, [sp, #4]
  400d52:	b2db      	uxtb	r3, r3
  400d54:	4a0f      	ldr	r2, [pc, #60]	; (400d94 <xPortStartScheduler+0xb4>)
  400d56:	7013      	strb	r3, [r2, #0]
	portNVIC_SYSPRI2_REG |= portNVIC_PENDSV_PRI;
  400d58:	4b10      	ldr	r3, [pc, #64]	; (400d9c <xPortStartScheduler+0xbc>)
  400d5a:	681a      	ldr	r2, [r3, #0]
  400d5c:	f442 0260 	orr.w	r2, r2, #14680064	; 0xe00000
  400d60:	601a      	str	r2, [r3, #0]
	portNVIC_SYSPRI2_REG |= portNVIC_SYSTICK_PRI;
  400d62:	681a      	ldr	r2, [r3, #0]
  400d64:	f042 4260 	orr.w	r2, r2, #3758096384	; 0xe0000000
  400d68:	601a      	str	r2, [r3, #0]
	vPortSetupTimerInterrupt();
  400d6a:	4b0d      	ldr	r3, [pc, #52]	; (400da0 <xPortStartScheduler+0xc0>)
  400d6c:	4798      	blx	r3
	uxCriticalNesting = 0;
  400d6e:	2400      	movs	r4, #0
  400d70:	4b0c      	ldr	r3, [pc, #48]	; (400da4 <xPortStartScheduler+0xc4>)
  400d72:	601c      	str	r4, [r3, #0]
	vPortEnableVFP();
  400d74:	4b0c      	ldr	r3, [pc, #48]	; (400da8 <xPortStartScheduler+0xc8>)
  400d76:	4798      	blx	r3
	*(portFPCCR) |= portASPEN_AND_LSPEN_BITS;
  400d78:	4a0c      	ldr	r2, [pc, #48]	; (400dac <xPortStartScheduler+0xcc>)
  400d7a:	6813      	ldr	r3, [r2, #0]
  400d7c:	f043 4340 	orr.w	r3, r3, #3221225472	; 0xc0000000
  400d80:	6013      	str	r3, [r2, #0]
	prvPortStartFirstTask();
  400d82:	4b0b      	ldr	r3, [pc, #44]	; (400db0 <xPortStartScheduler+0xd0>)
  400d84:	4798      	blx	r3
	vTaskSwitchContext();
  400d86:	4b0b      	ldr	r3, [pc, #44]	; (400db4 <xPortStartScheduler+0xd4>)
  400d88:	4798      	blx	r3
	prvTaskExitError();
  400d8a:	4b0b      	ldr	r3, [pc, #44]	; (400db8 <xPortStartScheduler+0xd8>)
  400d8c:	4798      	blx	r3
}
  400d8e:	4620      	mov	r0, r4
  400d90:	b002      	add	sp, #8
  400d92:	bd10      	pop	{r4, pc}
  400d94:	e000e400 	.word	0xe000e400
  400d98:	20400020 	.word	0x20400020
  400d9c:	e000ed20 	.word	0xe000ed20
  400da0:	00400cb9 	.word	0x00400cb9
  400da4:	20400000 	.word	0x20400000
  400da8:	00400b39 	.word	0x00400b39
  400dac:	e000ef34 	.word	0xe000ef34
  400db0:	00400b11 	.word	0x00400b11
  400db4:	00401f69 	.word	0x00401f69
  400db8:	00400ac9 	.word	0x00400ac9

00400dbc <vPortValidateInterruptPriority>:
{
	uint32_t ulCurrentInterrupt;
	uint8_t  ucCurrentPriority;

	/* Obtain the number of the currently executing interrupt. */
	__asm volatile("mrs %0, ipsr" : "=r"(ulCurrentInterrupt)::"memory");
  400dbc:	f3ef 8305 	mrs	r3, IPSR

	/* Is the interrupt number a user defined interrupt? */
	if (ulCurrentInterrupt >= portFIRST_USER_INTERRUPT_NUMBER) {
  400dc0:	2b0f      	cmp	r3, #15
  400dc2:	d911      	bls.n	400de8 <vPortValidateInterruptPriority+0x2c>
		/* Look up the interrupt's priority. */
		ucCurrentPriority = pcInterruptPriorityRegisters[ulCurrentInterrupt];
  400dc4:	4a12      	ldr	r2, [pc, #72]	; (400e10 <vPortValidateInterruptPriority+0x54>)
  400dc6:	5c9b      	ldrb	r3, [r3, r2]
  400dc8:	b2db      	uxtb	r3, r3
		interrupt entry is as fast and simple as possible.

		The following links provide detailed information:
		http://www.freertos.org/RTOS-Cortex-M3-M4.html
		http://www.freertos.org/FAQHelp.html */
		configASSERT(ucCurrentPriority >= ucMaxSysCallPriority);
  400dca:	4a12      	ldr	r2, [pc, #72]	; (400e14 <vPortValidateInterruptPriority+0x58>)
  400dcc:	7812      	ldrb	r2, [r2, #0]
  400dce:	4293      	cmp	r3, r2
  400dd0:	d20a      	bcs.n	400de8 <vPortValidateInterruptPriority+0x2c>
  400dd2:	f04f 0380 	mov.w	r3, #128	; 0x80
  400dd6:	b672      	cpsid	i
  400dd8:	f383 8811 	msr	BASEPRI, r3
  400ddc:	f3bf 8f6f 	isb	sy
  400de0:	f3bf 8f4f 	dsb	sy
  400de4:	b662      	cpsie	i
  400de6:	e7fe      	b.n	400de6 <vPortValidateInterruptPriority+0x2a>
	configuration then the correct setting can be achieved on all Cortex-M
	devices by calling NVIC_SetPriorityGrouping( 0 ); before starting the
	scheduler.  Note however that some vendor specific peripheral libraries
	assume a non-zero priority group setting, in which cases using a value
	of zero will result in unpredictable behaviour. */
	configASSERT((portAIRCR_REG & portPRIORITY_GROUP_MASK) <= ulMaxPRIGROUPValue);
  400de8:	4b0b      	ldr	r3, [pc, #44]	; (400e18 <vPortValidateInterruptPriority+0x5c>)
  400dea:	681b      	ldr	r3, [r3, #0]
  400dec:	f403 63e0 	and.w	r3, r3, #1792	; 0x700
  400df0:	4a08      	ldr	r2, [pc, #32]	; (400e14 <vPortValidateInterruptPriority+0x58>)
  400df2:	6852      	ldr	r2, [r2, #4]
  400df4:	4293      	cmp	r3, r2
  400df6:	d90a      	bls.n	400e0e <vPortValidateInterruptPriority+0x52>
  400df8:	f04f 0380 	mov.w	r3, #128	; 0x80
  400dfc:	b672      	cpsid	i
  400dfe:	f383 8811 	msr	BASEPRI, r3
  400e02:	f3bf 8f6f 	isb	sy
  400e06:	f3bf 8f4f 	dsb	sy
  400e0a:	b662      	cpsie	i
  400e0c:	e7fe      	b.n	400e0c <vPortValidateInterruptPriority+0x50>
  400e0e:	4770      	bx	lr
  400e10:	e000e3f0 	.word	0xe000e3f0
  400e14:	20400020 	.word	0x20400020
  400e18:	e000ed0c 	.word	0xe000ed0c

00400e1c <pvPortMalloc>:
static size_t xNextFreeByte = (size_t)0;

/*-----------------------------------------------------------*/

void *pvPortMalloc(size_t xWantedSize)
{
  400e1c:	b538      	push	{r3, r4, r5, lr}
  400e1e:	4604      	mov	r4, r0
	static uint8_t *pucAlignedHeap = NULL;

/* Ensure that blocks are always aligned to the required number of bytes. */
#if (portBYTE_ALIGNMENT != 1)
	{
		if (xWantedSize & portBYTE_ALIGNMENT_MASK) {
  400e20:	f010 0f07 	tst.w	r0, #7
  400e24:	d002      	beq.n	400e2c <pvPortMalloc+0x10>
			/* Byte alignment required. */
			xWantedSize += (portBYTE_ALIGNMENT - (xWantedSize & portBYTE_ALIGNMENT_MASK));
  400e26:	f020 0407 	bic.w	r4, r0, #7
  400e2a:	3408      	adds	r4, #8
		}
	}
#endif

	vTaskSuspendAll();
  400e2c:	4b11      	ldr	r3, [pc, #68]	; (400e74 <pvPortMalloc+0x58>)
  400e2e:	4798      	blx	r3
	{
		if (pucAlignedHeap == NULL) {
  400e30:	4b11      	ldr	r3, [pc, #68]	; (400e78 <pvPortMalloc+0x5c>)
  400e32:	681b      	ldr	r3, [r3, #0]
  400e34:	b193      	cbz	r3, 400e5c <pvPortMalloc+0x40>
			pucAlignedHeap = (uint8_t *)(((portPOINTER_SIZE_TYPE)&ucHeap[portBYTE_ALIGNMENT])
			                             & (~((portPOINTER_SIZE_TYPE)portBYTE_ALIGNMENT_MASK)));
		}

		/* Check there is enough room left for the allocation. */
		if (((xNextFreeByte + xWantedSize) < configADJUSTED_HEAP_SIZE)
  400e36:	4b10      	ldr	r3, [pc, #64]	; (400e78 <pvPortMalloc+0x5c>)
  400e38:	f8d3 3964 	ldr.w	r3, [r3, #2404]	; 0x964
  400e3c:	441c      	add	r4, r3
  400e3e:	f640 1257 	movw	r2, #2391	; 0x957
  400e42:	4294      	cmp	r4, r2
  400e44:	d811      	bhi.n	400e6a <pvPortMalloc+0x4e>
		    && ((xNextFreeByte + xWantedSize) > xNextFreeByte)) /* Check for overflow. */
  400e46:	42a3      	cmp	r3, r4
  400e48:	d211      	bcs.n	400e6e <pvPortMalloc+0x52>
		{
			/* Return the next free byte then increment the index past this
			block. */
			pvReturn = pucAlignedHeap + xNextFreeByte;
  400e4a:	4a0b      	ldr	r2, [pc, #44]	; (400e78 <pvPortMalloc+0x5c>)
  400e4c:	6815      	ldr	r5, [r2, #0]
  400e4e:	441d      	add	r5, r3
			xNextFreeByte += xWantedSize;
  400e50:	f8c2 4964 	str.w	r4, [r2, #2404]	; 0x964
		}

		traceMALLOC(pvReturn, xWantedSize);
	}
	(void)xTaskResumeAll();
  400e54:	4b09      	ldr	r3, [pc, #36]	; (400e7c <pvPortMalloc+0x60>)
  400e56:	4798      	blx	r3
		}
	}
#endif

	return pvReturn;
}
  400e58:	4628      	mov	r0, r5
  400e5a:	bd38      	pop	{r3, r4, r5, pc}
			pucAlignedHeap = (uint8_t *)(((portPOINTER_SIZE_TYPE)&ucHeap[portBYTE_ALIGNMENT])
  400e5c:	4a06      	ldr	r2, [pc, #24]	; (400e78 <pvPortMalloc+0x5c>)
  400e5e:	f102 030c 	add.w	r3, r2, #12
			                             & (~((portPOINTER_SIZE_TYPE)portBYTE_ALIGNMENT_MASK)));
  400e62:	f023 0307 	bic.w	r3, r3, #7
			pucAlignedHeap = (uint8_t *)(((portPOINTER_SIZE_TYPE)&ucHeap[portBYTE_ALIGNMENT])
  400e66:	6013      	str	r3, [r2, #0]
  400e68:	e7e5      	b.n	400e36 <pvPortMalloc+0x1a>
	void *          pvReturn       = NULL;
  400e6a:	2500      	movs	r5, #0
  400e6c:	e7f2      	b.n	400e54 <pvPortMalloc+0x38>
  400e6e:	2500      	movs	r5, #0
  400e70:	e7f0      	b.n	400e54 <pvPortMalloc+0x38>
  400e72:	bf00      	nop
  400e74:	00401ca1 	.word	0x00401ca1
  400e78:	20400028 	.word	0x20400028
  400e7c:	00401df9 	.word	0x00401df9

00400e80 <vPortFree>:
	heap_4.c for alternative implementations, and the memory management pages of
	http://www.FreeRTOS.org for more information. */
	(void)pv;

	/* Force an assert as it is invalid to call this function. */
	configASSERT(pv == NULL);
  400e80:	b150      	cbz	r0, 400e98 <vPortFree+0x18>
  400e82:	f04f 0380 	mov.w	r3, #128	; 0x80
  400e86:	b672      	cpsid	i
  400e88:	f383 8811 	msr	BASEPRI, r3
  400e8c:	f3bf 8f6f 	isb	sy
  400e90:	f3bf 8f4f 	dsb	sy
  400e94:	b662      	cpsie	i
  400e96:	e7fe      	b.n	400e96 <vPortFree+0x16>
  400e98:	4770      	bx	lr

00400e9a <prvGetDisinheritPriorityAfterTimeout>:
	priority, but the waiting task times out, then the holder should
	disinherit the priority - but only down to the highest priority of any
	other tasks that are waiting for the same mutex.  For this purpose,
	return the priority of the highest priority task that is waiting for the
	mutex. */
	if (listCURRENT_LIST_LENGTH(&(pxQueue->xTasksWaitingToReceive)) > 0) {
  400e9a:	6a43      	ldr	r3, [r0, #36]	; 0x24
  400e9c:	b123      	cbz	r3, 400ea8 <prvGetDisinheritPriorityAfterTimeout+0xe>
		uxHighestPriorityOfWaitingTasks
		    = configMAX_PRIORITIES - listGET_ITEM_VALUE_OF_HEAD_ENTRY(&(pxQueue->xTasksWaitingToReceive));
  400e9e:	6b03      	ldr	r3, [r0, #48]	; 0x30
  400ea0:	6818      	ldr	r0, [r3, #0]
  400ea2:	f1c0 0005 	rsb	r0, r0, #5
  400ea6:	4770      	bx	lr
	} else {
		uxHighestPriorityOfWaitingTasks = tskIDLE_PRIORITY;
  400ea8:	2000      	movs	r0, #0
	}

	return uxHighestPriorityOfWaitingTasks;
}
  400eaa:	4770      	bx	lr

00400eac <prvIsQueueFull>:
	return xReturn;
} /*lint !e818 xQueue could not be pointer to const because it is a typedef. */
/*-----------------------------------------------------------*/

static BaseType_t prvIsQueueFull(const Queue_t *pxQueue)
{
  400eac:	b510      	push	{r4, lr}
  400eae:	4604      	mov	r4, r0
	BaseType_t xReturn;

	taskENTER_CRITICAL();
  400eb0:	4b06      	ldr	r3, [pc, #24]	; (400ecc <prvIsQueueFull+0x20>)
  400eb2:	4798      	blx	r3
	{
		if (pxQueue->uxMessagesWaiting == pxQueue->uxLength) {
  400eb4:	6ba2      	ldr	r2, [r4, #56]	; 0x38
  400eb6:	6be3      	ldr	r3, [r4, #60]	; 0x3c
  400eb8:	429a      	cmp	r2, r3
  400eba:	d004      	beq.n	400ec6 <prvIsQueueFull+0x1a>
			xReturn = pdTRUE;
		} else {
			xReturn = pdFALSE;
  400ebc:	2400      	movs	r4, #0
		}
	}
	taskEXIT_CRITICAL();
  400ebe:	4b04      	ldr	r3, [pc, #16]	; (400ed0 <prvIsQueueFull+0x24>)
  400ec0:	4798      	blx	r3

	return xReturn;
}
  400ec2:	4620      	mov	r0, r4
  400ec4:	bd10      	pop	{r4, pc}
			xReturn = pdTRUE;
  400ec6:	2401      	movs	r4, #1
  400ec8:	e7f9      	b.n	400ebe <prvIsQueueFull+0x12>
  400eca:	bf00      	nop
  400ecc:	00400ba5 	.word	0x00400ba5
  400ed0:	00400bf1 	.word	0x00400bf1

00400ed4 <prvIsQueueEmpty>:
{
  400ed4:	b510      	push	{r4, lr}
  400ed6:	4604      	mov	r4, r0
	taskENTER_CRITICAL();
  400ed8:	4b05      	ldr	r3, [pc, #20]	; (400ef0 <prvIsQueueEmpty+0x1c>)
  400eda:	4798      	blx	r3
		if (pxQueue->uxMessagesWaiting == (UBaseType_t)0) {
  400edc:	6ba3      	ldr	r3, [r4, #56]	; 0x38
  400ede:	b123      	cbz	r3, 400eea <prvIsQueueEmpty+0x16>
			xReturn = pdFALSE;
  400ee0:	2400      	movs	r4, #0
	taskEXIT_CRITICAL();
  400ee2:	4b04      	ldr	r3, [pc, #16]	; (400ef4 <prvIsQueueEmpty+0x20>)
  400ee4:	4798      	blx	r3
}
  400ee6:	4620      	mov	r0, r4
  400ee8:	bd10      	pop	{r4, pc}
			xReturn = pdTRUE;
  400eea:	2401      	movs	r4, #1
  400eec:	e7f9      	b.n	400ee2 <prvIsQueueEmpty+0xe>
  400eee:	bf00      	nop
  400ef0:	00400ba5 	.word	0x00400ba5
  400ef4:	00400bf1 	.word	0x00400bf1

00400ef8 <prvCopyDataToQueue>:
{
  400ef8:	b570      	push	{r4, r5, r6, lr}
  400efa:	4604      	mov	r4, r0
  400efc:	4616      	mov	r6, r2
	uxMessagesWaiting = pxQueue->uxMessagesWaiting;
  400efe:	6b85      	ldr	r5, [r0, #56]	; 0x38
	if (pxQueue->uxItemSize == (UBaseType_t)0) {
  400f00:	6c02      	ldr	r2, [r0, #64]	; 0x40
  400f02:	b952      	cbnz	r2, 400f1a <prvCopyDataToQueue+0x22>
			if (pxQueue->uxQueueType == queueQUEUE_IS_MUTEX) {
  400f04:	6803      	ldr	r3, [r0, #0]
  400f06:	2b00      	cmp	r3, #0
  400f08:	d12a      	bne.n	400f60 <prvCopyDataToQueue+0x68>
				xReturn                = xTaskPriorityDisinherit((void *)pxQueue->pxMutexHolder);
  400f0a:	6840      	ldr	r0, [r0, #4]
  400f0c:	4b18      	ldr	r3, [pc, #96]	; (400f70 <prvCopyDataToQueue+0x78>)
  400f0e:	4798      	blx	r3
				pxQueue->pxMutexHolder = NULL;
  400f10:	2300      	movs	r3, #0
  400f12:	6063      	str	r3, [r4, #4]
	pxQueue->uxMessagesWaiting = uxMessagesWaiting + (UBaseType_t)1;
  400f14:	3501      	adds	r5, #1
  400f16:	63a5      	str	r5, [r4, #56]	; 0x38
}
  400f18:	bd70      	pop	{r4, r5, r6, pc}
	} else if (xPosition == queueSEND_TO_BACK) {
  400f1a:	b96e      	cbnz	r6, 400f38 <prvCopyDataToQueue+0x40>
		(void)memcpy((void *)pxQueue->pcWriteTo,
  400f1c:	6880      	ldr	r0, [r0, #8]
  400f1e:	4b15      	ldr	r3, [pc, #84]	; (400f74 <prvCopyDataToQueue+0x7c>)
  400f20:	4798      	blx	r3
		pxQueue->pcWriteTo += pxQueue->uxItemSize;
  400f22:	6c22      	ldr	r2, [r4, #64]	; 0x40
  400f24:	68a3      	ldr	r3, [r4, #8]
  400f26:	4413      	add	r3, r2
  400f28:	60a3      	str	r3, [r4, #8]
		if (pxQueue->pcWriteTo >= pxQueue->pcTail) /*lint !e946 MISRA exception justified as comparison of pointers is
  400f2a:	6862      	ldr	r2, [r4, #4]
  400f2c:	4293      	cmp	r3, r2
  400f2e:	d319      	bcc.n	400f64 <prvCopyDataToQueue+0x6c>
			pxQueue->pcWriteTo = pxQueue->pcHead;
  400f30:	6823      	ldr	r3, [r4, #0]
  400f32:	60a3      	str	r3, [r4, #8]
	BaseType_t  xReturn = pdFALSE;
  400f34:	2000      	movs	r0, #0
  400f36:	e7ed      	b.n	400f14 <prvCopyDataToQueue+0x1c>
		(void)memcpy((void *)pxQueue->u.pcReadFrom,
  400f38:	68c0      	ldr	r0, [r0, #12]
  400f3a:	4b0e      	ldr	r3, [pc, #56]	; (400f74 <prvCopyDataToQueue+0x7c>)
  400f3c:	4798      	blx	r3
		pxQueue->u.pcReadFrom -= pxQueue->uxItemSize;
  400f3e:	6c23      	ldr	r3, [r4, #64]	; 0x40
  400f40:	425b      	negs	r3, r3
  400f42:	68e2      	ldr	r2, [r4, #12]
  400f44:	441a      	add	r2, r3
  400f46:	60e2      	str	r2, [r4, #12]
		    < pxQueue->pcHead) /*lint !e946 MISRA exception justified as comparison of pointers is the cleanest
  400f48:	6821      	ldr	r1, [r4, #0]
		if (pxQueue->u.pcReadFrom
  400f4a:	428a      	cmp	r2, r1
  400f4c:	d202      	bcs.n	400f54 <prvCopyDataToQueue+0x5c>
			pxQueue->u.pcReadFrom = (pxQueue->pcTail - pxQueue->uxItemSize);
  400f4e:	6862      	ldr	r2, [r4, #4]
  400f50:	4413      	add	r3, r2
  400f52:	60e3      	str	r3, [r4, #12]
		if (xPosition == queueOVERWRITE) {
  400f54:	2e02      	cmp	r6, #2
  400f56:	d107      	bne.n	400f68 <prvCopyDataToQueue+0x70>
			if (uxMessagesWaiting > (UBaseType_t)0) {
  400f58:	b145      	cbz	r5, 400f6c <prvCopyDataToQueue+0x74>
				--uxMessagesWaiting;
  400f5a:	3d01      	subs	r5, #1
	BaseType_t  xReturn = pdFALSE;
  400f5c:	2000      	movs	r0, #0
  400f5e:	e7d9      	b.n	400f14 <prvCopyDataToQueue+0x1c>
  400f60:	2000      	movs	r0, #0
  400f62:	e7d7      	b.n	400f14 <prvCopyDataToQueue+0x1c>
  400f64:	2000      	movs	r0, #0
  400f66:	e7d5      	b.n	400f14 <prvCopyDataToQueue+0x1c>
  400f68:	2000      	movs	r0, #0
  400f6a:	e7d3      	b.n	400f14 <prvCopyDataToQueue+0x1c>
  400f6c:	2000      	movs	r0, #0
  400f6e:	e7d1      	b.n	400f14 <prvCopyDataToQueue+0x1c>
  400f70:	004022a1 	.word	0x004022a1
  400f74:	004028e1 	.word	0x004028e1

00400f78 <prvNotifyQueueSetContainer>:
	/*-----------------------------------------------------------*/

#if (configUSE_QUEUE_SETS == 1)

static BaseType_t prvNotifyQueueSetContainer(const Queue_t *const pxQueue, const BaseType_t xCopyPosition)
{
  400f78:	b570      	push	{r4, r5, r6, lr}
  400f7a:	b082      	sub	sp, #8
  400f7c:	9001      	str	r0, [sp, #4]
	Queue_t *  pxQueueSetContainer = pxQueue->pxQueueSetContainer;
  400f7e:	6c84      	ldr	r4, [r0, #72]	; 0x48
	BaseType_t xReturn             = pdFALSE;

	/* This function must be called form a critical section. */

	configASSERT(pxQueueSetContainer);
  400f80:	b174      	cbz	r4, 400fa0 <prvNotifyQueueSetContainer+0x28>
	configASSERT(pxQueueSetContainer->uxMessagesWaiting < pxQueueSetContainer->uxLength);
  400f82:	6ba2      	ldr	r2, [r4, #56]	; 0x38
  400f84:	6be3      	ldr	r3, [r4, #60]	; 0x3c
  400f86:	429a      	cmp	r2, r3
  400f88:	d315      	bcc.n	400fb6 <prvNotifyQueueSetContainer+0x3e>
  400f8a:	f04f 0380 	mov.w	r3, #128	; 0x80
  400f8e:	b672      	cpsid	i
  400f90:	f383 8811 	msr	BASEPRI, r3
  400f94:	f3bf 8f6f 	isb	sy
  400f98:	f3bf 8f4f 	dsb	sy
  400f9c:	b662      	cpsie	i
  400f9e:	e7fe      	b.n	400f9e <prvNotifyQueueSetContainer+0x26>
  400fa0:	f04f 0380 	mov.w	r3, #128	; 0x80
  400fa4:	b672      	cpsid	i
  400fa6:	f383 8811 	msr	BASEPRI, r3
  400faa:	f3bf 8f6f 	isb	sy
  400fae:	f3bf 8f4f 	dsb	sy
  400fb2:	b662      	cpsie	i
  400fb4:	e7fe      	b.n	400fb4 <prvNotifyQueueSetContainer+0x3c>

	if (pxQueueSetContainer->uxMessagesWaiting < pxQueueSetContainer->uxLength) {
  400fb6:	6ba2      	ldr	r2, [r4, #56]	; 0x38
  400fb8:	4293      	cmp	r3, r2
  400fba:	d803      	bhi.n	400fc4 <prvNotifyQueueSetContainer+0x4c>
	BaseType_t xReturn             = pdFALSE;
  400fbc:	2600      	movs	r6, #0
	} else {
		mtCOVERAGE_TEST_MARKER();
	}

	return xReturn;
}
  400fbe:	4630      	mov	r0, r6
  400fc0:	b002      	add	sp, #8
  400fc2:	bd70      	pop	{r4, r5, r6, pc}
  400fc4:	460a      	mov	r2, r1
		const int8_t cTxLock = pxQueueSetContainer->cTxLock;
  400fc6:	f894 5045 	ldrb.w	r5, [r4, #69]	; 0x45
  400fca:	b26d      	sxtb	r5, r5
		xReturn = prvCopyDataToQueue(pxQueueSetContainer, &pxQueue, xCopyPosition);
  400fcc:	a901      	add	r1, sp, #4
  400fce:	4620      	mov	r0, r4
  400fd0:	4b0a      	ldr	r3, [pc, #40]	; (400ffc <prvNotifyQueueSetContainer+0x84>)
  400fd2:	4798      	blx	r3
  400fd4:	4606      	mov	r6, r0
		if (cTxLock == queueUNLOCKED) {
  400fd6:	f1b5 3fff 	cmp.w	r5, #4294967295
  400fda:	d10a      	bne.n	400ff2 <prvNotifyQueueSetContainer+0x7a>
			if (listLIST_IS_EMPTY(&(pxQueueSetContainer->xTasksWaitingToReceive)) == pdFALSE) {
  400fdc:	6a63      	ldr	r3, [r4, #36]	; 0x24
  400fde:	2b00      	cmp	r3, #0
  400fe0:	d0ed      	beq.n	400fbe <prvNotifyQueueSetContainer+0x46>
				if (xTaskRemoveFromEventList(&(pxQueueSetContainer->xTasksWaitingToReceive)) != pdFALSE) {
  400fe2:	f104 0024 	add.w	r0, r4, #36	; 0x24
  400fe6:	4b06      	ldr	r3, [pc, #24]	; (401000 <prvNotifyQueueSetContainer+0x88>)
  400fe8:	4798      	blx	r3
  400fea:	2800      	cmp	r0, #0
  400fec:	d0e7      	beq.n	400fbe <prvNotifyQueueSetContainer+0x46>
					xReturn = pdTRUE;
  400fee:	2601      	movs	r6, #1
	return xReturn;
  400ff0:	e7e5      	b.n	400fbe <prvNotifyQueueSetContainer+0x46>
			pxQueueSetContainer->cTxLock = (int8_t)(cTxLock + 1);
  400ff2:	1c6b      	adds	r3, r5, #1
  400ff4:	b25b      	sxtb	r3, r3
  400ff6:	f884 3045 	strb.w	r3, [r4, #69]	; 0x45
  400ffa:	e7e0      	b.n	400fbe <prvNotifyQueueSetContainer+0x46>
  400ffc:	00400ef9 	.word	0x00400ef9
  401000:	00402085 	.word	0x00402085

00401004 <prvCopyDataFromQueue>:
	if (pxQueue->uxItemSize != (UBaseType_t)0) {
  401004:	6c02      	ldr	r2, [r0, #64]	; 0x40
  401006:	b172      	cbz	r2, 401026 <prvCopyDataFromQueue+0x22>
{
  401008:	b510      	push	{r4, lr}
  40100a:	4603      	mov	r3, r0
		pxQueue->u.pcReadFrom += pxQueue->uxItemSize;
  40100c:	68c4      	ldr	r4, [r0, #12]
  40100e:	4414      	add	r4, r2
  401010:	60c4      	str	r4, [r0, #12]
		if (pxQueue->u.pcReadFrom >= pxQueue->pcTail) /*lint !e946 MISRA exception justified as use of the relational
  401012:	6840      	ldr	r0, [r0, #4]
  401014:	4284      	cmp	r4, r0
  401016:	d301      	bcc.n	40101c <prvCopyDataFromQueue+0x18>
			pxQueue->u.pcReadFrom = pxQueue->pcHead;
  401018:	6818      	ldr	r0, [r3, #0]
  40101a:	60d8      	str	r0, [r3, #12]
  40101c:	4608      	mov	r0, r1
		(void)memcpy((void *)pvBuffer,
  40101e:	68d9      	ldr	r1, [r3, #12]
  401020:	4b01      	ldr	r3, [pc, #4]	; (401028 <prvCopyDataFromQueue+0x24>)
  401022:	4798      	blx	r3
  401024:	bd10      	pop	{r4, pc}
  401026:	4770      	bx	lr
  401028:	004028e1 	.word	0x004028e1

0040102c <prvUnlockQueue>:
{
  40102c:	b538      	push	{r3, r4, r5, lr}
  40102e:	4605      	mov	r5, r0
	taskENTER_CRITICAL();
  401030:	4b1f      	ldr	r3, [pc, #124]	; (4010b0 <prvUnlockQueue+0x84>)
  401032:	4798      	blx	r3
		int8_t cTxLock = pxQueue->cTxLock;
  401034:	f895 4045 	ldrb.w	r4, [r5, #69]	; 0x45
  401038:	b264      	sxtb	r4, r4
		while (cTxLock > queueLOCKED_UNMODIFIED) {
  40103a:	e008      	b.n	40104e <prvUnlockQueue+0x22>
					if (listLIST_IS_EMPTY(&(pxQueue->xTasksWaitingToReceive)) == pdFALSE) {
  40103c:	6a6b      	ldr	r3, [r5, #36]	; 0x24
  40103e:	b1bb      	cbz	r3, 401070 <prvUnlockQueue+0x44>
						if (xTaskRemoveFromEventList(&(pxQueue->xTasksWaitingToReceive)) != pdFALSE) {
  401040:	f105 0024 	add.w	r0, r5, #36	; 0x24
  401044:	4b1b      	ldr	r3, [pc, #108]	; (4010b4 <prvUnlockQueue+0x88>)
  401046:	4798      	blx	r3
  401048:	b978      	cbnz	r0, 40106a <prvUnlockQueue+0x3e>
			--cTxLock;
  40104a:	3c01      	subs	r4, #1
  40104c:	b264      	sxtb	r4, r4
		while (cTxLock > queueLOCKED_UNMODIFIED) {
  40104e:	2c00      	cmp	r4, #0
  401050:	dd0e      	ble.n	401070 <prvUnlockQueue+0x44>
				if (pxQueue->pxQueueSetContainer != NULL) {
  401052:	6cab      	ldr	r3, [r5, #72]	; 0x48
  401054:	2b00      	cmp	r3, #0
  401056:	d0f1      	beq.n	40103c <prvUnlockQueue+0x10>
					if (prvNotifyQueueSetContainer(pxQueue, queueSEND_TO_BACK) != pdFALSE) {
  401058:	2100      	movs	r1, #0
  40105a:	4628      	mov	r0, r5
  40105c:	4b16      	ldr	r3, [pc, #88]	; (4010b8 <prvUnlockQueue+0x8c>)
  40105e:	4798      	blx	r3
  401060:	2800      	cmp	r0, #0
  401062:	d0f2      	beq.n	40104a <prvUnlockQueue+0x1e>
						vTaskMissedYield();
  401064:	4b15      	ldr	r3, [pc, #84]	; (4010bc <prvUnlockQueue+0x90>)
  401066:	4798      	blx	r3
  401068:	e7ef      	b.n	40104a <prvUnlockQueue+0x1e>
							vTaskMissedYield();
  40106a:	4b14      	ldr	r3, [pc, #80]	; (4010bc <prvUnlockQueue+0x90>)
  40106c:	4798      	blx	r3
  40106e:	e7ec      	b.n	40104a <prvUnlockQueue+0x1e>
		pxQueue->cTxLock = queueUNLOCKED;
  401070:	23ff      	movs	r3, #255	; 0xff
  401072:	f885 3045 	strb.w	r3, [r5, #69]	; 0x45
	taskEXIT_CRITICAL();
  401076:	4b12      	ldr	r3, [pc, #72]	; (4010c0 <prvUnlockQueue+0x94>)
  401078:	4798      	blx	r3
	taskENTER_CRITICAL();
  40107a:	4b0d      	ldr	r3, [pc, #52]	; (4010b0 <prvUnlockQueue+0x84>)
  40107c:	4798      	blx	r3
		int8_t cRxLock = pxQueue->cRxLock;
  40107e:	f895 4044 	ldrb.w	r4, [r5, #68]	; 0x44
  401082:	b264      	sxtb	r4, r4
		while (cRxLock > queueLOCKED_UNMODIFIED) {
  401084:	e001      	b.n	40108a <prvUnlockQueue+0x5e>
				--cRxLock;
  401086:	3c01      	subs	r4, #1
  401088:	b264      	sxtb	r4, r4
		while (cRxLock > queueLOCKED_UNMODIFIED) {
  40108a:	2c00      	cmp	r4, #0
  40108c:	dd0a      	ble.n	4010a4 <prvUnlockQueue+0x78>
			if (listLIST_IS_EMPTY(&(pxQueue->xTasksWaitingToSend)) == pdFALSE) {
  40108e:	692b      	ldr	r3, [r5, #16]
  401090:	b143      	cbz	r3, 4010a4 <prvUnlockQueue+0x78>
				if (xTaskRemoveFromEventList(&(pxQueue->xTasksWaitingToSend)) != pdFALSE) {
  401092:	f105 0010 	add.w	r0, r5, #16
  401096:	4b07      	ldr	r3, [pc, #28]	; (4010b4 <prvUnlockQueue+0x88>)
  401098:	4798      	blx	r3
  40109a:	2800      	cmp	r0, #0
  40109c:	d0f3      	beq.n	401086 <prvUnlockQueue+0x5a>
					vTaskMissedYield();
  40109e:	4b07      	ldr	r3, [pc, #28]	; (4010bc <prvUnlockQueue+0x90>)
  4010a0:	4798      	blx	r3
  4010a2:	e7f0      	b.n	401086 <prvUnlockQueue+0x5a>
		pxQueue->cRxLock = queueUNLOCKED;
  4010a4:	23ff      	movs	r3, #255	; 0xff
  4010a6:	f885 3044 	strb.w	r3, [r5, #68]	; 0x44
	taskEXIT_CRITICAL();
  4010aa:	4b05      	ldr	r3, [pc, #20]	; (4010c0 <prvUnlockQueue+0x94>)
  4010ac:	4798      	blx	r3
  4010ae:	bd38      	pop	{r3, r4, r5, pc}
  4010b0:	00400ba5 	.word	0x00400ba5
  4010b4:	00402085 	.word	0x00402085
  4010b8:	00400f79 	.word	0x00400f79
  4010bc:	004021c1 	.word	0x004021c1
  4010c0:	00400bf1 	.word	0x00400bf1

004010c4 <xQueueGenericReset>:
{
  4010c4:	b538      	push	{r3, r4, r5, lr}
	configASSERT(pxQueue);
  4010c6:	b330      	cbz	r0, 401116 <xQueueGenericReset+0x52>
  4010c8:	4604      	mov	r4, r0
  4010ca:	460d      	mov	r5, r1
	taskENTER_CRITICAL();
  4010cc:	4b1d      	ldr	r3, [pc, #116]	; (401144 <xQueueGenericReset+0x80>)
  4010ce:	4798      	blx	r3
		pxQueue->pcTail            = pxQueue->pcHead + (pxQueue->uxLength * pxQueue->uxItemSize);
  4010d0:	6821      	ldr	r1, [r4, #0]
  4010d2:	6be2      	ldr	r2, [r4, #60]	; 0x3c
  4010d4:	6c23      	ldr	r3, [r4, #64]	; 0x40
  4010d6:	fb03 1002 	mla	r0, r3, r2, r1
  4010da:	6060      	str	r0, [r4, #4]
		pxQueue->uxMessagesWaiting = (UBaseType_t)0U;
  4010dc:	2000      	movs	r0, #0
  4010de:	63a0      	str	r0, [r4, #56]	; 0x38
		pxQueue->pcWriteTo         = pxQueue->pcHead;
  4010e0:	60a1      	str	r1, [r4, #8]
		pxQueue->u.pcReadFrom      = pxQueue->pcHead + ((pxQueue->uxLength - (UBaseType_t)1U) * pxQueue->uxItemSize);
  4010e2:	3a01      	subs	r2, #1
  4010e4:	fb02 1303 	mla	r3, r2, r3, r1
  4010e8:	60e3      	str	r3, [r4, #12]
		pxQueue->cRxLock           = queueUNLOCKED;
  4010ea:	23ff      	movs	r3, #255	; 0xff
  4010ec:	f884 3044 	strb.w	r3, [r4, #68]	; 0x44
		pxQueue->cTxLock           = queueUNLOCKED;
  4010f0:	f884 3045 	strb.w	r3, [r4, #69]	; 0x45
		if (xNewQueue == pdFALSE) {
  4010f4:	b9d5      	cbnz	r5, 40112c <xQueueGenericReset+0x68>
			if (listLIST_IS_EMPTY(&(pxQueue->xTasksWaitingToSend)) == pdFALSE) {
  4010f6:	6923      	ldr	r3, [r4, #16]
  4010f8:	b1fb      	cbz	r3, 40113a <xQueueGenericReset+0x76>
				if (xTaskRemoveFromEventList(&(pxQueue->xTasksWaitingToSend)) != pdFALSE) {
  4010fa:	f104 0010 	add.w	r0, r4, #16
  4010fe:	4b12      	ldr	r3, [pc, #72]	; (401148 <xQueueGenericReset+0x84>)
  401100:	4798      	blx	r3
  401102:	b1d0      	cbz	r0, 40113a <xQueueGenericReset+0x76>
					queueYIELD_IF_USING_PREEMPTION();
  401104:	f04f 5280 	mov.w	r2, #268435456	; 0x10000000
  401108:	4b10      	ldr	r3, [pc, #64]	; (40114c <xQueueGenericReset+0x88>)
  40110a:	601a      	str	r2, [r3, #0]
  40110c:	f3bf 8f4f 	dsb	sy
  401110:	f3bf 8f6f 	isb	sy
  401114:	e011      	b.n	40113a <xQueueGenericReset+0x76>
  401116:	f04f 0380 	mov.w	r3, #128	; 0x80
  40111a:	b672      	cpsid	i
  40111c:	f383 8811 	msr	BASEPRI, r3
  401120:	f3bf 8f6f 	isb	sy
  401124:	f3bf 8f4f 	dsb	sy
  401128:	b662      	cpsie	i
  40112a:	e7fe      	b.n	40112a <xQueueGenericReset+0x66>
			vListInitialise(&(pxQueue->xTasksWaitingToSend));
  40112c:	f104 0010 	add.w	r0, r4, #16
  401130:	4d07      	ldr	r5, [pc, #28]	; (401150 <xQueueGenericReset+0x8c>)
  401132:	47a8      	blx	r5
			vListInitialise(&(pxQueue->xTasksWaitingToReceive));
  401134:	f104 0024 	add.w	r0, r4, #36	; 0x24
  401138:	47a8      	blx	r5
	taskEXIT_CRITICAL();
  40113a:	4b06      	ldr	r3, [pc, #24]	; (401154 <xQueueGenericReset+0x90>)
  40113c:	4798      	blx	r3
}
  40113e:	2001      	movs	r0, #1
  401140:	bd38      	pop	{r3, r4, r5, pc}
  401142:	bf00      	nop
  401144:	00400ba5 	.word	0x00400ba5
  401148:	00402085 	.word	0x00402085
  40114c:	e000ed04 	.word	0xe000ed04
  401150:	00400a39 	.word	0x00400a39
  401154:	00400bf1 	.word	0x00400bf1

00401158 <prvInitialiseNewQueue>:
{
  401158:	b538      	push	{r3, r4, r5, lr}
  40115a:	461d      	mov	r5, r3
  40115c:	9c04      	ldr	r4, [sp, #16]
	if (uxItemSize == (UBaseType_t)0) {
  40115e:	460b      	mov	r3, r1
  401160:	b159      	cbz	r1, 40117a <prvInitialiseNewQueue+0x22>
		pxNewQueue->pcHead = (int8_t *)pucQueueStorage;
  401162:	6022      	str	r2, [r4, #0]
	pxNewQueue->uxLength   = uxQueueLength;
  401164:	63e0      	str	r0, [r4, #60]	; 0x3c
	pxNewQueue->uxItemSize = uxItemSize;
  401166:	6423      	str	r3, [r4, #64]	; 0x40
	(void)xQueueGenericReset(pxNewQueue, pdTRUE);
  401168:	2101      	movs	r1, #1
  40116a:	4620      	mov	r0, r4
  40116c:	4b04      	ldr	r3, [pc, #16]	; (401180 <prvInitialiseNewQueue+0x28>)
  40116e:	4798      	blx	r3
		pxNewQueue->ucQueueType = ucQueueType;
  401170:	f884 5050 	strb.w	r5, [r4, #80]	; 0x50
		pxNewQueue->pxQueueSetContainer = NULL;
  401174:	2300      	movs	r3, #0
  401176:	64a3      	str	r3, [r4, #72]	; 0x48
  401178:	bd38      	pop	{r3, r4, r5, pc}
		pxNewQueue->pcHead = (int8_t *)pxNewQueue;
  40117a:	6024      	str	r4, [r4, #0]
  40117c:	e7f2      	b.n	401164 <prvInitialiseNewQueue+0xc>
  40117e:	bf00      	nop
  401180:	004010c5 	.word	0x004010c5

00401184 <xQueueGenericCreate>:
	configASSERT(uxQueueLength > (UBaseType_t)0);
  401184:	b950      	cbnz	r0, 40119c <xQueueGenericCreate+0x18>
  401186:	f04f 0380 	mov.w	r3, #128	; 0x80
  40118a:	b672      	cpsid	i
  40118c:	f383 8811 	msr	BASEPRI, r3
  401190:	f3bf 8f6f 	isb	sy
  401194:	f3bf 8f4f 	dsb	sy
  401198:	b662      	cpsie	i
  40119a:	e7fe      	b.n	40119a <xQueueGenericCreate+0x16>
{
  40119c:	b5f0      	push	{r4, r5, r6, r7, lr}
  40119e:	b083      	sub	sp, #12
  4011a0:	4605      	mov	r5, r0
	if (uxItemSize == (UBaseType_t)0) {
  4011a2:	b111      	cbz	r1, 4011aa <xQueueGenericCreate+0x26>
		xQueueSizeInBytes = (size_t)(
  4011a4:	fb01 f000 	mul.w	r0, r1, r0
  4011a8:	e000      	b.n	4011ac <xQueueGenericCreate+0x28>
		xQueueSizeInBytes = (size_t)0;
  4011aa:	2000      	movs	r0, #0
  4011ac:	4617      	mov	r7, r2
  4011ae:	460c      	mov	r4, r1
	pxNewQueue = (Queue_t *)pvPortMalloc(sizeof(Queue_t) + xQueueSizeInBytes);
  4011b0:	3054      	adds	r0, #84	; 0x54
  4011b2:	4b07      	ldr	r3, [pc, #28]	; (4011d0 <xQueueGenericCreate+0x4c>)
  4011b4:	4798      	blx	r3
	if (pxNewQueue != NULL) {
  4011b6:	4606      	mov	r6, r0
  4011b8:	b138      	cbz	r0, 4011ca <xQueueGenericCreate+0x46>
		prvInitialiseNewQueue(uxQueueLength, uxItemSize, pucQueueStorage, ucQueueType, pxNewQueue);
  4011ba:	9000      	str	r0, [sp, #0]
  4011bc:	463b      	mov	r3, r7
  4011be:	f100 0254 	add.w	r2, r0, #84	; 0x54
  4011c2:	4621      	mov	r1, r4
  4011c4:	4628      	mov	r0, r5
  4011c6:	4c03      	ldr	r4, [pc, #12]	; (4011d4 <xQueueGenericCreate+0x50>)
  4011c8:	47a0      	blx	r4
}
  4011ca:	4630      	mov	r0, r6
  4011cc:	b003      	add	sp, #12
  4011ce:	bdf0      	pop	{r4, r5, r6, r7, pc}
  4011d0:	00400e1d 	.word	0x00400e1d
  4011d4:	00401159 	.word	0x00401159

004011d8 <xQueueGenericSend>:
{
  4011d8:	b5f0      	push	{r4, r5, r6, r7, lr}
  4011da:	b085      	sub	sp, #20
  4011dc:	9201      	str	r2, [sp, #4]
	configASSERT(pxQueue);
  4011de:	b170      	cbz	r0, 4011fe <xQueueGenericSend+0x26>
  4011e0:	4604      	mov	r4, r0
	configASSERT(!((pvItemToQueue == NULL) && (pxQueue->uxItemSize != (UBaseType_t)0U)));
  4011e2:	b1b9      	cbz	r1, 401214 <xQueueGenericSend+0x3c>
  4011e4:	2501      	movs	r5, #1
  4011e6:	b9dd      	cbnz	r5, 401220 <xQueueGenericSend+0x48>
  4011e8:	f04f 0380 	mov.w	r3, #128	; 0x80
  4011ec:	b672      	cpsid	i
  4011ee:	f383 8811 	msr	BASEPRI, r3
  4011f2:	f3bf 8f6f 	isb	sy
  4011f6:	f3bf 8f4f 	dsb	sy
  4011fa:	b662      	cpsie	i
  4011fc:	e7fe      	b.n	4011fc <xQueueGenericSend+0x24>
  4011fe:	f04f 0380 	mov.w	r3, #128	; 0x80
  401202:	b672      	cpsid	i
  401204:	f383 8811 	msr	BASEPRI, r3
  401208:	f3bf 8f6f 	isb	sy
  40120c:	f3bf 8f4f 	dsb	sy
  401210:	b662      	cpsie	i
  401212:	e7fe      	b.n	401212 <xQueueGenericSend+0x3a>
  401214:	6c02      	ldr	r2, [r0, #64]	; 0x40
  401216:	b90a      	cbnz	r2, 40121c <xQueueGenericSend+0x44>
  401218:	2501      	movs	r5, #1
  40121a:	e7e4      	b.n	4011e6 <xQueueGenericSend+0xe>
  40121c:	2500      	movs	r5, #0
  40121e:	e7e2      	b.n	4011e6 <xQueueGenericSend+0xe>
	configASSERT(!((xCopyPosition == queueOVERWRITE) && (pxQueue->uxLength != 1)));
  401220:	2b02      	cmp	r3, #2
  401222:	d00b      	beq.n	40123c <xQueueGenericSend+0x64>
  401224:	b97d      	cbnz	r5, 401246 <xQueueGenericSend+0x6e>
  401226:	f04f 0380 	mov.w	r3, #128	; 0x80
  40122a:	b672      	cpsid	i
  40122c:	f383 8811 	msr	BASEPRI, r3
  401230:	f3bf 8f6f 	isb	sy
  401234:	f3bf 8f4f 	dsb	sy
  401238:	b662      	cpsie	i
  40123a:	e7fe      	b.n	40123a <xQueueGenericSend+0x62>
  40123c:	6be2      	ldr	r2, [r4, #60]	; 0x3c
  40123e:	2a01      	cmp	r2, #1
  401240:	d0f0      	beq.n	401224 <xQueueGenericSend+0x4c>
  401242:	2500      	movs	r5, #0
  401244:	e7ee      	b.n	401224 <xQueueGenericSend+0x4c>
  401246:	461e      	mov	r6, r3
  401248:	460f      	mov	r7, r1
		configASSERT(!((xTaskGetSchedulerState() == taskSCHEDULER_SUSPENDED) && (xTicksToWait != 0)));
  40124a:	4b51      	ldr	r3, [pc, #324]	; (401390 <xQueueGenericSend+0x1b8>)
  40124c:	4798      	blx	r3
  40124e:	b910      	cbnz	r0, 401256 <xQueueGenericSend+0x7e>
  401250:	9b01      	ldr	r3, [sp, #4]
  401252:	b103      	cbz	r3, 401256 <xQueueGenericSend+0x7e>
  401254:	2500      	movs	r5, #0
  401256:	b955      	cbnz	r5, 40126e <xQueueGenericSend+0x96>
  401258:	f04f 0380 	mov.w	r3, #128	; 0x80
  40125c:	b672      	cpsid	i
  40125e:	f383 8811 	msr	BASEPRI, r3
  401262:	f3bf 8f6f 	isb	sy
  401266:	f3bf 8f4f 	dsb	sy
  40126a:	b662      	cpsie	i
  40126c:	e7fe      	b.n	40126c <xQueueGenericSend+0x94>
  40126e:	2500      	movs	r5, #0
  401270:	e03d      	b.n	4012ee <xQueueGenericSend+0x116>
				xYieldRequired = prvCopyDataToQueue(pxQueue, pvItemToQueue, xCopyPosition);
  401272:	4632      	mov	r2, r6
  401274:	4639      	mov	r1, r7
  401276:	4620      	mov	r0, r4
  401278:	4b46      	ldr	r3, [pc, #280]	; (401394 <xQueueGenericSend+0x1bc>)
  40127a:	4798      	blx	r3
					if (pxQueue->pxQueueSetContainer != NULL) {
  40127c:	6ca3      	ldr	r3, [r4, #72]	; 0x48
  40127e:	b18b      	cbz	r3, 4012a4 <xQueueGenericSend+0xcc>
						if (prvNotifyQueueSetContainer(pxQueue, xCopyPosition) != pdFALSE) {
  401280:	4631      	mov	r1, r6
  401282:	4620      	mov	r0, r4
  401284:	4b44      	ldr	r3, [pc, #272]	; (401398 <xQueueGenericSend+0x1c0>)
  401286:	4798      	blx	r3
  401288:	b138      	cbz	r0, 40129a <xQueueGenericSend+0xc2>
							queueYIELD_IF_USING_PREEMPTION();
  40128a:	f04f 5280 	mov.w	r2, #268435456	; 0x10000000
  40128e:	4b43      	ldr	r3, [pc, #268]	; (40139c <xQueueGenericSend+0x1c4>)
  401290:	601a      	str	r2, [r3, #0]
  401292:	f3bf 8f4f 	dsb	sy
  401296:	f3bf 8f6f 	isb	sy
				taskEXIT_CRITICAL();
  40129a:	4b41      	ldr	r3, [pc, #260]	; (4013a0 <xQueueGenericSend+0x1c8>)
  40129c:	4798      	blx	r3
				return pdPASS;
  40129e:	2001      	movs	r0, #1
}
  4012a0:	b005      	add	sp, #20
  4012a2:	bdf0      	pop	{r4, r5, r6, r7, pc}
						if (listLIST_IS_EMPTY(&(pxQueue->xTasksWaitingToReceive)) == pdFALSE) {
  4012a4:	6a63      	ldr	r3, [r4, #36]	; 0x24
  4012a6:	b173      	cbz	r3, 4012c6 <xQueueGenericSend+0xee>
							if (xTaskRemoveFromEventList(&(pxQueue->xTasksWaitingToReceive)) != pdFALSE) {
  4012a8:	f104 0024 	add.w	r0, r4, #36	; 0x24
  4012ac:	4b3d      	ldr	r3, [pc, #244]	; (4013a4 <xQueueGenericSend+0x1cc>)
  4012ae:	4798      	blx	r3
  4012b0:	2800      	cmp	r0, #0
  4012b2:	d0f2      	beq.n	40129a <xQueueGenericSend+0xc2>
								queueYIELD_IF_USING_PREEMPTION();
  4012b4:	f04f 5280 	mov.w	r2, #268435456	; 0x10000000
  4012b8:	4b38      	ldr	r3, [pc, #224]	; (40139c <xQueueGenericSend+0x1c4>)
  4012ba:	601a      	str	r2, [r3, #0]
  4012bc:	f3bf 8f4f 	dsb	sy
  4012c0:	f3bf 8f6f 	isb	sy
  4012c4:	e7e9      	b.n	40129a <xQueueGenericSend+0xc2>
						} else if (xYieldRequired != pdFALSE) {
  4012c6:	2800      	cmp	r0, #0
  4012c8:	d0e7      	beq.n	40129a <xQueueGenericSend+0xc2>
							queueYIELD_IF_USING_PREEMPTION();
  4012ca:	f04f 5280 	mov.w	r2, #268435456	; 0x10000000
  4012ce:	4b33      	ldr	r3, [pc, #204]	; (40139c <xQueueGenericSend+0x1c4>)
  4012d0:	601a      	str	r2, [r3, #0]
  4012d2:	f3bf 8f4f 	dsb	sy
  4012d6:	f3bf 8f6f 	isb	sy
  4012da:	e7de      	b.n	40129a <xQueueGenericSend+0xc2>
					taskEXIT_CRITICAL();
  4012dc:	4b30      	ldr	r3, [pc, #192]	; (4013a0 <xQueueGenericSend+0x1c8>)
  4012de:	4798      	blx	r3
					return errQUEUE_FULL;
  4012e0:	2000      	movs	r0, #0
  4012e2:	e7dd      	b.n	4012a0 <xQueueGenericSend+0xc8>
				prvUnlockQueue(pxQueue);
  4012e4:	4620      	mov	r0, r4
  4012e6:	4b30      	ldr	r3, [pc, #192]	; (4013a8 <xQueueGenericSend+0x1d0>)
  4012e8:	4798      	blx	r3
				(void)xTaskResumeAll();
  4012ea:	4b30      	ldr	r3, [pc, #192]	; (4013ac <xQueueGenericSend+0x1d4>)
  4012ec:	4798      	blx	r3
		taskENTER_CRITICAL();
  4012ee:	4b30      	ldr	r3, [pc, #192]	; (4013b0 <xQueueGenericSend+0x1d8>)
  4012f0:	4798      	blx	r3
			if ((pxQueue->uxMessagesWaiting < pxQueue->uxLength) || (xCopyPosition == queueOVERWRITE)) {
  4012f2:	6ba2      	ldr	r2, [r4, #56]	; 0x38
  4012f4:	6be3      	ldr	r3, [r4, #60]	; 0x3c
  4012f6:	429a      	cmp	r2, r3
  4012f8:	d3bb      	bcc.n	401272 <xQueueGenericSend+0x9a>
  4012fa:	2e02      	cmp	r6, #2
  4012fc:	d0b9      	beq.n	401272 <xQueueGenericSend+0x9a>
				if (xTicksToWait == (TickType_t)0) {
  4012fe:	9b01      	ldr	r3, [sp, #4]
  401300:	2b00      	cmp	r3, #0
  401302:	d0eb      	beq.n	4012dc <xQueueGenericSend+0x104>
				} else if (xEntryTimeSet == pdFALSE) {
  401304:	b91d      	cbnz	r5, 40130e <xQueueGenericSend+0x136>
					vTaskInternalSetTimeOutState(&xTimeOut);
  401306:	a802      	add	r0, sp, #8
  401308:	4b2a      	ldr	r3, [pc, #168]	; (4013b4 <xQueueGenericSend+0x1dc>)
  40130a:	4798      	blx	r3
					xEntryTimeSet = pdTRUE;
  40130c:	2501      	movs	r5, #1
		taskEXIT_CRITICAL();
  40130e:	4b24      	ldr	r3, [pc, #144]	; (4013a0 <xQueueGenericSend+0x1c8>)
  401310:	4798      	blx	r3
		vTaskSuspendAll();
  401312:	4b29      	ldr	r3, [pc, #164]	; (4013b8 <xQueueGenericSend+0x1e0>)
  401314:	4798      	blx	r3
		prvLockQueue(pxQueue);
  401316:	4b26      	ldr	r3, [pc, #152]	; (4013b0 <xQueueGenericSend+0x1d8>)
  401318:	4798      	blx	r3
  40131a:	f894 3044 	ldrb.w	r3, [r4, #68]	; 0x44
  40131e:	b25b      	sxtb	r3, r3
  401320:	f1b3 3fff 	cmp.w	r3, #4294967295
  401324:	d102      	bne.n	40132c <xQueueGenericSend+0x154>
  401326:	2300      	movs	r3, #0
  401328:	f884 3044 	strb.w	r3, [r4, #68]	; 0x44
  40132c:	f894 3045 	ldrb.w	r3, [r4, #69]	; 0x45
  401330:	b25b      	sxtb	r3, r3
  401332:	f1b3 3fff 	cmp.w	r3, #4294967295
  401336:	d102      	bne.n	40133e <xQueueGenericSend+0x166>
  401338:	2300      	movs	r3, #0
  40133a:	f884 3045 	strb.w	r3, [r4, #69]	; 0x45
  40133e:	4b18      	ldr	r3, [pc, #96]	; (4013a0 <xQueueGenericSend+0x1c8>)
  401340:	4798      	blx	r3
		if (xTaskCheckForTimeOut(&xTimeOut, &xTicksToWait) == pdFALSE) {
  401342:	a901      	add	r1, sp, #4
  401344:	a802      	add	r0, sp, #8
  401346:	4b1d      	ldr	r3, [pc, #116]	; (4013bc <xQueueGenericSend+0x1e4>)
  401348:	4798      	blx	r3
  40134a:	b9c8      	cbnz	r0, 401380 <xQueueGenericSend+0x1a8>
			if (prvIsQueueFull(pxQueue) != pdFALSE) {
  40134c:	4620      	mov	r0, r4
  40134e:	4b1c      	ldr	r3, [pc, #112]	; (4013c0 <xQueueGenericSend+0x1e8>)
  401350:	4798      	blx	r3
  401352:	2800      	cmp	r0, #0
  401354:	d0c6      	beq.n	4012e4 <xQueueGenericSend+0x10c>
				vTaskPlaceOnEventList(&(pxQueue->xTasksWaitingToSend), xTicksToWait);
  401356:	9901      	ldr	r1, [sp, #4]
  401358:	f104 0010 	add.w	r0, r4, #16
  40135c:	4b19      	ldr	r3, [pc, #100]	; (4013c4 <xQueueGenericSend+0x1ec>)
  40135e:	4798      	blx	r3
				prvUnlockQueue(pxQueue);
  401360:	4620      	mov	r0, r4
  401362:	4b11      	ldr	r3, [pc, #68]	; (4013a8 <xQueueGenericSend+0x1d0>)
  401364:	4798      	blx	r3
				if (xTaskResumeAll() == pdFALSE) {
  401366:	4b11      	ldr	r3, [pc, #68]	; (4013ac <xQueueGenericSend+0x1d4>)
  401368:	4798      	blx	r3
  40136a:	2800      	cmp	r0, #0
  40136c:	d1bf      	bne.n	4012ee <xQueueGenericSend+0x116>
					portYIELD_WITHIN_API();
  40136e:	f04f 5280 	mov.w	r2, #268435456	; 0x10000000
  401372:	4b0a      	ldr	r3, [pc, #40]	; (40139c <xQueueGenericSend+0x1c4>)
  401374:	601a      	str	r2, [r3, #0]
  401376:	f3bf 8f4f 	dsb	sy
  40137a:	f3bf 8f6f 	isb	sy
  40137e:	e7b6      	b.n	4012ee <xQueueGenericSend+0x116>
			prvUnlockQueue(pxQueue);
  401380:	4620      	mov	r0, r4
  401382:	4b09      	ldr	r3, [pc, #36]	; (4013a8 <xQueueGenericSend+0x1d0>)
  401384:	4798      	blx	r3
			(void)xTaskResumeAll();
  401386:	4b09      	ldr	r3, [pc, #36]	; (4013ac <xQueueGenericSend+0x1d4>)
  401388:	4798      	blx	r3
			return errQUEUE_FULL;
  40138a:	2000      	movs	r0, #0
  40138c:	e788      	b.n	4012a0 <xQueueGenericSend+0xc8>
  40138e:	bf00      	nop
  401390:	004021d1 	.word	0x004021d1
  401394:	00400ef9 	.word	0x00400ef9
  401398:	00400f79 	.word	0x00400f79
  40139c:	e000ed04 	.word	0xe000ed04
  4013a0:	00400bf1 	.word	0x00400bf1
  4013a4:	00402085 	.word	0x00402085
  4013a8:	0040102d 	.word	0x0040102d
  4013ac:	00401df9 	.word	0x00401df9
  4013b0:	00400ba5 	.word	0x00400ba5
  4013b4:	00402119 	.word	0x00402119
  4013b8:	00401ca1 	.word	0x00401ca1
  4013bc:	0040212d 	.word	0x0040212d
  4013c0:	00400ead 	.word	0x00400ead
  4013c4:	00401ffd 	.word	0x00401ffd

004013c8 <prvInitialiseMutex>:
	if (pxNewQueue != NULL) {
  4013c8:	b148      	cbz	r0, 4013de <prvInitialiseMutex+0x16>
{
  4013ca:	b510      	push	{r4, lr}
		pxNewQueue->pxMutexHolder = NULL;
  4013cc:	2100      	movs	r1, #0
  4013ce:	6041      	str	r1, [r0, #4]
		pxNewQueue->uxQueueType   = queueQUEUE_IS_MUTEX;
  4013d0:	6001      	str	r1, [r0, #0]
		pxNewQueue->u.uxRecursiveCallCount = 0;
  4013d2:	60c1      	str	r1, [r0, #12]
		(void)xQueueGenericSend(pxNewQueue, NULL, (TickType_t)0U, queueSEND_TO_BACK);
  4013d4:	460b      	mov	r3, r1
  4013d6:	460a      	mov	r2, r1
  4013d8:	4c01      	ldr	r4, [pc, #4]	; (4013e0 <prvInitialiseMutex+0x18>)
  4013da:	47a0      	blx	r4
  4013dc:	bd10      	pop	{r4, pc}
  4013de:	4770      	bx	lr
  4013e0:	004011d9 	.word	0x004011d9

004013e4 <xQueueCreateMutex>:
{
  4013e4:	b510      	push	{r4, lr}
	pxNewQueue = (Queue_t *)xQueueGenericCreate(uxMutexLength, uxMutexSize, ucQueueType);
  4013e6:	4602      	mov	r2, r0
  4013e8:	2100      	movs	r1, #0
  4013ea:	2001      	movs	r0, #1
  4013ec:	4b03      	ldr	r3, [pc, #12]	; (4013fc <xQueueCreateMutex+0x18>)
  4013ee:	4798      	blx	r3
  4013f0:	4604      	mov	r4, r0
	prvInitialiseMutex(pxNewQueue);
  4013f2:	4b03      	ldr	r3, [pc, #12]	; (401400 <xQueueCreateMutex+0x1c>)
  4013f4:	4798      	blx	r3
}
  4013f6:	4620      	mov	r0, r4
  4013f8:	bd10      	pop	{r4, pc}
  4013fa:	bf00      	nop
  4013fc:	00401185 	.word	0x00401185
  401400:	004013c9 	.word	0x004013c9

00401404 <xQueueGenericSendFromISR>:
{
  401404:	e92d 43f8 	stmdb	sp!, {r3, r4, r5, r6, r7, r8, r9, lr}
	configASSERT(pxQueue);
  401408:	b170      	cbz	r0, 401428 <xQueueGenericSendFromISR+0x24>
  40140a:	4604      	mov	r4, r0
	configASSERT(!((pvItemToQueue == NULL) && (pxQueue->uxItemSize != (UBaseType_t)0U)));
  40140c:	b1b9      	cbz	r1, 40143e <xQueueGenericSendFromISR+0x3a>
  40140e:	2001      	movs	r0, #1
  401410:	b9d8      	cbnz	r0, 40144a <xQueueGenericSendFromISR+0x46>
  401412:	f04f 0380 	mov.w	r3, #128	; 0x80
  401416:	b672      	cpsid	i
  401418:	f383 8811 	msr	BASEPRI, r3
  40141c:	f3bf 8f6f 	isb	sy
  401420:	f3bf 8f4f 	dsb	sy
  401424:	b662      	cpsie	i
  401426:	e7fe      	b.n	401426 <xQueueGenericSendFromISR+0x22>
  401428:	f04f 0380 	mov.w	r3, #128	; 0x80
  40142c:	b672      	cpsid	i
  40142e:	f383 8811 	msr	BASEPRI, r3
  401432:	f3bf 8f6f 	isb	sy
  401436:	f3bf 8f4f 	dsb	sy
  40143a:	b662      	cpsie	i
  40143c:	e7fe      	b.n	40143c <xQueueGenericSendFromISR+0x38>
  40143e:	6c00      	ldr	r0, [r0, #64]	; 0x40
  401440:	b908      	cbnz	r0, 401446 <xQueueGenericSendFromISR+0x42>
  401442:	2001      	movs	r0, #1
  401444:	e7e4      	b.n	401410 <xQueueGenericSendFromISR+0xc>
  401446:	2000      	movs	r0, #0
  401448:	e7e2      	b.n	401410 <xQueueGenericSendFromISR+0xc>
	configASSERT(!((xCopyPosition == queueOVERWRITE) && (pxQueue->uxLength != 1)));
  40144a:	2b02      	cmp	r3, #2
  40144c:	d00b      	beq.n	401466 <xQueueGenericSendFromISR+0x62>
  40144e:	b978      	cbnz	r0, 401470 <xQueueGenericSendFromISR+0x6c>
  401450:	f04f 0380 	mov.w	r3, #128	; 0x80
  401454:	b672      	cpsid	i
  401456:	f383 8811 	msr	BASEPRI, r3
  40145a:	f3bf 8f6f 	isb	sy
  40145e:	f3bf 8f4f 	dsb	sy
  401462:	b662      	cpsie	i
  401464:	e7fe      	b.n	401464 <xQueueGenericSendFromISR+0x60>
  401466:	6be5      	ldr	r5, [r4, #60]	; 0x3c
  401468:	2d01      	cmp	r5, #1
  40146a:	d0f0      	beq.n	40144e <xQueueGenericSendFromISR+0x4a>
  40146c:	2000      	movs	r0, #0
  40146e:	e7ee      	b.n	40144e <xQueueGenericSendFromISR+0x4a>
  401470:	461f      	mov	r7, r3
  401472:	4690      	mov	r8, r2
  401474:	4689      	mov	r9, r1
	portASSERT_IF_INTERRUPT_PRIORITY_INVALID();
  401476:	4b28      	ldr	r3, [pc, #160]	; (401518 <xQueueGenericSendFromISR+0x114>)
  401478:	4798      	blx	r3
	__asm volatile("	mrs %0, basepri											\n"
  40147a:	f3ef 8611 	mrs	r6, BASEPRI
  40147e:	f04f 0380 	mov.w	r3, #128	; 0x80
  401482:	b672      	cpsid	i
  401484:	f383 8811 	msr	BASEPRI, r3
  401488:	f3bf 8f6f 	isb	sy
  40148c:	f3bf 8f4f 	dsb	sy
  401490:	b662      	cpsie	i
		if ((pxQueue->uxMessagesWaiting < pxQueue->uxLength) || (xCopyPosition == queueOVERWRITE)) {
  401492:	6ba2      	ldr	r2, [r4, #56]	; 0x38
  401494:	6be3      	ldr	r3, [r4, #60]	; 0x3c
  401496:	429a      	cmp	r2, r3
  401498:	d301      	bcc.n	40149e <xQueueGenericSendFromISR+0x9a>
  40149a:	2f02      	cmp	r7, #2
  40149c:	d12f      	bne.n	4014fe <xQueueGenericSendFromISR+0xfa>
			const int8_t cTxLock = pxQueue->cTxLock;
  40149e:	f894 5045 	ldrb.w	r5, [r4, #69]	; 0x45
  4014a2:	b26d      	sxtb	r5, r5
			(void)prvCopyDataToQueue(pxQueue, pvItemToQueue, xCopyPosition);
  4014a4:	463a      	mov	r2, r7
  4014a6:	4649      	mov	r1, r9
  4014a8:	4620      	mov	r0, r4
  4014aa:	4b1c      	ldr	r3, [pc, #112]	; (40151c <xQueueGenericSendFromISR+0x118>)
  4014ac:	4798      	blx	r3
			if (cTxLock == queueUNLOCKED) {
  4014ae:	f1b5 3fff 	cmp.w	r5, #4294967295
  4014b2:	d11e      	bne.n	4014f2 <xQueueGenericSendFromISR+0xee>
					if (pxQueue->pxQueueSetContainer != NULL) {
  4014b4:	6ca3      	ldr	r3, [r4, #72]	; 0x48
  4014b6:	b173      	cbz	r3, 4014d6 <xQueueGenericSendFromISR+0xd2>
						if (prvNotifyQueueSetContainer(pxQueue, xCopyPosition) != pdFALSE) {
  4014b8:	4639      	mov	r1, r7
  4014ba:	4620      	mov	r0, r4
  4014bc:	4b18      	ldr	r3, [pc, #96]	; (401520 <xQueueGenericSendFromISR+0x11c>)
  4014be:	4798      	blx	r3
  4014c0:	b1f8      	cbz	r0, 401502 <xQueueGenericSendFromISR+0xfe>
							if (pxHigherPriorityTaskWoken != NULL) {
  4014c2:	f1b8 0f00 	cmp.w	r8, #0
  4014c6:	d01e      	beq.n	401506 <xQueueGenericSendFromISR+0x102>
								*pxHigherPriorityTaskWoken = pdTRUE;
  4014c8:	2001      	movs	r0, #1
  4014ca:	f8c8 0000 	str.w	r0, [r8]
	__asm volatile("	msr basepri, %0	" ::"r"(ulNewMaskValue) : "memory");
  4014ce:	f386 8811 	msr	BASEPRI, r6
}
  4014d2:	e8bd 83f8 	ldmia.w	sp!, {r3, r4, r5, r6, r7, r8, r9, pc}
						if (listLIST_IS_EMPTY(&(pxQueue->xTasksWaitingToReceive)) == pdFALSE) {
  4014d6:	6a63      	ldr	r3, [r4, #36]	; 0x24
  4014d8:	b1bb      	cbz	r3, 40150a <xQueueGenericSendFromISR+0x106>
							if (xTaskRemoveFromEventList(&(pxQueue->xTasksWaitingToReceive)) != pdFALSE) {
  4014da:	f104 0024 	add.w	r0, r4, #36	; 0x24
  4014de:	4b11      	ldr	r3, [pc, #68]	; (401524 <xQueueGenericSendFromISR+0x120>)
  4014e0:	4798      	blx	r3
  4014e2:	b1a0      	cbz	r0, 40150e <xQueueGenericSendFromISR+0x10a>
								if (pxHigherPriorityTaskWoken != NULL) {
  4014e4:	f1b8 0f00 	cmp.w	r8, #0
  4014e8:	d013      	beq.n	401512 <xQueueGenericSendFromISR+0x10e>
									*pxHigherPriorityTaskWoken = pdTRUE;
  4014ea:	2001      	movs	r0, #1
  4014ec:	f8c8 0000 	str.w	r0, [r8]
  4014f0:	e7ed      	b.n	4014ce <xQueueGenericSendFromISR+0xca>
				pxQueue->cTxLock = (int8_t)(cTxLock + 1);
  4014f2:	1c6b      	adds	r3, r5, #1
  4014f4:	b25b      	sxtb	r3, r3
  4014f6:	f884 3045 	strb.w	r3, [r4, #69]	; 0x45
			xReturn = pdPASS;
  4014fa:	2001      	movs	r0, #1
  4014fc:	e7e7      	b.n	4014ce <xQueueGenericSendFromISR+0xca>
			xReturn = errQUEUE_FULL;
  4014fe:	2000      	movs	r0, #0
  401500:	e7e5      	b.n	4014ce <xQueueGenericSendFromISR+0xca>
			xReturn = pdPASS;
  401502:	2001      	movs	r0, #1
  401504:	e7e3      	b.n	4014ce <xQueueGenericSendFromISR+0xca>
  401506:	2001      	movs	r0, #1
  401508:	e7e1      	b.n	4014ce <xQueueGenericSendFromISR+0xca>
  40150a:	2001      	movs	r0, #1
  40150c:	e7df      	b.n	4014ce <xQueueGenericSendFromISR+0xca>
  40150e:	2001      	movs	r0, #1
  401510:	e7dd      	b.n	4014ce <xQueueGenericSendFromISR+0xca>
  401512:	2001      	movs	r0, #1
  401514:	e7db      	b.n	4014ce <xQueueGenericSendFromISR+0xca>
  401516:	bf00      	nop
  401518:	00400dbd 	.word	0x00400dbd
  40151c:	00400ef9 	.word	0x00400ef9
  401520:	00400f79 	.word	0x00400f79
  401524:	00402085 	.word	0x00402085

00401528 <xQueueReceive>:
{
  401528:	b5f0      	push	{r4, r5, r6, r7, lr}
  40152a:	b085      	sub	sp, #20
  40152c:	9201      	str	r2, [sp, #4]
	configASSERT((pxQueue));
  40152e:	b170      	cbz	r0, 40154e <xQueueReceive+0x26>
  401530:	4604      	mov	r4, r0
	configASSERT(!(((pvBuffer) == NULL) && ((pxQueue)->uxItemSize != (UBaseType_t)0U)));
  401532:	b1b9      	cbz	r1, 401564 <xQueueReceive+0x3c>
  401534:	2501      	movs	r5, #1
  401536:	b9dd      	cbnz	r5, 401570 <xQueueReceive+0x48>
	__asm volatile("	mov %0, %1												\n"
  401538:	f04f 0380 	mov.w	r3, #128	; 0x80
  40153c:	b672      	cpsid	i
  40153e:	f383 8811 	msr	BASEPRI, r3
  401542:	f3bf 8f6f 	isb	sy
  401546:	f3bf 8f4f 	dsb	sy
  40154a:	b662      	cpsie	i
  40154c:	e7fe      	b.n	40154c <xQueueReceive+0x24>
  40154e:	f04f 0380 	mov.w	r3, #128	; 0x80
  401552:	b672      	cpsid	i
  401554:	f383 8811 	msr	BASEPRI, r3
  401558:	f3bf 8f6f 	isb	sy
  40155c:	f3bf 8f4f 	dsb	sy
  401560:	b662      	cpsie	i
  401562:	e7fe      	b.n	401562 <xQueueReceive+0x3a>
  401564:	6c03      	ldr	r3, [r0, #64]	; 0x40
  401566:	b90b      	cbnz	r3, 40156c <xQueueReceive+0x44>
  401568:	2501      	movs	r5, #1
  40156a:	e7e4      	b.n	401536 <xQueueReceive+0xe>
  40156c:	2500      	movs	r5, #0
  40156e:	e7e2      	b.n	401536 <xQueueReceive+0xe>
  401570:	460e      	mov	r6, r1
		configASSERT(!((xTaskGetSchedulerState() == taskSCHEDULER_SUSPENDED) && (xTicksToWait != 0)));
  401572:	4b46      	ldr	r3, [pc, #280]	; (40168c <xQueueReceive+0x164>)
  401574:	4798      	blx	r3
  401576:	b910      	cbnz	r0, 40157e <xQueueReceive+0x56>
  401578:	9b01      	ldr	r3, [sp, #4]
  40157a:	b103      	cbz	r3, 40157e <xQueueReceive+0x56>
  40157c:	2500      	movs	r5, #0
  40157e:	b955      	cbnz	r5, 401596 <xQueueReceive+0x6e>
  401580:	f04f 0380 	mov.w	r3, #128	; 0x80
  401584:	b672      	cpsid	i
  401586:	f383 8811 	msr	BASEPRI, r3
  40158a:	f3bf 8f6f 	isb	sy
  40158e:	f3bf 8f4f 	dsb	sy
  401592:	b662      	cpsie	i
  401594:	e7fe      	b.n	401594 <xQueueReceive+0x6c>
  401596:	2700      	movs	r7, #0
  401598:	e02f      	b.n	4015fa <xQueueReceive+0xd2>
				prvCopyDataFromQueue(pxQueue, pvBuffer);
  40159a:	4631      	mov	r1, r6
  40159c:	4620      	mov	r0, r4
  40159e:	4b3c      	ldr	r3, [pc, #240]	; (401690 <xQueueReceive+0x168>)
  4015a0:	4798      	blx	r3
				pxQueue->uxMessagesWaiting = uxMessagesWaiting - (UBaseType_t)1;
  4015a2:	3d01      	subs	r5, #1
  4015a4:	63a5      	str	r5, [r4, #56]	; 0x38
				if (listLIST_IS_EMPTY(&(pxQueue->xTasksWaitingToSend)) == pdFALSE) {
  4015a6:	6923      	ldr	r3, [r4, #16]
  4015a8:	b163      	cbz	r3, 4015c4 <xQueueReceive+0x9c>
					if (xTaskRemoveFromEventList(&(pxQueue->xTasksWaitingToSend)) != pdFALSE) {
  4015aa:	f104 0010 	add.w	r0, r4, #16
  4015ae:	4b39      	ldr	r3, [pc, #228]	; (401694 <xQueueReceive+0x16c>)
  4015b0:	4798      	blx	r3
  4015b2:	b138      	cbz	r0, 4015c4 <xQueueReceive+0x9c>
						queueYIELD_IF_USING_PREEMPTION();
  4015b4:	f04f 5280 	mov.w	r2, #268435456	; 0x10000000
  4015b8:	4b37      	ldr	r3, [pc, #220]	; (401698 <xQueueReceive+0x170>)
  4015ba:	601a      	str	r2, [r3, #0]
  4015bc:	f3bf 8f4f 	dsb	sy
  4015c0:	f3bf 8f6f 	isb	sy
				taskEXIT_CRITICAL();
  4015c4:	4b35      	ldr	r3, [pc, #212]	; (40169c <xQueueReceive+0x174>)
  4015c6:	4798      	blx	r3
				return pdPASS;
  4015c8:	2001      	movs	r0, #1
}
  4015ca:	b005      	add	sp, #20
  4015cc:	bdf0      	pop	{r4, r5, r6, r7, pc}
					taskEXIT_CRITICAL();
  4015ce:	4b33      	ldr	r3, [pc, #204]	; (40169c <xQueueReceive+0x174>)
  4015d0:	4798      	blx	r3
					return errQUEUE_EMPTY;
  4015d2:	2000      	movs	r0, #0
  4015d4:	e7f9      	b.n	4015ca <xQueueReceive+0xa2>
					vTaskInternalSetTimeOutState(&xTimeOut);
  4015d6:	a802      	add	r0, sp, #8
  4015d8:	4b31      	ldr	r3, [pc, #196]	; (4016a0 <xQueueReceive+0x178>)
  4015da:	4798      	blx	r3
					xEntryTimeSet = pdTRUE;
  4015dc:	2701      	movs	r7, #1
  4015de:	e016      	b.n	40160e <xQueueReceive+0xe6>
		prvLockQueue(pxQueue);
  4015e0:	2300      	movs	r3, #0
  4015e2:	f884 3044 	strb.w	r3, [r4, #68]	; 0x44
  4015e6:	e01e      	b.n	401626 <xQueueReceive+0xfe>
  4015e8:	2300      	movs	r3, #0
  4015ea:	f884 3045 	strb.w	r3, [r4, #69]	; 0x45
  4015ee:	e020      	b.n	401632 <xQueueReceive+0x10a>
				prvUnlockQueue(pxQueue);
  4015f0:	4620      	mov	r0, r4
  4015f2:	4b2c      	ldr	r3, [pc, #176]	; (4016a4 <xQueueReceive+0x17c>)
  4015f4:	4798      	blx	r3
				(void)xTaskResumeAll();
  4015f6:	4b2c      	ldr	r3, [pc, #176]	; (4016a8 <xQueueReceive+0x180>)
  4015f8:	4798      	blx	r3
		taskENTER_CRITICAL();
  4015fa:	4b2c      	ldr	r3, [pc, #176]	; (4016ac <xQueueReceive+0x184>)
  4015fc:	4798      	blx	r3
			const UBaseType_t uxMessagesWaiting = pxQueue->uxMessagesWaiting;
  4015fe:	6ba5      	ldr	r5, [r4, #56]	; 0x38
			if (uxMessagesWaiting > (UBaseType_t)0) {
  401600:	2d00      	cmp	r5, #0
  401602:	d1ca      	bne.n	40159a <xQueueReceive+0x72>
				if (xTicksToWait == (TickType_t)0) {
  401604:	9b01      	ldr	r3, [sp, #4]
  401606:	2b00      	cmp	r3, #0
  401608:	d0e1      	beq.n	4015ce <xQueueReceive+0xa6>
				} else if (xEntryTimeSet == pdFALSE) {
  40160a:	2f00      	cmp	r7, #0
  40160c:	d0e3      	beq.n	4015d6 <xQueueReceive+0xae>
		taskEXIT_CRITICAL();
  40160e:	4b23      	ldr	r3, [pc, #140]	; (40169c <xQueueReceive+0x174>)
  401610:	4798      	blx	r3
		vTaskSuspendAll();
  401612:	4b27      	ldr	r3, [pc, #156]	; (4016b0 <xQueueReceive+0x188>)
  401614:	4798      	blx	r3
		prvLockQueue(pxQueue);
  401616:	4b25      	ldr	r3, [pc, #148]	; (4016ac <xQueueReceive+0x184>)
  401618:	4798      	blx	r3
  40161a:	f894 3044 	ldrb.w	r3, [r4, #68]	; 0x44
  40161e:	b25b      	sxtb	r3, r3
  401620:	f1b3 3fff 	cmp.w	r3, #4294967295
  401624:	d0dc      	beq.n	4015e0 <xQueueReceive+0xb8>
  401626:	f894 3045 	ldrb.w	r3, [r4, #69]	; 0x45
  40162a:	b25b      	sxtb	r3, r3
  40162c:	f1b3 3fff 	cmp.w	r3, #4294967295
  401630:	d0da      	beq.n	4015e8 <xQueueReceive+0xc0>
  401632:	4b1a      	ldr	r3, [pc, #104]	; (40169c <xQueueReceive+0x174>)
  401634:	4798      	blx	r3
		if (xTaskCheckForTimeOut(&xTimeOut, &xTicksToWait) == pdFALSE) {
  401636:	a901      	add	r1, sp, #4
  401638:	a802      	add	r0, sp, #8
  40163a:	4b1e      	ldr	r3, [pc, #120]	; (4016b4 <xQueueReceive+0x18c>)
  40163c:	4798      	blx	r3
  40163e:	b9c8      	cbnz	r0, 401674 <xQueueReceive+0x14c>
			if (prvIsQueueEmpty(pxQueue) != pdFALSE) {
  401640:	4620      	mov	r0, r4
  401642:	4b1d      	ldr	r3, [pc, #116]	; (4016b8 <xQueueReceive+0x190>)
  401644:	4798      	blx	r3
  401646:	2800      	cmp	r0, #0
  401648:	d0d2      	beq.n	4015f0 <xQueueReceive+0xc8>
				vTaskPlaceOnEventList(&(pxQueue->xTasksWaitingToReceive), xTicksToWait);
  40164a:	9901      	ldr	r1, [sp, #4]
  40164c:	f104 0024 	add.w	r0, r4, #36	; 0x24
  401650:	4b1a      	ldr	r3, [pc, #104]	; (4016bc <xQueueReceive+0x194>)
  401652:	4798      	blx	r3
				prvUnlockQueue(pxQueue);
  401654:	4620      	mov	r0, r4
  401656:	4b13      	ldr	r3, [pc, #76]	; (4016a4 <xQueueReceive+0x17c>)
  401658:	4798      	blx	r3
				if (xTaskResumeAll() == pdFALSE) {
  40165a:	4b13      	ldr	r3, [pc, #76]	; (4016a8 <xQueueReceive+0x180>)
  40165c:	4798      	blx	r3
  40165e:	2800      	cmp	r0, #0
  401660:	d1cb      	bne.n	4015fa <xQueueReceive+0xd2>
					portYIELD_WITHIN_API();
  401662:	f04f 5280 	mov.w	r2, #268435456	; 0x10000000
  401666:	4b0c      	ldr	r3, [pc, #48]	; (401698 <xQueueReceive+0x170>)
  401668:	601a      	str	r2, [r3, #0]
  40166a:	f3bf 8f4f 	dsb	sy
  40166e:	f3bf 8f6f 	isb	sy
  401672:	e7c2      	b.n	4015fa <xQueueReceive+0xd2>
			prvUnlockQueue(pxQueue);
  401674:	4620      	mov	r0, r4
  401676:	4b0b      	ldr	r3, [pc, #44]	; (4016a4 <xQueueReceive+0x17c>)
  401678:	4798      	blx	r3
			(void)xTaskResumeAll();
  40167a:	4b0b      	ldr	r3, [pc, #44]	; (4016a8 <xQueueReceive+0x180>)
  40167c:	4798      	blx	r3
			if (prvIsQueueEmpty(pxQueue) != pdFALSE) {
  40167e:	4620      	mov	r0, r4
  401680:	4b0d      	ldr	r3, [pc, #52]	; (4016b8 <xQueueReceive+0x190>)
  401682:	4798      	blx	r3
  401684:	2800      	cmp	r0, #0
  401686:	d0b8      	beq.n	4015fa <xQueueReceive+0xd2>
				return errQUEUE_EMPTY;
  401688:	2000      	movs	r0, #0
  40168a:	e79e      	b.n	4015ca <xQueueReceive+0xa2>
  40168c:	004021d1 	.word	0x004021d1
  401690:	00401005 	.word	0x00401005
  401694:	00402085 	.word	0x00402085
  401698:	e000ed04 	.word	0xe000ed04
  40169c:	00400bf1 	.word	0x00400bf1
  4016a0:	00402119 	.word	0x00402119
  4016a4:	0040102d 	.word	0x0040102d
  4016a8:	00401df9 	.word	0x00401df9
  4016ac:	00400ba5 	.word	0x00400ba5
  4016b0:	00401ca1 	.word	0x00401ca1
  4016b4:	0040212d 	.word	0x0040212d
  4016b8:	00400ed5 	.word	0x00400ed5
  4016bc:	00401ffd 	.word	0x00401ffd

004016c0 <xQueueSemaphoreTake>:
{
  4016c0:	b570      	push	{r4, r5, r6, lr}
  4016c2:	b084      	sub	sp, #16
  4016c4:	9101      	str	r1, [sp, #4]
	configASSERT((pxQueue));
  4016c6:	b168      	cbz	r0, 4016e4 <xQueueSemaphoreTake+0x24>
  4016c8:	4604      	mov	r4, r0
	configASSERT(pxQueue->uxItemSize == 0);
  4016ca:	6c03      	ldr	r3, [r0, #64]	; 0x40
  4016cc:	b1ab      	cbz	r3, 4016fa <xQueueSemaphoreTake+0x3a>
  4016ce:	f04f 0380 	mov.w	r3, #128	; 0x80
  4016d2:	b672      	cpsid	i
  4016d4:	f383 8811 	msr	BASEPRI, r3
  4016d8:	f3bf 8f6f 	isb	sy
  4016dc:	f3bf 8f4f 	dsb	sy
  4016e0:	b662      	cpsie	i
  4016e2:	e7fe      	b.n	4016e2 <xQueueSemaphoreTake+0x22>
  4016e4:	f04f 0380 	mov.w	r3, #128	; 0x80
  4016e8:	b672      	cpsid	i
  4016ea:	f383 8811 	msr	BASEPRI, r3
  4016ee:	f3bf 8f6f 	isb	sy
  4016f2:	f3bf 8f4f 	dsb	sy
  4016f6:	b662      	cpsie	i
  4016f8:	e7fe      	b.n	4016f8 <xQueueSemaphoreTake+0x38>
		configASSERT(!((xTaskGetSchedulerState() == taskSCHEDULER_SUSPENDED) && (xTicksToWait != 0)));
  4016fa:	4b5d      	ldr	r3, [pc, #372]	; (401870 <xQueueSemaphoreTake+0x1b0>)
  4016fc:	4798      	blx	r3
  4016fe:	b970      	cbnz	r0, 40171e <xQueueSemaphoreTake+0x5e>
  401700:	9b01      	ldr	r3, [sp, #4]
  401702:	b973      	cbnz	r3, 401722 <xQueueSemaphoreTake+0x62>
  401704:	2301      	movs	r3, #1
  401706:	b973      	cbnz	r3, 401726 <xQueueSemaphoreTake+0x66>
  401708:	f04f 0380 	mov.w	r3, #128	; 0x80
  40170c:	b672      	cpsid	i
  40170e:	f383 8811 	msr	BASEPRI, r3
  401712:	f3bf 8f6f 	isb	sy
  401716:	f3bf 8f4f 	dsb	sy
  40171a:	b662      	cpsie	i
  40171c:	e7fe      	b.n	40171c <xQueueSemaphoreTake+0x5c>
  40171e:	2301      	movs	r3, #1
  401720:	e7f1      	b.n	401706 <xQueueSemaphoreTake+0x46>
  401722:	2300      	movs	r3, #0
  401724:	e7ef      	b.n	401706 <xQueueSemaphoreTake+0x46>
  401726:	2500      	movs	r5, #0
  401728:	462e      	mov	r6, r5
  40172a:	e050      	b.n	4017ce <xQueueSemaphoreTake+0x10e>
				pxQueue->uxMessagesWaiting = uxSemaphoreCount - (UBaseType_t)1;
  40172c:	3b01      	subs	r3, #1
  40172e:	63a3      	str	r3, [r4, #56]	; 0x38
					if (pxQueue->uxQueueType == queueQUEUE_IS_MUTEX) {
  401730:	6823      	ldr	r3, [r4, #0]
  401732:	b913      	cbnz	r3, 40173a <xQueueSemaphoreTake+0x7a>
						    = (int8_t *)pvTaskIncrementMutexHeldCount(); /*lint !e961 Cast is not redundant as
  401734:	4b4f      	ldr	r3, [pc, #316]	; (401874 <xQueueSemaphoreTake+0x1b4>)
  401736:	4798      	blx	r3
  401738:	6060      	str	r0, [r4, #4]
				if (listLIST_IS_EMPTY(&(pxQueue->xTasksWaitingToSend)) == pdFALSE) {
  40173a:	6923      	ldr	r3, [r4, #16]
  40173c:	b163      	cbz	r3, 401758 <xQueueSemaphoreTake+0x98>
					if (xTaskRemoveFromEventList(&(pxQueue->xTasksWaitingToSend)) != pdFALSE) {
  40173e:	f104 0010 	add.w	r0, r4, #16
  401742:	4b4d      	ldr	r3, [pc, #308]	; (401878 <xQueueSemaphoreTake+0x1b8>)
  401744:	4798      	blx	r3
  401746:	b138      	cbz	r0, 401758 <xQueueSemaphoreTake+0x98>
						queueYIELD_IF_USING_PREEMPTION();
  401748:	f04f 5280 	mov.w	r2, #268435456	; 0x10000000
  40174c:	4b4b      	ldr	r3, [pc, #300]	; (40187c <xQueueSemaphoreTake+0x1bc>)
  40174e:	601a      	str	r2, [r3, #0]
  401750:	f3bf 8f4f 	dsb	sy
  401754:	f3bf 8f6f 	isb	sy
				taskEXIT_CRITICAL();
  401758:	4b49      	ldr	r3, [pc, #292]	; (401880 <xQueueSemaphoreTake+0x1c0>)
  40175a:	4798      	blx	r3
				return pdPASS;
  40175c:	2501      	movs	r5, #1
}
  40175e:	4628      	mov	r0, r5
  401760:	b004      	add	sp, #16
  401762:	bd70      	pop	{r4, r5, r6, pc}
						configASSERT(xInheritanceOccurred == pdFALSE);
  401764:	b155      	cbz	r5, 40177c <xQueueSemaphoreTake+0xbc>
  401766:	f04f 0380 	mov.w	r3, #128	; 0x80
  40176a:	b672      	cpsid	i
  40176c:	f383 8811 	msr	BASEPRI, r3
  401770:	f3bf 8f6f 	isb	sy
  401774:	f3bf 8f4f 	dsb	sy
  401778:	b662      	cpsie	i
  40177a:	e7fe      	b.n	40177a <xQueueSemaphoreTake+0xba>
					taskEXIT_CRITICAL();
  40177c:	4b40      	ldr	r3, [pc, #256]	; (401880 <xQueueSemaphoreTake+0x1c0>)
  40177e:	4798      	blx	r3
					return errQUEUE_EMPTY;
  401780:	e7ed      	b.n	40175e <xQueueSemaphoreTake+0x9e>
					vTaskInternalSetTimeOutState(&xTimeOut);
  401782:	a802      	add	r0, sp, #8
  401784:	4b3f      	ldr	r3, [pc, #252]	; (401884 <xQueueSemaphoreTake+0x1c4>)
  401786:	4798      	blx	r3
					xEntryTimeSet = pdTRUE;
  401788:	2601      	movs	r6, #1
  40178a:	e02a      	b.n	4017e2 <xQueueSemaphoreTake+0x122>
		prvLockQueue(pxQueue);
  40178c:	2300      	movs	r3, #0
  40178e:	f884 3044 	strb.w	r3, [r4, #68]	; 0x44
  401792:	e032      	b.n	4017fa <xQueueSemaphoreTake+0x13a>
  401794:	2300      	movs	r3, #0
  401796:	f884 3045 	strb.w	r3, [r4, #69]	; 0x45
  40179a:	e034      	b.n	401806 <xQueueSemaphoreTake+0x146>
						taskENTER_CRITICAL();
  40179c:	4b3a      	ldr	r3, [pc, #232]	; (401888 <xQueueSemaphoreTake+0x1c8>)
  40179e:	4798      	blx	r3
							xInheritanceOccurred = xTaskPriorityInherit((void *)pxQueue->pxMutexHolder);
  4017a0:	6860      	ldr	r0, [r4, #4]
  4017a2:	4b3a      	ldr	r3, [pc, #232]	; (40188c <xQueueSemaphoreTake+0x1cc>)
  4017a4:	4798      	blx	r3
  4017a6:	4605      	mov	r5, r0
						taskEXIT_CRITICAL();
  4017a8:	4b35      	ldr	r3, [pc, #212]	; (401880 <xQueueSemaphoreTake+0x1c0>)
  4017aa:	4798      	blx	r3
  4017ac:	e03b      	b.n	401826 <xQueueSemaphoreTake+0x166>
				prvUnlockQueue(pxQueue);
  4017ae:	4620      	mov	r0, r4
  4017b0:	4b37      	ldr	r3, [pc, #220]	; (401890 <xQueueSemaphoreTake+0x1d0>)
  4017b2:	4798      	blx	r3
				(void)xTaskResumeAll();
  4017b4:	4b37      	ldr	r3, [pc, #220]	; (401894 <xQueueSemaphoreTake+0x1d4>)
  4017b6:	4798      	blx	r3
  4017b8:	e009      	b.n	4017ce <xQueueSemaphoreTake+0x10e>
			prvUnlockQueue(pxQueue);
  4017ba:	4620      	mov	r0, r4
  4017bc:	4b34      	ldr	r3, [pc, #208]	; (401890 <xQueueSemaphoreTake+0x1d0>)
  4017be:	4798      	blx	r3
			(void)xTaskResumeAll();
  4017c0:	4b34      	ldr	r3, [pc, #208]	; (401894 <xQueueSemaphoreTake+0x1d4>)
  4017c2:	4798      	blx	r3
			if (prvIsQueueEmpty(pxQueue) != pdFALSE) {
  4017c4:	4620      	mov	r0, r4
  4017c6:	4b34      	ldr	r3, [pc, #208]	; (401898 <xQueueSemaphoreTake+0x1d8>)
  4017c8:	4798      	blx	r3
  4017ca:	2800      	cmp	r0, #0
  4017cc:	d140      	bne.n	401850 <xQueueSemaphoreTake+0x190>
		taskENTER_CRITICAL();
  4017ce:	4b2e      	ldr	r3, [pc, #184]	; (401888 <xQueueSemaphoreTake+0x1c8>)
  4017d0:	4798      	blx	r3
			const UBaseType_t uxSemaphoreCount = pxQueue->uxMessagesWaiting;
  4017d2:	6ba3      	ldr	r3, [r4, #56]	; 0x38
			if (uxSemaphoreCount > (UBaseType_t)0) {
  4017d4:	2b00      	cmp	r3, #0
  4017d6:	d1a9      	bne.n	40172c <xQueueSemaphoreTake+0x6c>
				if (xTicksToWait == (TickType_t)0) {
  4017d8:	9b01      	ldr	r3, [sp, #4]
  4017da:	2b00      	cmp	r3, #0
  4017dc:	d0c2      	beq.n	401764 <xQueueSemaphoreTake+0xa4>
				} else if (xEntryTimeSet == pdFALSE) {
  4017de:	2e00      	cmp	r6, #0
  4017e0:	d0cf      	beq.n	401782 <xQueueSemaphoreTake+0xc2>
		taskEXIT_CRITICAL();
  4017e2:	4b27      	ldr	r3, [pc, #156]	; (401880 <xQueueSemaphoreTake+0x1c0>)
  4017e4:	4798      	blx	r3
		vTaskSuspendAll();
  4017e6:	4b2d      	ldr	r3, [pc, #180]	; (40189c <xQueueSemaphoreTake+0x1dc>)
  4017e8:	4798      	blx	r3
		prvLockQueue(pxQueue);
  4017ea:	4b27      	ldr	r3, [pc, #156]	; (401888 <xQueueSemaphoreTake+0x1c8>)
  4017ec:	4798      	blx	r3
  4017ee:	f894 3044 	ldrb.w	r3, [r4, #68]	; 0x44
  4017f2:	b25b      	sxtb	r3, r3
  4017f4:	f1b3 3fff 	cmp.w	r3, #4294967295
  4017f8:	d0c8      	beq.n	40178c <xQueueSemaphoreTake+0xcc>
  4017fa:	f894 3045 	ldrb.w	r3, [r4, #69]	; 0x45
  4017fe:	b25b      	sxtb	r3, r3
  401800:	f1b3 3fff 	cmp.w	r3, #4294967295
  401804:	d0c6      	beq.n	401794 <xQueueSemaphoreTake+0xd4>
  401806:	4b1e      	ldr	r3, [pc, #120]	; (401880 <xQueueSemaphoreTake+0x1c0>)
  401808:	4798      	blx	r3
		if (xTaskCheckForTimeOut(&xTimeOut, &xTicksToWait) == pdFALSE) {
  40180a:	a901      	add	r1, sp, #4
  40180c:	a802      	add	r0, sp, #8
  40180e:	4b24      	ldr	r3, [pc, #144]	; (4018a0 <xQueueSemaphoreTake+0x1e0>)
  401810:	4798      	blx	r3
  401812:	2800      	cmp	r0, #0
  401814:	d1d1      	bne.n	4017ba <xQueueSemaphoreTake+0xfa>
			if (prvIsQueueEmpty(pxQueue) != pdFALSE) {
  401816:	4620      	mov	r0, r4
  401818:	4b1f      	ldr	r3, [pc, #124]	; (401898 <xQueueSemaphoreTake+0x1d8>)
  40181a:	4798      	blx	r3
  40181c:	2800      	cmp	r0, #0
  40181e:	d0c6      	beq.n	4017ae <xQueueSemaphoreTake+0xee>
					if (pxQueue->uxQueueType == queueQUEUE_IS_MUTEX) {
  401820:	6823      	ldr	r3, [r4, #0]
  401822:	2b00      	cmp	r3, #0
  401824:	d0ba      	beq.n	40179c <xQueueSemaphoreTake+0xdc>
				vTaskPlaceOnEventList(&(pxQueue->xTasksWaitingToReceive), xTicksToWait);
  401826:	9901      	ldr	r1, [sp, #4]
  401828:	f104 0024 	add.w	r0, r4, #36	; 0x24
  40182c:	4b1d      	ldr	r3, [pc, #116]	; (4018a4 <xQueueSemaphoreTake+0x1e4>)
  40182e:	4798      	blx	r3
				prvUnlockQueue(pxQueue);
  401830:	4620      	mov	r0, r4
  401832:	4b17      	ldr	r3, [pc, #92]	; (401890 <xQueueSemaphoreTake+0x1d0>)
  401834:	4798      	blx	r3
				if (xTaskResumeAll() == pdFALSE) {
  401836:	4b17      	ldr	r3, [pc, #92]	; (401894 <xQueueSemaphoreTake+0x1d4>)
  401838:	4798      	blx	r3
  40183a:	2800      	cmp	r0, #0
  40183c:	d1c7      	bne.n	4017ce <xQueueSemaphoreTake+0x10e>
					portYIELD_WITHIN_API();
  40183e:	f04f 5280 	mov.w	r2, #268435456	; 0x10000000
  401842:	4b0e      	ldr	r3, [pc, #56]	; (40187c <xQueueSemaphoreTake+0x1bc>)
  401844:	601a      	str	r2, [r3, #0]
  401846:	f3bf 8f4f 	dsb	sy
  40184a:	f3bf 8f6f 	isb	sy
  40184e:	e7be      	b.n	4017ce <xQueueSemaphoreTake+0x10e>
					if (xInheritanceOccurred != pdFALSE) {
  401850:	2d00      	cmp	r5, #0
  401852:	d084      	beq.n	40175e <xQueueSemaphoreTake+0x9e>
						taskENTER_CRITICAL();
  401854:	4b0c      	ldr	r3, [pc, #48]	; (401888 <xQueueSemaphoreTake+0x1c8>)
  401856:	4798      	blx	r3
							uxHighestWaitingPriority = prvGetDisinheritPriorityAfterTimeout(pxQueue);
  401858:	4620      	mov	r0, r4
  40185a:	4b13      	ldr	r3, [pc, #76]	; (4018a8 <xQueueSemaphoreTake+0x1e8>)
  40185c:	4798      	blx	r3
							vTaskPriorityDisinheritAfterTimeout((void *)pxQueue->pxMutexHolder,
  40185e:	4601      	mov	r1, r0
  401860:	6860      	ldr	r0, [r4, #4]
  401862:	4b12      	ldr	r3, [pc, #72]	; (4018ac <xQueueSemaphoreTake+0x1ec>)
  401864:	4798      	blx	r3
						taskEXIT_CRITICAL();
  401866:	4b06      	ldr	r3, [pc, #24]	; (401880 <xQueueSemaphoreTake+0x1c0>)
  401868:	4798      	blx	r3
				return errQUEUE_EMPTY;
  40186a:	2500      	movs	r5, #0
  40186c:	e777      	b.n	40175e <xQueueSemaphoreTake+0x9e>
  40186e:	bf00      	nop
  401870:	004021d1 	.word	0x004021d1
  401874:	00402401 	.word	0x00402401
  401878:	00402085 	.word	0x00402085
  40187c:	e000ed04 	.word	0xe000ed04
  401880:	00400bf1 	.word	0x00400bf1
  401884:	00402119 	.word	0x00402119
  401888:	00400ba5 	.word	0x00400ba5
  40188c:	004021f1 	.word	0x004021f1
  401890:	0040102d 	.word	0x0040102d
  401894:	00401df9 	.word	0x00401df9
  401898:	00400ed5 	.word	0x00400ed5
  40189c:	00401ca1 	.word	0x00401ca1
  4018a0:	0040212d 	.word	0x0040212d
  4018a4:	00401ffd 	.word	0x00401ffd
  4018a8:	00400e9b 	.word	0x00400e9b
  4018ac:	00402345 	.word	0x00402345

004018b0 <vQueueWaitForMessageRestricted>:
{
  4018b0:	b570      	push	{r4, r5, r6, lr}
  4018b2:	4604      	mov	r4, r0
  4018b4:	460d      	mov	r5, r1
  4018b6:	4616      	mov	r6, r2
	prvLockQueue(pxQueue);
  4018b8:	4b12      	ldr	r3, [pc, #72]	; (401904 <vQueueWaitForMessageRestricted+0x54>)
  4018ba:	4798      	blx	r3
  4018bc:	f894 3044 	ldrb.w	r3, [r4, #68]	; 0x44
  4018c0:	b25b      	sxtb	r3, r3
  4018c2:	f1b3 3fff 	cmp.w	r3, #4294967295
  4018c6:	d00d      	beq.n	4018e4 <vQueueWaitForMessageRestricted+0x34>
  4018c8:	f894 3045 	ldrb.w	r3, [r4, #69]	; 0x45
  4018cc:	b25b      	sxtb	r3, r3
  4018ce:	f1b3 3fff 	cmp.w	r3, #4294967295
  4018d2:	d00b      	beq.n	4018ec <vQueueWaitForMessageRestricted+0x3c>
  4018d4:	4b0c      	ldr	r3, [pc, #48]	; (401908 <vQueueWaitForMessageRestricted+0x58>)
  4018d6:	4798      	blx	r3
	if (pxQueue->uxMessagesWaiting == (UBaseType_t)0U) {
  4018d8:	6ba3      	ldr	r3, [r4, #56]	; 0x38
  4018da:	b15b      	cbz	r3, 4018f4 <vQueueWaitForMessageRestricted+0x44>
	prvUnlockQueue(pxQueue);
  4018dc:	4620      	mov	r0, r4
  4018de:	4b0b      	ldr	r3, [pc, #44]	; (40190c <vQueueWaitForMessageRestricted+0x5c>)
  4018e0:	4798      	blx	r3
  4018e2:	bd70      	pop	{r4, r5, r6, pc}
	prvLockQueue(pxQueue);
  4018e4:	2300      	movs	r3, #0
  4018e6:	f884 3044 	strb.w	r3, [r4, #68]	; 0x44
  4018ea:	e7ed      	b.n	4018c8 <vQueueWaitForMessageRestricted+0x18>
  4018ec:	2300      	movs	r3, #0
  4018ee:	f884 3045 	strb.w	r3, [r4, #69]	; 0x45
  4018f2:	e7ef      	b.n	4018d4 <vQueueWaitForMessageRestricted+0x24>
		vTaskPlaceOnEventListRestricted(&(pxQueue->xTasksWaitingToReceive), xTicksToWait, xWaitIndefinitely);
  4018f4:	4632      	mov	r2, r6
  4018f6:	4629      	mov	r1, r5
  4018f8:	f104 0024 	add.w	r0, r4, #36	; 0x24
  4018fc:	4b04      	ldr	r3, [pc, #16]	; (401910 <vQueueWaitForMessageRestricted+0x60>)
  4018fe:	4798      	blx	r3
  401900:	e7ec      	b.n	4018dc <vQueueWaitForMessageRestricted+0x2c>
  401902:	bf00      	nop
  401904:	00400ba5 	.word	0x00400ba5
  401908:	00400bf1 	.word	0x00400bf1
  40190c:	0040102d 	.word	0x0040102d
  401910:	0040203d 	.word	0x0040203d

00401914 <prvIdleTask>:

			A critical region is not required here as we are just reading from
			the list, and an occasional incorrect value will not matter.  If
			the ready list at the idle priority contains more than one task
			then a task other than the idle task is ready to execute. */
			if (listCURRENT_LIST_LENGTH(&(pxReadyTasksLists[tskIDLE_PRIORITY])) > (UBaseType_t)1) {
  401914:	4b06      	ldr	r3, [pc, #24]	; (401930 <prvIdleTask+0x1c>)
  401916:	6a9b      	ldr	r3, [r3, #40]	; 0x28
  401918:	2b01      	cmp	r3, #1
  40191a:	d9fb      	bls.n	401914 <prvIdleTask>
				taskYIELD();
  40191c:	f04f 5280 	mov.w	r2, #268435456	; 0x10000000
  401920:	4b04      	ldr	r3, [pc, #16]	; (401934 <prvIdleTask+0x20>)
  401922:	601a      	str	r2, [r3, #0]
  401924:	f3bf 8f4f 	dsb	sy
  401928:	f3bf 8f6f 	isb	sy
  40192c:	e7f2      	b.n	401914 <prvIdleTask>
  40192e:	bf00      	nop
  401930:	20400990 	.word	0x20400990
  401934:	e000ed04 	.word	0xe000ed04

00401938 <prvResetNextTaskUnblockTime>:

static void prvResetNextTaskUnblockTime(void)
{
	TCB_t *pxTCB;

	if (listLIST_IS_EMPTY(pxDelayedTaskList) != pdFALSE) {
  401938:	4b0b      	ldr	r3, [pc, #44]	; (401968 <prvResetNextTaskUnblockTime+0x30>)
  40193a:	f8d3 308c 	ldr.w	r3, [r3, #140]	; 0x8c
  40193e:	681b      	ldr	r3, [r3, #0]
  401940:	b953      	cbnz	r3, 401958 <prvResetNextTaskUnblockTime+0x20>
  401942:	2301      	movs	r3, #1
  401944:	b953      	cbnz	r3, 40195c <prvResetNextTaskUnblockTime+0x24>
	} else {
		/* The new current delayed list is not empty, get the value of
		the item at the head of the delayed list.  This is the time at
		which the task at the head of the delayed list should be removed
		from the Blocked state. */
		(pxTCB)              = (TCB_t *)listGET_OWNER_OF_HEAD_ENTRY(pxDelayedTaskList);
  401946:	4b08      	ldr	r3, [pc, #32]	; (401968 <prvResetNextTaskUnblockTime+0x30>)
  401948:	f8d3 208c 	ldr.w	r2, [r3, #140]	; 0x8c
  40194c:	68d2      	ldr	r2, [r2, #12]
  40194e:	68d2      	ldr	r2, [r2, #12]
		xNextTaskUnblockTime = listGET_LIST_ITEM_VALUE(&((pxTCB)->xStateListItem));
  401950:	6852      	ldr	r2, [r2, #4]
  401952:	f8c3 2090 	str.w	r2, [r3, #144]	; 0x90
  401956:	4770      	bx	lr
	if (listLIST_IS_EMPTY(pxDelayedTaskList) != pdFALSE) {
  401958:	2300      	movs	r3, #0
  40195a:	e7f3      	b.n	401944 <prvResetNextTaskUnblockTime+0xc>
		xNextTaskUnblockTime = portMAX_DELAY;
  40195c:	f04f 32ff 	mov.w	r2, #4294967295
  401960:	4b01      	ldr	r3, [pc, #4]	; (401968 <prvResetNextTaskUnblockTime+0x30>)
  401962:	f8c3 2090 	str.w	r2, [r3, #144]	; 0x90
  401966:	4770      	bx	lr
  401968:	20400990 	.word	0x20400990

0040196c <prvInitialiseNewTask>:
{
  40196c:	e92d 4ff8 	stmdb	sp!, {r3, r4, r5, r6, r7, r8, r9, sl, fp, lr}
  401970:	4681      	mov	r9, r0
  401972:	460d      	mov	r5, r1
  401974:	4693      	mov	fp, r2
  401976:	469a      	mov	sl, r3
  401978:	9e0a      	ldr	r6, [sp, #40]	; 0x28
  40197a:	f8dd 802c 	ldr.w	r8, [sp, #44]	; 0x2c
  40197e:	9c0c      	ldr	r4, [sp, #48]	; 0x30
		(void)memset(pxNewTCB->pxStack, (int)tskSTACK_FILL_BYTE, (size_t)ulStackDepth * sizeof(StackType_t));
  401980:	0092      	lsls	r2, r2, #2
  401982:	21a5      	movs	r1, #165	; 0xa5
  401984:	6b20      	ldr	r0, [r4, #48]	; 0x30
  401986:	4b1d      	ldr	r3, [pc, #116]	; (4019fc <prvInitialiseNewTask+0x90>)
  401988:	4798      	blx	r3
		pxTopOfStack = pxNewTCB->pxStack + (ulStackDepth - (uint32_t)1);
  40198a:	6b27      	ldr	r7, [r4, #48]	; 0x30
  40198c:	f06f 4340 	mvn.w	r3, #3221225472	; 0xc0000000
  401990:	445b      	add	r3, fp
  401992:	eb07 0783 	add.w	r7, r7, r3, lsl #2
		                      & (~(
  401996:	f027 0707 	bic.w	r7, r7, #7
	for (x = (UBaseType_t)0; x < (UBaseType_t)configMAX_TASK_NAME_LEN; x++) {
  40199a:	2300      	movs	r3, #0
  40199c:	2b07      	cmp	r3, #7
  40199e:	d807      	bhi.n	4019b0 <prvInitialiseNewTask+0x44>
		pxNewTCB->pcTaskName[x] = pcName[x];
  4019a0:	5ce9      	ldrb	r1, [r5, r3]
  4019a2:	18e2      	adds	r2, r4, r3
  4019a4:	f882 1034 	strb.w	r1, [r2, #52]	; 0x34
		if (pcName[x] == 0x00) {
  4019a8:	5cea      	ldrb	r2, [r5, r3]
  4019aa:	b10a      	cbz	r2, 4019b0 <prvInitialiseNewTask+0x44>
	for (x = (UBaseType_t)0; x < (UBaseType_t)configMAX_TASK_NAME_LEN; x++) {
  4019ac:	3301      	adds	r3, #1
  4019ae:	e7f5      	b.n	40199c <prvInitialiseNewTask+0x30>
	pxNewTCB->pcTaskName[configMAX_TASK_NAME_LEN - 1] = '\0';
  4019b0:	2300      	movs	r3, #0
  4019b2:	f884 303b 	strb.w	r3, [r4, #59]	; 0x3b
	if (uxPriority >= (UBaseType_t)configMAX_PRIORITIES) {
  4019b6:	2e04      	cmp	r6, #4
  4019b8:	d900      	bls.n	4019bc <prvInitialiseNewTask+0x50>
		uxPriority = (UBaseType_t)configMAX_PRIORITIES - (UBaseType_t)1U;
  4019ba:	2604      	movs	r6, #4
	pxNewTCB->uxPriority = uxPriority;
  4019bc:	62e6      	str	r6, [r4, #44]	; 0x2c
		pxNewTCB->uxBasePriority = uxPriority;
  4019be:	6466      	str	r6, [r4, #68]	; 0x44
		pxNewTCB->uxMutexesHeld  = 0;
  4019c0:	2500      	movs	r5, #0
  4019c2:	64a5      	str	r5, [r4, #72]	; 0x48
	vListInitialiseItem(&(pxNewTCB->xStateListItem));
  4019c4:	1d20      	adds	r0, r4, #4
  4019c6:	f8df b03c 	ldr.w	fp, [pc, #60]	; 401a04 <prvInitialiseNewTask+0x98>
  4019ca:	47d8      	blx	fp
	vListInitialiseItem(&(pxNewTCB->xEventListItem));
  4019cc:	f104 0018 	add.w	r0, r4, #24
  4019d0:	47d8      	blx	fp
	listSET_LIST_ITEM_OWNER(&(pxNewTCB->xStateListItem), pxNewTCB);
  4019d2:	6124      	str	r4, [r4, #16]
	listSET_LIST_ITEM_VALUE(
  4019d4:	f1c6 0605 	rsb	r6, r6, #5
  4019d8:	61a6      	str	r6, [r4, #24]
	listSET_LIST_ITEM_OWNER(&(pxNewTCB->xEventListItem), pxNewTCB);
  4019da:	6264      	str	r4, [r4, #36]	; 0x24
		pxNewTCB->ulNotifiedValue = 0;
  4019dc:	64e5      	str	r5, [r4, #76]	; 0x4c
		pxNewTCB->ucNotifyState   = taskNOT_WAITING_NOTIFICATION;
  4019de:	f884 5050 	strb.w	r5, [r4, #80]	; 0x50
		pxNewTCB->pxTopOfStack = pxPortInitialiseStack(pxTopOfStack, pxTaskCode, pvParameters);
  4019e2:	4652      	mov	r2, sl
  4019e4:	4649      	mov	r1, r9
  4019e6:	4638      	mov	r0, r7
  4019e8:	4b05      	ldr	r3, [pc, #20]	; (401a00 <prvInitialiseNewTask+0x94>)
  4019ea:	4798      	blx	r3
  4019ec:	6020      	str	r0, [r4, #0]
	if ((void *)pxCreatedTask != NULL) {
  4019ee:	f1b8 0f00 	cmp.w	r8, #0
  4019f2:	d001      	beq.n	4019f8 <prvInitialiseNewTask+0x8c>
		*pxCreatedTask = (TaskHandle_t)pxNewTCB;
  4019f4:	f8c8 4000 	str.w	r4, [r8]
  4019f8:	e8bd 8ff8 	ldmia.w	sp!, {r3, r4, r5, r6, r7, r8, r9, sl, fp, pc}
  4019fc:	004028f7 	.word	0x004028f7
  401a00:	00400b4d 	.word	0x00400b4d
  401a04:	00400a4f 	.word	0x00400a4f

00401a08 <prvInitialiseTaskLists>:
{
  401a08:	b5f8      	push	{r3, r4, r5, r6, r7, lr}
	for (uxPriority = (UBaseType_t)0U; uxPriority < (UBaseType_t)configMAX_PRIORITIES; uxPriority++) {
  401a0a:	2400      	movs	r4, #0
  401a0c:	e007      	b.n	401a1e <prvInitialiseTaskLists+0x16>
		vListInitialise(&(pxReadyTasksLists[uxPriority]));
  401a0e:	eb04 0284 	add.w	r2, r4, r4, lsl #2
  401a12:	0093      	lsls	r3, r2, #2
  401a14:	480d      	ldr	r0, [pc, #52]	; (401a4c <prvInitialiseTaskLists+0x44>)
  401a16:	4418      	add	r0, r3
  401a18:	4b0d      	ldr	r3, [pc, #52]	; (401a50 <prvInitialiseTaskLists+0x48>)
  401a1a:	4798      	blx	r3
	for (uxPriority = (UBaseType_t)0U; uxPriority < (UBaseType_t)configMAX_PRIORITIES; uxPriority++) {
  401a1c:	3401      	adds	r4, #1
  401a1e:	2c04      	cmp	r4, #4
  401a20:	d9f5      	bls.n	401a0e <prvInitialiseTaskLists+0x6>
	vListInitialise(&xDelayedTaskList1);
  401a22:	4c0c      	ldr	r4, [pc, #48]	; (401a54 <prvInitialiseTaskLists+0x4c>)
  401a24:	f104 0794 	add.w	r7, r4, #148	; 0x94
  401a28:	4638      	mov	r0, r7
  401a2a:	4d09      	ldr	r5, [pc, #36]	; (401a50 <prvInitialiseTaskLists+0x48>)
  401a2c:	47a8      	blx	r5
	vListInitialise(&xDelayedTaskList2);
  401a2e:	f104 06a8 	add.w	r6, r4, #168	; 0xa8
  401a32:	4630      	mov	r0, r6
  401a34:	47a8      	blx	r5
	vListInitialise(&xPendingReadyList);
  401a36:	f104 0014 	add.w	r0, r4, #20
  401a3a:	47a8      	blx	r5
		vListInitialise(&xSuspendedTaskList);
  401a3c:	4620      	mov	r0, r4
  401a3e:	47a8      	blx	r5
	pxDelayedTaskList         = &xDelayedTaskList1;
  401a40:	f8c4 708c 	str.w	r7, [r4, #140]	; 0x8c
	pxOverflowDelayedTaskList = &xDelayedTaskList2;
  401a44:	f8c4 60bc 	str.w	r6, [r4, #188]	; 0xbc
  401a48:	bdf8      	pop	{r3, r4, r5, r6, r7, pc}
  401a4a:	bf00      	nop
  401a4c:	204009b8 	.word	0x204009b8
  401a50:	00400a39 	.word	0x00400a39
  401a54:	20400990 	.word	0x20400990

00401a58 <prvAddNewTaskToReadyList>:
{
  401a58:	b538      	push	{r3, r4, r5, lr}
  401a5a:	4604      	mov	r4, r0
	taskENTER_CRITICAL();
  401a5c:	4b28      	ldr	r3, [pc, #160]	; (401b00 <prvAddNewTaskToReadyList+0xa8>)
  401a5e:	4798      	blx	r3
		uxCurrentNumberOfTasks++;
  401a60:	4b28      	ldr	r3, [pc, #160]	; (401b04 <prvAddNewTaskToReadyList+0xac>)
  401a62:	f8d3 20c0 	ldr.w	r2, [r3, #192]	; 0xc0
  401a66:	3201      	adds	r2, #1
  401a68:	f8c3 20c0 	str.w	r2, [r3, #192]	; 0xc0
		if (pxCurrentTCB == NULL) {
  401a6c:	f8d3 30c4 	ldr.w	r3, [r3, #196]	; 0xc4
  401a70:	2b00      	cmp	r3, #0
  401a72:	d03a      	beq.n	401aea <prvAddNewTaskToReadyList+0x92>
			if (xSchedulerRunning == pdFALSE) {
  401a74:	4b23      	ldr	r3, [pc, #140]	; (401b04 <prvAddNewTaskToReadyList+0xac>)
  401a76:	f8d3 30c8 	ldr.w	r3, [r3, #200]	; 0xc8
  401a7a:	b94b      	cbnz	r3, 401a90 <prvAddNewTaskToReadyList+0x38>
				if (pxCurrentTCB->uxPriority <= pxNewTCB->uxPriority) {
  401a7c:	4b21      	ldr	r3, [pc, #132]	; (401b04 <prvAddNewTaskToReadyList+0xac>)
  401a7e:	f8d3 30c4 	ldr.w	r3, [r3, #196]	; 0xc4
  401a82:	6ada      	ldr	r2, [r3, #44]	; 0x2c
  401a84:	6ae3      	ldr	r3, [r4, #44]	; 0x2c
  401a86:	429a      	cmp	r2, r3
  401a88:	d802      	bhi.n	401a90 <prvAddNewTaskToReadyList+0x38>
					pxCurrentTCB = pxNewTCB;
  401a8a:	4b1e      	ldr	r3, [pc, #120]	; (401b04 <prvAddNewTaskToReadyList+0xac>)
  401a8c:	f8c3 40c4 	str.w	r4, [r3, #196]	; 0xc4
		uxTaskNumber++;
  401a90:	4a1c      	ldr	r2, [pc, #112]	; (401b04 <prvAddNewTaskToReadyList+0xac>)
  401a92:	f8d2 30cc 	ldr.w	r3, [r2, #204]	; 0xcc
  401a96:	3301      	adds	r3, #1
  401a98:	f8c2 30cc 	str.w	r3, [r2, #204]	; 0xcc
			pxNewTCB->uxTCBNumber = uxTaskNumber;
  401a9c:	63e3      	str	r3, [r4, #60]	; 0x3c
		prvAddTaskToReadyList(pxNewTCB);
  401a9e:	6ae3      	ldr	r3, [r4, #44]	; 0x2c
  401aa0:	f8d2 20d0 	ldr.w	r2, [r2, #208]	; 0xd0
  401aa4:	4293      	cmp	r3, r2
  401aa6:	d902      	bls.n	401aae <prvAddNewTaskToReadyList+0x56>
  401aa8:	4a16      	ldr	r2, [pc, #88]	; (401b04 <prvAddNewTaskToReadyList+0xac>)
  401aaa:	f8c2 30d0 	str.w	r3, [r2, #208]	; 0xd0
  401aae:	4d15      	ldr	r5, [pc, #84]	; (401b04 <prvAddNewTaskToReadyList+0xac>)
  401ab0:	f105 0028 	add.w	r0, r5, #40	; 0x28
  401ab4:	eb03 0383 	add.w	r3, r3, r3, lsl #2
  401ab8:	009a      	lsls	r2, r3, #2
  401aba:	1d21      	adds	r1, r4, #4
  401abc:	4410      	add	r0, r2
  401abe:	4b12      	ldr	r3, [pc, #72]	; (401b08 <prvAddNewTaskToReadyList+0xb0>)
  401ac0:	4798      	blx	r3
	taskEXIT_CRITICAL();
  401ac2:	4b12      	ldr	r3, [pc, #72]	; (401b0c <prvAddNewTaskToReadyList+0xb4>)
  401ac4:	4798      	blx	r3
	if (xSchedulerRunning != pdFALSE) {
  401ac6:	f8d5 30c8 	ldr.w	r3, [r5, #200]	; 0xc8
  401aca:	b16b      	cbz	r3, 401ae8 <prvAddNewTaskToReadyList+0x90>
		if (pxCurrentTCB->uxPriority < pxNewTCB->uxPriority) {
  401acc:	f8d5 30c4 	ldr.w	r3, [r5, #196]	; 0xc4
  401ad0:	6ada      	ldr	r2, [r3, #44]	; 0x2c
  401ad2:	6ae3      	ldr	r3, [r4, #44]	; 0x2c
  401ad4:	429a      	cmp	r2, r3
  401ad6:	d207      	bcs.n	401ae8 <prvAddNewTaskToReadyList+0x90>
			taskYIELD_IF_USING_PREEMPTION();
  401ad8:	f04f 5280 	mov.w	r2, #268435456	; 0x10000000
  401adc:	4b0c      	ldr	r3, [pc, #48]	; (401b10 <prvAddNewTaskToReadyList+0xb8>)
  401ade:	601a      	str	r2, [r3, #0]
  401ae0:	f3bf 8f4f 	dsb	sy
  401ae4:	f3bf 8f6f 	isb	sy
  401ae8:	bd38      	pop	{r3, r4, r5, pc}
			pxCurrentTCB = pxNewTCB;
  401aea:	4b06      	ldr	r3, [pc, #24]	; (401b04 <prvAddNewTaskToReadyList+0xac>)
  401aec:	f8c3 40c4 	str.w	r4, [r3, #196]	; 0xc4
			if (uxCurrentNumberOfTasks == (UBaseType_t)1) {
  401af0:	f8d3 30c0 	ldr.w	r3, [r3, #192]	; 0xc0
  401af4:	2b01      	cmp	r3, #1
  401af6:	d1cb      	bne.n	401a90 <prvAddNewTaskToReadyList+0x38>
				prvInitialiseTaskLists();
  401af8:	4b06      	ldr	r3, [pc, #24]	; (401b14 <prvAddNewTaskToReadyList+0xbc>)
  401afa:	4798      	blx	r3
  401afc:	e7c8      	b.n	401a90 <prvAddNewTaskToReadyList+0x38>
  401afe:	bf00      	nop
  401b00:	00400ba5 	.word	0x00400ba5
  401b04:	20400990 	.word	0x20400990
  401b08:	00400a55 	.word	0x00400a55
  401b0c:	00400bf1 	.word	0x00400bf1
  401b10:	e000ed04 	.word	0xe000ed04
  401b14:	00401a09 	.word	0x00401a09

00401b18 <prvAddCurrentTaskToDelayedList>:

#endif /* configUSE_TASK_NOTIFICATIONS */
/*-----------------------------------------------------------*/

static void prvAddCurrentTaskToDelayedList(TickType_t xTicksToWait, const BaseType_t xCanBlockIndefinitely)
{
  401b18:	b570      	push	{r4, r5, r6, lr}
  401b1a:	4604      	mov	r4, r0
  401b1c:	460e      	mov	r6, r1
	TickType_t       xTimeToWake;
	const TickType_t xConstTickCount = xTickCount;
  401b1e:	4b1b      	ldr	r3, [pc, #108]	; (401b8c <prvAddCurrentTaskToDelayedList+0x74>)
  401b20:	f8d3 50d4 	ldr.w	r5, [r3, #212]	; 0xd4
	}
#endif

	/* Remove the task from the ready list before adding it to the blocked list
	as the same list item is used for both lists. */
	if (uxListRemove(&(pxCurrentTCB->xStateListItem)) == (UBaseType_t)0) {
  401b24:	f8d3 00c4 	ldr.w	r0, [r3, #196]	; 0xc4
  401b28:	3004      	adds	r0, #4
  401b2a:	4b19      	ldr	r3, [pc, #100]	; (401b90 <prvAddCurrentTaskToDelayedList+0x78>)
  401b2c:	4798      	blx	r3
		mtCOVERAGE_TEST_MARKER();
	}

#if (INCLUDE_vTaskSuspend == 1)
	{
		if ((xTicksToWait == portMAX_DELAY) && (xCanBlockIndefinitely != pdFALSE)) {
  401b2e:	f1b4 3fff 	cmp.w	r4, #4294967295
  401b32:	bf14      	ite	ne
  401b34:	2300      	movne	r3, #0
  401b36:	2301      	moveq	r3, #1
  401b38:	2e00      	cmp	r6, #0
  401b3a:	bf08      	it	eq
  401b3c:	2300      	moveq	r3, #0
  401b3e:	b9ab      	cbnz	r3, 401b6c <prvAddCurrentTaskToDelayedList+0x54>
			vListInsertEnd(&xSuspendedTaskList, &(pxCurrentTCB->xStateListItem));
		} else {
			/* Calculate the time at which the task should be woken if the event
			does not occur.  This may overflow but this doesn't matter, the
			kernel will manage it correctly. */
			xTimeToWake = xConstTickCount + xTicksToWait;
  401b40:	442c      	add	r4, r5

			/* The list item will be inserted in wake time order. */
			listSET_LIST_ITEM_VALUE(&(pxCurrentTCB->xStateListItem), xTimeToWake);
  401b42:	4b12      	ldr	r3, [pc, #72]	; (401b8c <prvAddCurrentTaskToDelayedList+0x74>)
  401b44:	f8d3 30c4 	ldr.w	r3, [r3, #196]	; 0xc4
  401b48:	605c      	str	r4, [r3, #4]

			if (xTimeToWake < xConstTickCount) {
  401b4a:	42a5      	cmp	r5, r4
  401b4c:	d815      	bhi.n	401b7a <prvAddCurrentTaskToDelayedList+0x62>
				list. */
				vListInsert(pxOverflowDelayedTaskList, &(pxCurrentTCB->xStateListItem));
			} else {
				/* The wake time has not overflowed, so the current block list
				is used. */
				vListInsert(pxDelayedTaskList, &(pxCurrentTCB->xStateListItem));
  401b4e:	4d0f      	ldr	r5, [pc, #60]	; (401b8c <prvAddCurrentTaskToDelayedList+0x74>)
  401b50:	f8d5 008c 	ldr.w	r0, [r5, #140]	; 0x8c
  401b54:	f8d5 10c4 	ldr.w	r1, [r5, #196]	; 0xc4
  401b58:	3104      	adds	r1, #4
  401b5a:	4b0e      	ldr	r3, [pc, #56]	; (401b94 <prvAddCurrentTaskToDelayedList+0x7c>)
  401b5c:	4798      	blx	r3

				/* If the task entering the blocked state was placed at the
				head of the list of blocked tasks then xNextTaskUnblockTime
				needs to be updated too. */
				if (xTimeToWake < xNextTaskUnblockTime) {
  401b5e:	f8d5 3090 	ldr.w	r3, [r5, #144]	; 0x90
  401b62:	429c      	cmp	r4, r3
  401b64:	d201      	bcs.n	401b6a <prvAddCurrentTaskToDelayedList+0x52>
					xNextTaskUnblockTime = xTimeToWake;
  401b66:	f8c5 4090 	str.w	r4, [r5, #144]	; 0x90
  401b6a:	bd70      	pop	{r4, r5, r6, pc}
			vListInsertEnd(&xSuspendedTaskList, &(pxCurrentTCB->xStateListItem));
  401b6c:	4807      	ldr	r0, [pc, #28]	; (401b8c <prvAddCurrentTaskToDelayedList+0x74>)
  401b6e:	f8d0 10c4 	ldr.w	r1, [r0, #196]	; 0xc4
  401b72:	3104      	adds	r1, #4
  401b74:	4b08      	ldr	r3, [pc, #32]	; (401b98 <prvAddCurrentTaskToDelayedList+0x80>)
  401b76:	4798      	blx	r3
  401b78:	bd70      	pop	{r4, r5, r6, pc}
				vListInsert(pxOverflowDelayedTaskList, &(pxCurrentTCB->xStateListItem));
  401b7a:	4b04      	ldr	r3, [pc, #16]	; (401b8c <prvAddCurrentTaskToDelayedList+0x74>)
  401b7c:	f8d3 00bc 	ldr.w	r0, [r3, #188]	; 0xbc
  401b80:	f8d3 10c4 	ldr.w	r1, [r3, #196]	; 0xc4
  401b84:	3104      	adds	r1, #4
  401b86:	4b03      	ldr	r3, [pc, #12]	; (401b94 <prvAddCurrentTaskToDelayedList+0x7c>)
  401b88:	4798      	blx	r3
  401b8a:	bd70      	pop	{r4, r5, r6, pc}
  401b8c:	20400990 	.word	0x20400990
  401b90:	00400aa1 	.word	0x00400aa1
  401b94:	00400a6d 	.word	0x00400a6d
  401b98:	00400a55 	.word	0x00400a55

00401b9c <xTaskCreate>:
{
  401b9c:	e92d 43f0 	stmdb	sp!, {r4, r5, r6, r7, r8, r9, lr}
  401ba0:	b085      	sub	sp, #20
  401ba2:	4606      	mov	r6, r0
  401ba4:	460f      	mov	r7, r1
  401ba6:	4615      	mov	r5, r2
  401ba8:	4698      	mov	r8, r3
		pxStack = (StackType_t *)pvPortMalloc(
  401baa:	0090      	lsls	r0, r2, #2
  401bac:	4b14      	ldr	r3, [pc, #80]	; (401c00 <xTaskCreate+0x64>)
  401bae:	4798      	blx	r3
		if (pxStack != NULL) {
  401bb0:	b300      	cbz	r0, 401bf4 <xTaskCreate+0x58>
  401bb2:	4681      	mov	r9, r0
			pxNewTCB = (TCB_t *)pvPortMalloc(
  401bb4:	2054      	movs	r0, #84	; 0x54
  401bb6:	4b12      	ldr	r3, [pc, #72]	; (401c00 <xTaskCreate+0x64>)
  401bb8:	4798      	blx	r3
			if (pxNewTCB != NULL) {
  401bba:	4604      	mov	r4, r0
  401bbc:	b1b0      	cbz	r0, 401bec <xTaskCreate+0x50>
				pxNewTCB->pxStack = pxStack;
  401bbe:	f8c0 9030 	str.w	r9, [r0, #48]	; 0x30
	if (pxNewTCB != NULL) {
  401bc2:	b1cc      	cbz	r4, 401bf8 <xTaskCreate+0x5c>
		prvInitialiseNewTask(
  401bc4:	2300      	movs	r3, #0
  401bc6:	9303      	str	r3, [sp, #12]
  401bc8:	9402      	str	r4, [sp, #8]
  401bca:	9b0d      	ldr	r3, [sp, #52]	; 0x34
  401bcc:	9301      	str	r3, [sp, #4]
  401bce:	9b0c      	ldr	r3, [sp, #48]	; 0x30
  401bd0:	9300      	str	r3, [sp, #0]
  401bd2:	4643      	mov	r3, r8
  401bd4:	462a      	mov	r2, r5
  401bd6:	4639      	mov	r1, r7
  401bd8:	4630      	mov	r0, r6
  401bda:	4d0a      	ldr	r5, [pc, #40]	; (401c04 <xTaskCreate+0x68>)
  401bdc:	47a8      	blx	r5
		prvAddNewTaskToReadyList(pxNewTCB);
  401bde:	4620      	mov	r0, r4
  401be0:	4b09      	ldr	r3, [pc, #36]	; (401c08 <xTaskCreate+0x6c>)
  401be2:	4798      	blx	r3
		xReturn = pdPASS;
  401be4:	2001      	movs	r0, #1
}
  401be6:	b005      	add	sp, #20
  401be8:	e8bd 83f0 	ldmia.w	sp!, {r4, r5, r6, r7, r8, r9, pc}
				vPortFree(pxStack);
  401bec:	4648      	mov	r0, r9
  401bee:	4b07      	ldr	r3, [pc, #28]	; (401c0c <xTaskCreate+0x70>)
  401bf0:	4798      	blx	r3
  401bf2:	e7e6      	b.n	401bc2 <xTaskCreate+0x26>
			pxNewTCB = NULL;
  401bf4:	2400      	movs	r4, #0
  401bf6:	e7e4      	b.n	401bc2 <xTaskCreate+0x26>
		xReturn = errCOULD_NOT_ALLOCATE_REQUIRED_MEMORY;
  401bf8:	f04f 30ff 	mov.w	r0, #4294967295
	return xReturn;
  401bfc:	e7f3      	b.n	401be6 <xTaskCreate+0x4a>
  401bfe:	bf00      	nop
  401c00:	00400e1d 	.word	0x00400e1d
  401c04:	0040196d 	.word	0x0040196d
  401c08:	00401a59 	.word	0x00401a59
  401c0c:	00400e81 	.word	0x00400e81

00401c10 <vTaskStartScheduler>:
{
  401c10:	b510      	push	{r4, lr}
  401c12:	b082      	sub	sp, #8
		xReturn = xTaskCreate(prvIdleTask,
  401c14:	4b1b      	ldr	r3, [pc, #108]	; (401c84 <vTaskStartScheduler+0x74>)
  401c16:	9301      	str	r3, [sp, #4]
  401c18:	2300      	movs	r3, #0
  401c1a:	9300      	str	r3, [sp, #0]
  401c1c:	2240      	movs	r2, #64	; 0x40
  401c1e:	491a      	ldr	r1, [pc, #104]	; (401c88 <vTaskStartScheduler+0x78>)
  401c20:	481a      	ldr	r0, [pc, #104]	; (401c8c <vTaskStartScheduler+0x7c>)
  401c22:	4c1b      	ldr	r4, [pc, #108]	; (401c90 <vTaskStartScheduler+0x80>)
  401c24:	47a0      	blx	r4
		if (xReturn == pdPASS) {
  401c26:	2801      	cmp	r0, #1
  401c28:	d006      	beq.n	401c38 <vTaskStartScheduler+0x28>
	if (xReturn == pdPASS) {
  401c2a:	2801      	cmp	r0, #1
  401c2c:	d007      	beq.n	401c3e <vTaskStartScheduler+0x2e>
		configASSERT(xReturn != errCOULD_NOT_ALLOCATE_REQUIRED_MEMORY);
  401c2e:	f1b0 3fff 	cmp.w	r0, #4294967295
  401c32:	d01c      	beq.n	401c6e <vTaskStartScheduler+0x5e>
}
  401c34:	b002      	add	sp, #8
  401c36:	bd10      	pop	{r4, pc}
			xReturn = xTimerCreateTimerTask();
  401c38:	4b16      	ldr	r3, [pc, #88]	; (401c94 <vTaskStartScheduler+0x84>)
  401c3a:	4798      	blx	r3
  401c3c:	e7f5      	b.n	401c2a <vTaskStartScheduler+0x1a>
  401c3e:	f04f 0380 	mov.w	r3, #128	; 0x80
  401c42:	b672      	cpsid	i
  401c44:	f383 8811 	msr	BASEPRI, r3
  401c48:	f3bf 8f6f 	isb	sy
  401c4c:	f3bf 8f4f 	dsb	sy
  401c50:	b662      	cpsie	i
		xNextTaskUnblockTime = portMAX_DELAY;
  401c52:	4b11      	ldr	r3, [pc, #68]	; (401c98 <vTaskStartScheduler+0x88>)
  401c54:	f04f 32ff 	mov.w	r2, #4294967295
  401c58:	f8c3 2090 	str.w	r2, [r3, #144]	; 0x90
		xSchedulerRunning    = pdTRUE;
  401c5c:	2201      	movs	r2, #1
  401c5e:	f8c3 20c8 	str.w	r2, [r3, #200]	; 0xc8
		xTickCount           = (TickType_t)0U;
  401c62:	2200      	movs	r2, #0
  401c64:	f8c3 20d4 	str.w	r2, [r3, #212]	; 0xd4
		if (xPortStartScheduler() != pdFALSE) {
  401c68:	4b0c      	ldr	r3, [pc, #48]	; (401c9c <vTaskStartScheduler+0x8c>)
  401c6a:	4798      	blx	r3
  401c6c:	e7e2      	b.n	401c34 <vTaskStartScheduler+0x24>
  401c6e:	f04f 0380 	mov.w	r3, #128	; 0x80
  401c72:	b672      	cpsid	i
  401c74:	f383 8811 	msr	BASEPRI, r3
  401c78:	f3bf 8f6f 	isb	sy
  401c7c:	f3bf 8f4f 	dsb	sy
  401c80:	b662      	cpsie	i
  401c82:	e7fe      	b.n	401c82 <vTaskStartScheduler+0x72>
  401c84:	20400a6c 	.word	0x20400a6c
  401c88:	00402a88 	.word	0x00402a88
  401c8c:	00401915 	.word	0x00401915
  401c90:	00401b9d 	.word	0x00401b9d
  401c94:	004024dd 	.word	0x004024dd
  401c98:	20400990 	.word	0x20400990
  401c9c:	00400ce1 	.word	0x00400ce1

00401ca0 <vTaskSuspendAll>:
	++uxSchedulerSuspended;
  401ca0:	4a03      	ldr	r2, [pc, #12]	; (401cb0 <vTaskSuspendAll+0x10>)
  401ca2:	f8d2 30d8 	ldr.w	r3, [r2, #216]	; 0xd8
  401ca6:	3301      	adds	r3, #1
  401ca8:	f8c2 30d8 	str.w	r3, [r2, #216]	; 0xd8
  401cac:	4770      	bx	lr
  401cae:	bf00      	nop
  401cb0:	20400990 	.word	0x20400990

00401cb4 <xTaskGetTickCount>:
		xTicks = xTickCount;
  401cb4:	4b01      	ldr	r3, [pc, #4]	; (401cbc <xTaskGetTickCount+0x8>)
  401cb6:	f8d3 00d4 	ldr.w	r0, [r3, #212]	; 0xd4
}
  401cba:	4770      	bx	lr
  401cbc:	20400990 	.word	0x20400990

00401cc0 <xTaskIncrementTick>:
{
  401cc0:	e92d 41f0 	stmdb	sp!, {r4, r5, r6, r7, r8, lr}
	if (uxSchedulerSuspended == (UBaseType_t)pdFALSE) {
  401cc4:	4b48      	ldr	r3, [pc, #288]	; (401de8 <xTaskIncrementTick+0x128>)
  401cc6:	f8d3 30d8 	ldr.w	r3, [r3, #216]	; 0xd8
  401cca:	2b00      	cmp	r3, #0
  401ccc:	d17d      	bne.n	401dca <xTaskIncrementTick+0x10a>
		const TickType_t xConstTickCount = xTickCount + (TickType_t)1;
  401cce:	4b46      	ldr	r3, [pc, #280]	; (401de8 <xTaskIncrementTick+0x128>)
  401cd0:	f8d3 50d4 	ldr.w	r5, [r3, #212]	; 0xd4
  401cd4:	3501      	adds	r5, #1
		xTickCount = xConstTickCount;
  401cd6:	f8c3 50d4 	str.w	r5, [r3, #212]	; 0xd4
		if (xConstTickCount
  401cda:	b9f5      	cbnz	r5, 401d1a <xTaskIncrementTick+0x5a>
			taskSWITCH_DELAYED_LISTS();
  401cdc:	f8d3 308c 	ldr.w	r3, [r3, #140]	; 0x8c
  401ce0:	681b      	ldr	r3, [r3, #0]
  401ce2:	b153      	cbz	r3, 401cfa <xTaskIncrementTick+0x3a>
  401ce4:	f04f 0380 	mov.w	r3, #128	; 0x80
  401ce8:	b672      	cpsid	i
  401cea:	f383 8811 	msr	BASEPRI, r3
  401cee:	f3bf 8f6f 	isb	sy
  401cf2:	f3bf 8f4f 	dsb	sy
  401cf6:	b662      	cpsie	i
  401cf8:	e7fe      	b.n	401cf8 <xTaskIncrementTick+0x38>
  401cfa:	4b3b      	ldr	r3, [pc, #236]	; (401de8 <xTaskIncrementTick+0x128>)
  401cfc:	f8d3 208c 	ldr.w	r2, [r3, #140]	; 0x8c
  401d00:	f8d3 10bc 	ldr.w	r1, [r3, #188]	; 0xbc
  401d04:	f8c3 108c 	str.w	r1, [r3, #140]	; 0x8c
  401d08:	f8c3 20bc 	str.w	r2, [r3, #188]	; 0xbc
  401d0c:	f8d3 20e0 	ldr.w	r2, [r3, #224]	; 0xe0
  401d10:	3201      	adds	r2, #1
  401d12:	f8c3 20e0 	str.w	r2, [r3, #224]	; 0xe0
  401d16:	4b35      	ldr	r3, [pc, #212]	; (401dec <xTaskIncrementTick+0x12c>)
  401d18:	4798      	blx	r3
		if (xConstTickCount >= xNextTaskUnblockTime) {
  401d1a:	4b33      	ldr	r3, [pc, #204]	; (401de8 <xTaskIncrementTick+0x128>)
  401d1c:	f8d3 3090 	ldr.w	r3, [r3, #144]	; 0x90
  401d20:	429d      	cmp	r5, r3
  401d22:	d244      	bcs.n	401dae <xTaskIncrementTick+0xee>
	BaseType_t xSwitchRequired = pdFALSE;
  401d24:	2400      	movs	r4, #0
			if (listCURRENT_LIST_LENGTH(&(pxReadyTasksLists[pxCurrentTCB->uxPriority])) > (UBaseType_t)1) {
  401d26:	4a30      	ldr	r2, [pc, #192]	; (401de8 <xTaskIncrementTick+0x128>)
  401d28:	f8d2 30c4 	ldr.w	r3, [r2, #196]	; 0xc4
  401d2c:	6adb      	ldr	r3, [r3, #44]	; 0x2c
  401d2e:	eb03 0383 	add.w	r3, r3, r3, lsl #2
  401d32:	0099      	lsls	r1, r3, #2
  401d34:	440a      	add	r2, r1
  401d36:	6a93      	ldr	r3, [r2, #40]	; 0x28
  401d38:	2b01      	cmp	r3, #1
  401d3a:	d94d      	bls.n	401dd8 <xTaskIncrementTick+0x118>
				xSwitchRequired = pdTRUE;
  401d3c:	2401      	movs	r4, #1
  401d3e:	e04b      	b.n	401dd8 <xTaskIncrementTick+0x118>
							xSwitchRequired = pdTRUE;
  401d40:	2401      	movs	r4, #1
				if (listLIST_IS_EMPTY(pxDelayedTaskList) != pdFALSE) {
  401d42:	4b29      	ldr	r3, [pc, #164]	; (401de8 <xTaskIncrementTick+0x128>)
  401d44:	f8d3 308c 	ldr.w	r3, [r3, #140]	; 0x8c
  401d48:	681b      	ldr	r3, [r3, #0]
  401d4a:	2b00      	cmp	r3, #0
  401d4c:	d031      	beq.n	401db2 <xTaskIncrementTick+0xf2>
  401d4e:	2300      	movs	r3, #0
  401d50:	2b00      	cmp	r3, #0
  401d52:	d130      	bne.n	401db6 <xTaskIncrementTick+0xf6>
					pxTCB      = (TCB_t *)listGET_OWNER_OF_HEAD_ENTRY(pxDelayedTaskList);
  401d54:	4b24      	ldr	r3, [pc, #144]	; (401de8 <xTaskIncrementTick+0x128>)
  401d56:	f8d3 308c 	ldr.w	r3, [r3, #140]	; 0x8c
  401d5a:	68db      	ldr	r3, [r3, #12]
  401d5c:	68de      	ldr	r6, [r3, #12]
					xItemValue = listGET_LIST_ITEM_VALUE(&(pxTCB->xStateListItem));
  401d5e:	6873      	ldr	r3, [r6, #4]
					if (xConstTickCount < xItemValue) {
  401d60:	429d      	cmp	r5, r3
  401d62:	d32e      	bcc.n	401dc2 <xTaskIncrementTick+0x102>
					(void)uxListRemove(&(pxTCB->xStateListItem));
  401d64:	f106 0804 	add.w	r8, r6, #4
  401d68:	4640      	mov	r0, r8
  401d6a:	4b21      	ldr	r3, [pc, #132]	; (401df0 <xTaskIncrementTick+0x130>)
  401d6c:	4798      	blx	r3
					if (listLIST_ITEM_CONTAINER(&(pxTCB->xEventListItem)) != NULL) {
  401d6e:	6ab3      	ldr	r3, [r6, #40]	; 0x28
  401d70:	b11b      	cbz	r3, 401d7a <xTaskIncrementTick+0xba>
						(void)uxListRemove(&(pxTCB->xEventListItem));
  401d72:	f106 0018 	add.w	r0, r6, #24
  401d76:	4b1e      	ldr	r3, [pc, #120]	; (401df0 <xTaskIncrementTick+0x130>)
  401d78:	4798      	blx	r3
					prvAddTaskToReadyList(pxTCB);
  401d7a:	6af3      	ldr	r3, [r6, #44]	; 0x2c
  401d7c:	4a1a      	ldr	r2, [pc, #104]	; (401de8 <xTaskIncrementTick+0x128>)
  401d7e:	f8d2 20d0 	ldr.w	r2, [r2, #208]	; 0xd0
  401d82:	4293      	cmp	r3, r2
  401d84:	d902      	bls.n	401d8c <xTaskIncrementTick+0xcc>
  401d86:	4a18      	ldr	r2, [pc, #96]	; (401de8 <xTaskIncrementTick+0x128>)
  401d88:	f8c2 30d0 	str.w	r3, [r2, #208]	; 0xd0
  401d8c:	4f16      	ldr	r7, [pc, #88]	; (401de8 <xTaskIncrementTick+0x128>)
  401d8e:	f107 0028 	add.w	r0, r7, #40	; 0x28
  401d92:	eb03 0383 	add.w	r3, r3, r3, lsl #2
  401d96:	009a      	lsls	r2, r3, #2
  401d98:	4641      	mov	r1, r8
  401d9a:	4410      	add	r0, r2
  401d9c:	4b15      	ldr	r3, [pc, #84]	; (401df4 <xTaskIncrementTick+0x134>)
  401d9e:	4798      	blx	r3
						if (pxTCB->uxPriority >= pxCurrentTCB->uxPriority) {
  401da0:	6af2      	ldr	r2, [r6, #44]	; 0x2c
  401da2:	f8d7 30c4 	ldr.w	r3, [r7, #196]	; 0xc4
  401da6:	6adb      	ldr	r3, [r3, #44]	; 0x2c
  401da8:	429a      	cmp	r2, r3
  401daa:	d2c9      	bcs.n	401d40 <xTaskIncrementTick+0x80>
  401dac:	e7c9      	b.n	401d42 <xTaskIncrementTick+0x82>
  401dae:	2400      	movs	r4, #0
  401db0:	e7c7      	b.n	401d42 <xTaskIncrementTick+0x82>
				if (listLIST_IS_EMPTY(pxDelayedTaskList) != pdFALSE) {
  401db2:	2301      	movs	r3, #1
  401db4:	e7cc      	b.n	401d50 <xTaskIncrementTick+0x90>
					    = portMAX_DELAY; /*lint !e961 MISRA exception as the casts are only redundant for some ports. */
  401db6:	f04f 32ff 	mov.w	r2, #4294967295
  401dba:	4b0b      	ldr	r3, [pc, #44]	; (401de8 <xTaskIncrementTick+0x128>)
  401dbc:	f8c3 2090 	str.w	r2, [r3, #144]	; 0x90
					break;
  401dc0:	e7b1      	b.n	401d26 <xTaskIncrementTick+0x66>
						xNextTaskUnblockTime = xItemValue;
  401dc2:	4a09      	ldr	r2, [pc, #36]	; (401de8 <xTaskIncrementTick+0x128>)
  401dc4:	f8c2 3090 	str.w	r3, [r2, #144]	; 0x90
						break;
  401dc8:	e7ad      	b.n	401d26 <xTaskIncrementTick+0x66>
		++uxPendedTicks;
  401dca:	4a07      	ldr	r2, [pc, #28]	; (401de8 <xTaskIncrementTick+0x128>)
  401dcc:	f8d2 30e4 	ldr.w	r3, [r2, #228]	; 0xe4
  401dd0:	3301      	adds	r3, #1
  401dd2:	f8c2 30e4 	str.w	r3, [r2, #228]	; 0xe4
	BaseType_t xSwitchRequired = pdFALSE;
  401dd6:	2400      	movs	r4, #0
		if (xYieldPending != pdFALSE) {
  401dd8:	4b03      	ldr	r3, [pc, #12]	; (401de8 <xTaskIncrementTick+0x128>)
  401dda:	f8d3 30e8 	ldr.w	r3, [r3, #232]	; 0xe8
  401dde:	b103      	cbz	r3, 401de2 <xTaskIncrementTick+0x122>
			xSwitchRequired = pdTRUE;
  401de0:	2401      	movs	r4, #1
}
  401de2:	4620      	mov	r0, r4
  401de4:	e8bd 81f0 	ldmia.w	sp!, {r4, r5, r6, r7, r8, pc}
  401de8:	20400990 	.word	0x20400990
  401dec:	00401939 	.word	0x00401939
  401df0:	00400aa1 	.word	0x00400aa1
  401df4:	00400a55 	.word	0x00400a55

00401df8 <xTaskResumeAll>:
{
  401df8:	b5f8      	push	{r3, r4, r5, r6, r7, lr}
	configASSERT(uxSchedulerSuspended);
  401dfa:	4b3b      	ldr	r3, [pc, #236]	; (401ee8 <xTaskResumeAll+0xf0>)
  401dfc:	f8d3 30d8 	ldr.w	r3, [r3, #216]	; 0xd8
  401e00:	b953      	cbnz	r3, 401e18 <xTaskResumeAll+0x20>
  401e02:	f04f 0380 	mov.w	r3, #128	; 0x80
  401e06:	b672      	cpsid	i
  401e08:	f383 8811 	msr	BASEPRI, r3
  401e0c:	f3bf 8f6f 	isb	sy
  401e10:	f3bf 8f4f 	dsb	sy
  401e14:	b662      	cpsie	i
  401e16:	e7fe      	b.n	401e16 <xTaskResumeAll+0x1e>
	taskENTER_CRITICAL();
  401e18:	4b34      	ldr	r3, [pc, #208]	; (401eec <xTaskResumeAll+0xf4>)
  401e1a:	4798      	blx	r3
		--uxSchedulerSuspended;
  401e1c:	4b32      	ldr	r3, [pc, #200]	; (401ee8 <xTaskResumeAll+0xf0>)
  401e1e:	f8d3 20d8 	ldr.w	r2, [r3, #216]	; 0xd8
  401e22:	3a01      	subs	r2, #1
  401e24:	f8c3 20d8 	str.w	r2, [r3, #216]	; 0xd8
		if (uxSchedulerSuspended == (UBaseType_t)pdFALSE) {
  401e28:	f8d3 30d8 	ldr.w	r3, [r3, #216]	; 0xd8
  401e2c:	2b00      	cmp	r3, #0
  401e2e:	d156      	bne.n	401ede <xTaskResumeAll+0xe6>
			if (uxCurrentNumberOfTasks > (UBaseType_t)0U) {
  401e30:	4b2d      	ldr	r3, [pc, #180]	; (401ee8 <xTaskResumeAll+0xf0>)
  401e32:	f8d3 30c0 	ldr.w	r3, [r3, #192]	; 0xc0
  401e36:	b923      	cbnz	r3, 401e42 <xTaskResumeAll+0x4a>
	BaseType_t xAlreadyYielded = pdFALSE;
  401e38:	2400      	movs	r4, #0
	taskEXIT_CRITICAL();
  401e3a:	4b2d      	ldr	r3, [pc, #180]	; (401ef0 <xTaskResumeAll+0xf8>)
  401e3c:	4798      	blx	r3
}
  401e3e:	4620      	mov	r0, r4
  401e40:	bdf8      	pop	{r3, r4, r5, r6, r7, pc}
  401e42:	2400      	movs	r4, #0
				while (listLIST_IS_EMPTY(&xPendingReadyList) == pdFALSE) {
  401e44:	4b28      	ldr	r3, [pc, #160]	; (401ee8 <xTaskResumeAll+0xf0>)
  401e46:	695b      	ldr	r3, [r3, #20]
  401e48:	b323      	cbz	r3, 401e94 <xTaskResumeAll+0x9c>
					pxTCB = (TCB_t *)listGET_OWNER_OF_HEAD_ENTRY((&xPendingReadyList));
  401e4a:	4d27      	ldr	r5, [pc, #156]	; (401ee8 <xTaskResumeAll+0xf0>)
  401e4c:	6a2b      	ldr	r3, [r5, #32]
  401e4e:	68dc      	ldr	r4, [r3, #12]
					(void)uxListRemove(&(pxTCB->xEventListItem));
  401e50:	f104 0018 	add.w	r0, r4, #24
  401e54:	4f27      	ldr	r7, [pc, #156]	; (401ef4 <xTaskResumeAll+0xfc>)
  401e56:	47b8      	blx	r7
					(void)uxListRemove(&(pxTCB->xStateListItem));
  401e58:	1d26      	adds	r6, r4, #4
  401e5a:	4630      	mov	r0, r6
  401e5c:	47b8      	blx	r7
					prvAddTaskToReadyList(pxTCB);
  401e5e:	6ae3      	ldr	r3, [r4, #44]	; 0x2c
  401e60:	f8d5 20d0 	ldr.w	r2, [r5, #208]	; 0xd0
  401e64:	4293      	cmp	r3, r2
  401e66:	d901      	bls.n	401e6c <xTaskResumeAll+0x74>
  401e68:	f8c5 30d0 	str.w	r3, [r5, #208]	; 0xd0
  401e6c:	4d1e      	ldr	r5, [pc, #120]	; (401ee8 <xTaskResumeAll+0xf0>)
  401e6e:	f105 0028 	add.w	r0, r5, #40	; 0x28
  401e72:	eb03 0383 	add.w	r3, r3, r3, lsl #2
  401e76:	009a      	lsls	r2, r3, #2
  401e78:	4631      	mov	r1, r6
  401e7a:	4410      	add	r0, r2
  401e7c:	4b1e      	ldr	r3, [pc, #120]	; (401ef8 <xTaskResumeAll+0x100>)
  401e7e:	4798      	blx	r3
					if (pxTCB->uxPriority >= pxCurrentTCB->uxPriority) {
  401e80:	6ae2      	ldr	r2, [r4, #44]	; 0x2c
  401e82:	f8d5 30c4 	ldr.w	r3, [r5, #196]	; 0xc4
  401e86:	6adb      	ldr	r3, [r3, #44]	; 0x2c
  401e88:	429a      	cmp	r2, r3
  401e8a:	d3db      	bcc.n	401e44 <xTaskResumeAll+0x4c>
						xYieldPending = pdTRUE;
  401e8c:	2201      	movs	r2, #1
  401e8e:	f8c5 20e8 	str.w	r2, [r5, #232]	; 0xe8
  401e92:	e7d7      	b.n	401e44 <xTaskResumeAll+0x4c>
				if (pxTCB != NULL) {
  401e94:	b10c      	cbz	r4, 401e9a <xTaskResumeAll+0xa2>
					prvResetNextTaskUnblockTime();
  401e96:	4b19      	ldr	r3, [pc, #100]	; (401efc <xTaskResumeAll+0x104>)
  401e98:	4798      	blx	r3
					UBaseType_t uxPendedCounts = uxPendedTicks; /* Non-volatile copy. */
  401e9a:	4b13      	ldr	r3, [pc, #76]	; (401ee8 <xTaskResumeAll+0xf0>)
  401e9c:	f8d3 40e4 	ldr.w	r4, [r3, #228]	; 0xe4
					if (uxPendedCounts > (UBaseType_t)0U) {
  401ea0:	b97c      	cbnz	r4, 401ec2 <xTaskResumeAll+0xca>
				if (xYieldPending != pdFALSE) {
  401ea2:	4b11      	ldr	r3, [pc, #68]	; (401ee8 <xTaskResumeAll+0xf0>)
  401ea4:	f8d3 30e8 	ldr.w	r3, [r3, #232]	; 0xe8
  401ea8:	b1db      	cbz	r3, 401ee2 <xTaskResumeAll+0xea>
					taskYIELD_IF_USING_PREEMPTION();
  401eaa:	f04f 5280 	mov.w	r2, #268435456	; 0x10000000
  401eae:	4b14      	ldr	r3, [pc, #80]	; (401f00 <xTaskResumeAll+0x108>)
  401eb0:	601a      	str	r2, [r3, #0]
  401eb2:	f3bf 8f4f 	dsb	sy
  401eb6:	f3bf 8f6f 	isb	sy
						xAlreadyYielded = pdTRUE;
  401eba:	2401      	movs	r4, #1
  401ebc:	e7bd      	b.n	401e3a <xTaskResumeAll+0x42>
						} while (uxPendedCounts > (UBaseType_t)0U);
  401ebe:	3c01      	subs	r4, #1
  401ec0:	d008      	beq.n	401ed4 <xTaskResumeAll+0xdc>
							if (xTaskIncrementTick() != pdFALSE) {
  401ec2:	4b10      	ldr	r3, [pc, #64]	; (401f04 <xTaskResumeAll+0x10c>)
  401ec4:	4798      	blx	r3
  401ec6:	2800      	cmp	r0, #0
  401ec8:	d0f9      	beq.n	401ebe <xTaskResumeAll+0xc6>
								xYieldPending = pdTRUE;
  401eca:	2201      	movs	r2, #1
  401ecc:	4b06      	ldr	r3, [pc, #24]	; (401ee8 <xTaskResumeAll+0xf0>)
  401ece:	f8c3 20e8 	str.w	r2, [r3, #232]	; 0xe8
  401ed2:	e7f4      	b.n	401ebe <xTaskResumeAll+0xc6>
						uxPendedTicks = 0;
  401ed4:	2200      	movs	r2, #0
  401ed6:	4b04      	ldr	r3, [pc, #16]	; (401ee8 <xTaskResumeAll+0xf0>)
  401ed8:	f8c3 20e4 	str.w	r2, [r3, #228]	; 0xe4
  401edc:	e7e1      	b.n	401ea2 <xTaskResumeAll+0xaa>
	BaseType_t xAlreadyYielded = pdFALSE;
  401ede:	2400      	movs	r4, #0
  401ee0:	e7ab      	b.n	401e3a <xTaskResumeAll+0x42>
  401ee2:	2400      	movs	r4, #0
  401ee4:	e7a9      	b.n	401e3a <xTaskResumeAll+0x42>
  401ee6:	bf00      	nop
  401ee8:	20400990 	.word	0x20400990
  401eec:	00400ba5 	.word	0x00400ba5
  401ef0:	00400bf1 	.word	0x00400bf1
  401ef4:	00400aa1 	.word	0x00400aa1
  401ef8:	00400a55 	.word	0x00400a55
  401efc:	00401939 	.word	0x00401939
  401f00:	e000ed04 	.word	0xe000ed04
  401f04:	00401cc1 	.word	0x00401cc1

00401f08 <vTaskDelay>:
{
  401f08:	b510      	push	{r4, lr}
	if (xTicksToDelay > (TickType_t)0U) {
  401f0a:	b1c0      	cbz	r0, 401f3e <vTaskDelay+0x36>
  401f0c:	4604      	mov	r4, r0
		configASSERT(uxSchedulerSuspended == 0);
  401f0e:	4b11      	ldr	r3, [pc, #68]	; (401f54 <vTaskDelay+0x4c>)
  401f10:	f8d3 30d8 	ldr.w	r3, [r3, #216]	; 0xd8
  401f14:	b153      	cbz	r3, 401f2c <vTaskDelay+0x24>
  401f16:	f04f 0380 	mov.w	r3, #128	; 0x80
  401f1a:	b672      	cpsid	i
  401f1c:	f383 8811 	msr	BASEPRI, r3
  401f20:	f3bf 8f6f 	isb	sy
  401f24:	f3bf 8f4f 	dsb	sy
  401f28:	b662      	cpsie	i
  401f2a:	e7fe      	b.n	401f2a <vTaskDelay+0x22>
		vTaskSuspendAll();
  401f2c:	4b0a      	ldr	r3, [pc, #40]	; (401f58 <vTaskDelay+0x50>)
  401f2e:	4798      	blx	r3
			prvAddCurrentTaskToDelayedList(xTicksToDelay, pdFALSE);
  401f30:	2100      	movs	r1, #0
  401f32:	4620      	mov	r0, r4
  401f34:	4b09      	ldr	r3, [pc, #36]	; (401f5c <vTaskDelay+0x54>)
  401f36:	4798      	blx	r3
		xAlreadyYielded = xTaskResumeAll();
  401f38:	4b09      	ldr	r3, [pc, #36]	; (401f60 <vTaskDelay+0x58>)
  401f3a:	4798      	blx	r3
  401f3c:	e000      	b.n	401f40 <vTaskDelay+0x38>
	BaseType_t xAlreadyYielded = pdFALSE;
  401f3e:	2000      	movs	r0, #0
	if (xAlreadyYielded == pdFALSE) {
  401f40:	b938      	cbnz	r0, 401f52 <vTaskDelay+0x4a>
		portYIELD_WITHIN_API();
  401f42:	f04f 5280 	mov.w	r2, #268435456	; 0x10000000
  401f46:	4b07      	ldr	r3, [pc, #28]	; (401f64 <vTaskDelay+0x5c>)
  401f48:	601a      	str	r2, [r3, #0]
  401f4a:	f3bf 8f4f 	dsb	sy
  401f4e:	f3bf 8f6f 	isb	sy
  401f52:	bd10      	pop	{r4, pc}
  401f54:	20400990 	.word	0x20400990
  401f58:	00401ca1 	.word	0x00401ca1
  401f5c:	00401b19 	.word	0x00401b19
  401f60:	00401df9 	.word	0x00401df9
  401f64:	e000ed04 	.word	0xe000ed04

00401f68 <vTaskSwitchContext>:
	if (uxSchedulerSuspended != (UBaseType_t)pdFALSE) {
  401f68:	4b23      	ldr	r3, [pc, #140]	; (401ff8 <vTaskSwitchContext+0x90>)
  401f6a:	f8d3 30d8 	ldr.w	r3, [r3, #216]	; 0xd8
  401f6e:	b97b      	cbnz	r3, 401f90 <vTaskSwitchContext+0x28>
		xYieldPending = pdFALSE;
  401f70:	4b21      	ldr	r3, [pc, #132]	; (401ff8 <vTaskSwitchContext+0x90>)
  401f72:	2200      	movs	r2, #0
  401f74:	f8c3 20e8 	str.w	r2, [r3, #232]	; 0xe8
		taskSELECT_HIGHEST_PRIORITY_TASK();
  401f78:	f8d3 30d0 	ldr.w	r3, [r3, #208]	; 0xd0
  401f7c:	eb03 0283 	add.w	r2, r3, r3, lsl #2
  401f80:	0091      	lsls	r1, r2, #2
  401f82:	4a1d      	ldr	r2, [pc, #116]	; (401ff8 <vTaskSwitchContext+0x90>)
  401f84:	440a      	add	r2, r1
  401f86:	6a92      	ldr	r2, [r2, #40]	; 0x28
  401f88:	b992      	cbnz	r2, 401fb0 <vTaskSwitchContext+0x48>
  401f8a:	b133      	cbz	r3, 401f9a <vTaskSwitchContext+0x32>
  401f8c:	3b01      	subs	r3, #1
  401f8e:	e7f5      	b.n	401f7c <vTaskSwitchContext+0x14>
		xYieldPending = pdTRUE;
  401f90:	2201      	movs	r2, #1
  401f92:	4b19      	ldr	r3, [pc, #100]	; (401ff8 <vTaskSwitchContext+0x90>)
  401f94:	f8c3 20e8 	str.w	r2, [r3, #232]	; 0xe8
  401f98:	4770      	bx	lr
  401f9a:	f04f 0380 	mov.w	r3, #128	; 0x80
  401f9e:	b672      	cpsid	i
  401fa0:	f383 8811 	msr	BASEPRI, r3
  401fa4:	f3bf 8f6f 	isb	sy
  401fa8:	f3bf 8f4f 	dsb	sy
  401fac:	b662      	cpsie	i
  401fae:	e7fe      	b.n	401fae <vTaskSwitchContext+0x46>
{
  401fb0:	b410      	push	{r4}
		taskSELECT_HIGHEST_PRIORITY_TASK();
  401fb2:	4a11      	ldr	r2, [pc, #68]	; (401ff8 <vTaskSwitchContext+0x90>)
  401fb4:	0099      	lsls	r1, r3, #2
  401fb6:	18cc      	adds	r4, r1, r3
  401fb8:	00a0      	lsls	r0, r4, #2
  401fba:	4410      	add	r0, r2
  401fbc:	6ac4      	ldr	r4, [r0, #44]	; 0x2c
  401fbe:	6864      	ldr	r4, [r4, #4]
  401fc0:	62c4      	str	r4, [r0, #44]	; 0x2c
  401fc2:	3228      	adds	r2, #40	; 0x28
  401fc4:	4419      	add	r1, r3
  401fc6:	0088      	lsls	r0, r1, #2
  401fc8:	4601      	mov	r1, r0
  401fca:	3008      	adds	r0, #8
  401fcc:	4402      	add	r2, r0
  401fce:	4294      	cmp	r4, r2
  401fd0:	d00d      	beq.n	401fee <vTaskSwitchContext+0x86>
  401fd2:	4909      	ldr	r1, [pc, #36]	; (401ff8 <vTaskSwitchContext+0x90>)
  401fd4:	eb03 0083 	add.w	r0, r3, r3, lsl #2
  401fd8:	0082      	lsls	r2, r0, #2
  401fda:	440a      	add	r2, r1
  401fdc:	6ad2      	ldr	r2, [r2, #44]	; 0x2c
  401fde:	68d2      	ldr	r2, [r2, #12]
  401fe0:	f8c1 20c4 	str.w	r2, [r1, #196]	; 0xc4
  401fe4:	f8c1 30d0 	str.w	r3, [r1, #208]	; 0xd0
}
  401fe8:	f85d 4b04 	ldr.w	r4, [sp], #4
  401fec:	4770      	bx	lr
		taskSELECT_HIGHEST_PRIORITY_TASK();
  401fee:	6860      	ldr	r0, [r4, #4]
  401ff0:	4a01      	ldr	r2, [pc, #4]	; (401ff8 <vTaskSwitchContext+0x90>)
  401ff2:	440a      	add	r2, r1
  401ff4:	62d0      	str	r0, [r2, #44]	; 0x2c
  401ff6:	e7ec      	b.n	401fd2 <vTaskSwitchContext+0x6a>
  401ff8:	20400990 	.word	0x20400990

00401ffc <vTaskPlaceOnEventList>:
	configASSERT(pxEventList);
  401ffc:	b950      	cbnz	r0, 402014 <vTaskPlaceOnEventList+0x18>
  401ffe:	f04f 0380 	mov.w	r3, #128	; 0x80
  402002:	b672      	cpsid	i
  402004:	f383 8811 	msr	BASEPRI, r3
  402008:	f3bf 8f6f 	isb	sy
  40200c:	f3bf 8f4f 	dsb	sy
  402010:	b662      	cpsie	i
  402012:	e7fe      	b.n	402012 <vTaskPlaceOnEventList+0x16>
{
  402014:	b510      	push	{r4, lr}
  402016:	460c      	mov	r4, r1
	vListInsert(pxEventList, &(pxCurrentTCB->xEventListItem));
  402018:	4b05      	ldr	r3, [pc, #20]	; (402030 <vTaskPlaceOnEventList+0x34>)
  40201a:	f8d3 10c4 	ldr.w	r1, [r3, #196]	; 0xc4
  40201e:	3118      	adds	r1, #24
  402020:	4b04      	ldr	r3, [pc, #16]	; (402034 <vTaskPlaceOnEventList+0x38>)
  402022:	4798      	blx	r3
	prvAddCurrentTaskToDelayedList(xTicksToWait, pdTRUE);
  402024:	2101      	movs	r1, #1
  402026:	4620      	mov	r0, r4
  402028:	4b03      	ldr	r3, [pc, #12]	; (402038 <vTaskPlaceOnEventList+0x3c>)
  40202a:	4798      	blx	r3
  40202c:	bd10      	pop	{r4, pc}
  40202e:	bf00      	nop
  402030:	20400990 	.word	0x20400990
  402034:	00400a6d 	.word	0x00400a6d
  402038:	00401b19 	.word	0x00401b19

0040203c <vTaskPlaceOnEventListRestricted>:
{
  40203c:	b538      	push	{r3, r4, r5, lr}
	configASSERT(pxEventList);
  40203e:	b178      	cbz	r0, 402060 <vTaskPlaceOnEventListRestricted+0x24>
  402040:	460c      	mov	r4, r1
  402042:	4615      	mov	r5, r2
	vListInsertEnd(pxEventList, &(pxCurrentTCB->xEventListItem));
  402044:	4a0c      	ldr	r2, [pc, #48]	; (402078 <vTaskPlaceOnEventListRestricted+0x3c>)
  402046:	f8d2 10c4 	ldr.w	r1, [r2, #196]	; 0xc4
  40204a:	3118      	adds	r1, #24
  40204c:	4b0b      	ldr	r3, [pc, #44]	; (40207c <vTaskPlaceOnEventListRestricted+0x40>)
  40204e:	4798      	blx	r3
	if (xWaitIndefinitely != pdFALSE) {
  402050:	b10d      	cbz	r5, 402056 <vTaskPlaceOnEventListRestricted+0x1a>
		xTicksToWait = portMAX_DELAY;
  402052:	f04f 34ff 	mov.w	r4, #4294967295
	prvAddCurrentTaskToDelayedList(xTicksToWait, xWaitIndefinitely);
  402056:	4629      	mov	r1, r5
  402058:	4620      	mov	r0, r4
  40205a:	4b09      	ldr	r3, [pc, #36]	; (402080 <vTaskPlaceOnEventListRestricted+0x44>)
  40205c:	4798      	blx	r3
  40205e:	bd38      	pop	{r3, r4, r5, pc}
  402060:	f04f 0380 	mov.w	r3, #128	; 0x80
  402064:	b672      	cpsid	i
  402066:	f383 8811 	msr	BASEPRI, r3
  40206a:	f3bf 8f6f 	isb	sy
  40206e:	f3bf 8f4f 	dsb	sy
  402072:	b662      	cpsie	i
  402074:	e7fe      	b.n	402074 <vTaskPlaceOnEventListRestricted+0x38>
  402076:	bf00      	nop
  402078:	20400990 	.word	0x20400990
  40207c:	00400a55 	.word	0x00400a55
  402080:	00401b19 	.word	0x00401b19

00402084 <xTaskRemoveFromEventList>:
{
  402084:	b538      	push	{r3, r4, r5, lr}
	pxUnblockedTCB = (TCB_t *)listGET_OWNER_OF_HEAD_ENTRY(pxEventList);
  402086:	68c3      	ldr	r3, [r0, #12]
  402088:	68dc      	ldr	r4, [r3, #12]
	configASSERT(pxUnblockedTCB);
  40208a:	b34c      	cbz	r4, 4020e0 <xTaskRemoveFromEventList+0x5c>
	(void)uxListRemove(&(pxUnblockedTCB->xEventListItem));
  40208c:	f104 0518 	add.w	r5, r4, #24
  402090:	4628      	mov	r0, r5
  402092:	4b1c      	ldr	r3, [pc, #112]	; (402104 <xTaskRemoveFromEventList+0x80>)
  402094:	4798      	blx	r3
	if (uxSchedulerSuspended == (UBaseType_t)pdFALSE) {
  402096:	4b1c      	ldr	r3, [pc, #112]	; (402108 <xTaskRemoveFromEventList+0x84>)
  402098:	f8d3 30d8 	ldr.w	r3, [r3, #216]	; 0xd8
  40209c:	bb5b      	cbnz	r3, 4020f6 <xTaskRemoveFromEventList+0x72>
		(void)uxListRemove(&(pxUnblockedTCB->xStateListItem));
  40209e:	1d25      	adds	r5, r4, #4
  4020a0:	4628      	mov	r0, r5
  4020a2:	4b18      	ldr	r3, [pc, #96]	; (402104 <xTaskRemoveFromEventList+0x80>)
  4020a4:	4798      	blx	r3
		prvAddTaskToReadyList(pxUnblockedTCB);
  4020a6:	6ae3      	ldr	r3, [r4, #44]	; 0x2c
  4020a8:	4a17      	ldr	r2, [pc, #92]	; (402108 <xTaskRemoveFromEventList+0x84>)
  4020aa:	f8d2 20d0 	ldr.w	r2, [r2, #208]	; 0xd0
  4020ae:	4293      	cmp	r3, r2
  4020b0:	d902      	bls.n	4020b8 <xTaskRemoveFromEventList+0x34>
  4020b2:	4a15      	ldr	r2, [pc, #84]	; (402108 <xTaskRemoveFromEventList+0x84>)
  4020b4:	f8c2 30d0 	str.w	r3, [r2, #208]	; 0xd0
  4020b8:	eb03 0383 	add.w	r3, r3, r3, lsl #2
  4020bc:	009a      	lsls	r2, r3, #2
  4020be:	4629      	mov	r1, r5
  4020c0:	4812      	ldr	r0, [pc, #72]	; (40210c <xTaskRemoveFromEventList+0x88>)
  4020c2:	4410      	add	r0, r2
  4020c4:	4b12      	ldr	r3, [pc, #72]	; (402110 <xTaskRemoveFromEventList+0x8c>)
  4020c6:	4798      	blx	r3
	if (pxUnblockedTCB->uxPriority > pxCurrentTCB->uxPriority) {
  4020c8:	6ae2      	ldr	r2, [r4, #44]	; 0x2c
  4020ca:	4b0f      	ldr	r3, [pc, #60]	; (402108 <xTaskRemoveFromEventList+0x84>)
  4020cc:	f8d3 30c4 	ldr.w	r3, [r3, #196]	; 0xc4
  4020d0:	6adb      	ldr	r3, [r3, #44]	; 0x2c
  4020d2:	429a      	cmp	r2, r3
  4020d4:	d914      	bls.n	402100 <xTaskRemoveFromEventList+0x7c>
		xYieldPending = pdTRUE;
  4020d6:	2001      	movs	r0, #1
  4020d8:	4b0b      	ldr	r3, [pc, #44]	; (402108 <xTaskRemoveFromEventList+0x84>)
  4020da:	f8c3 00e8 	str.w	r0, [r3, #232]	; 0xe8
  4020de:	bd38      	pop	{r3, r4, r5, pc}
  4020e0:	f04f 0380 	mov.w	r3, #128	; 0x80
  4020e4:	b672      	cpsid	i
  4020e6:	f383 8811 	msr	BASEPRI, r3
  4020ea:	f3bf 8f6f 	isb	sy
  4020ee:	f3bf 8f4f 	dsb	sy
  4020f2:	b662      	cpsie	i
  4020f4:	e7fe      	b.n	4020f4 <xTaskRemoveFromEventList+0x70>
		vListInsertEnd(&(xPendingReadyList), &(pxUnblockedTCB->xEventListItem));
  4020f6:	4629      	mov	r1, r5
  4020f8:	4806      	ldr	r0, [pc, #24]	; (402114 <xTaskRemoveFromEventList+0x90>)
  4020fa:	4b05      	ldr	r3, [pc, #20]	; (402110 <xTaskRemoveFromEventList+0x8c>)
  4020fc:	4798      	blx	r3
  4020fe:	e7e3      	b.n	4020c8 <xTaskRemoveFromEventList+0x44>
		xReturn = pdFALSE;
  402100:	2000      	movs	r0, #0
}
  402102:	bd38      	pop	{r3, r4, r5, pc}
  402104:	00400aa1 	.word	0x00400aa1
  402108:	20400990 	.word	0x20400990
  40210c:	204009b8 	.word	0x204009b8
  402110:	00400a55 	.word	0x00400a55
  402114:	204009a4 	.word	0x204009a4

00402118 <vTaskInternalSetTimeOutState>:
	pxTimeOut->xOverflowCount  = xNumOfOverflows;
  402118:	4b03      	ldr	r3, [pc, #12]	; (402128 <vTaskInternalSetTimeOutState+0x10>)
  40211a:	f8d3 20e0 	ldr.w	r2, [r3, #224]	; 0xe0
  40211e:	6002      	str	r2, [r0, #0]
	pxTimeOut->xTimeOnEntering = xTickCount;
  402120:	f8d3 30d4 	ldr.w	r3, [r3, #212]	; 0xd4
  402124:	6043      	str	r3, [r0, #4]
  402126:	4770      	bx	lr
  402128:	20400990 	.word	0x20400990

0040212c <xTaskCheckForTimeOut>:
{
  40212c:	b5f8      	push	{r3, r4, r5, r6, r7, lr}
	configASSERT(pxTimeOut);
  40212e:	b1f0      	cbz	r0, 40216e <xTaskCheckForTimeOut+0x42>
  402130:	4605      	mov	r5, r0
	configASSERT(pxTicksToWait);
  402132:	b339      	cbz	r1, 402184 <xTaskCheckForTimeOut+0x58>
  402134:	460c      	mov	r4, r1
	taskENTER_CRITICAL();
  402136:	4b1e      	ldr	r3, [pc, #120]	; (4021b0 <xTaskCheckForTimeOut+0x84>)
  402138:	4798      	blx	r3
		const TickType_t xConstTickCount = xTickCount;
  40213a:	4b1e      	ldr	r3, [pc, #120]	; (4021b4 <xTaskCheckForTimeOut+0x88>)
  40213c:	f8d3 00d4 	ldr.w	r0, [r3, #212]	; 0xd4
		const TickType_t xElapsedTime    = xConstTickCount - pxTimeOut->xTimeOnEntering;
  402140:	6869      	ldr	r1, [r5, #4]
  402142:	1a42      	subs	r2, r0, r1
		    if (*pxTicksToWait == portMAX_DELAY) {
  402144:	6823      	ldr	r3, [r4, #0]
  402146:	f1b3 3fff 	cmp.w	r3, #4294967295
  40214a:	d02d      	beq.n	4021a8 <xTaskCheckForTimeOut+0x7c>
		    if ((xNumOfOverflows != pxTimeOut->xOverflowCount)
  40214c:	682f      	ldr	r7, [r5, #0]
  40214e:	4e19      	ldr	r6, [pc, #100]	; (4021b4 <xTaskCheckForTimeOut+0x88>)
  402150:	f8d6 60e0 	ldr.w	r6, [r6, #224]	; 0xe0
  402154:	42b7      	cmp	r7, r6
  402156:	d001      	beq.n	40215c <xTaskCheckForTimeOut+0x30>
		        && (xConstTickCount >= pxTimeOut->xTimeOnEntering)) /*lint !e525 Indentation preferred as is to make
  402158:	4288      	cmp	r0, r1
  40215a:	d227      	bcs.n	4021ac <xTaskCheckForTimeOut+0x80>
		} else if (xElapsedTime < *pxTicksToWait) /*lint !e961 Explicit casting is only redundant with some compilers,
  40215c:	429a      	cmp	r2, r3
  40215e:	d31c      	bcc.n	40219a <xTaskCheckForTimeOut+0x6e>
			*pxTicksToWait = 0;
  402160:	2300      	movs	r3, #0
  402162:	6023      	str	r3, [r4, #0]
			xReturn        = pdTRUE;
  402164:	2401      	movs	r4, #1
	taskEXIT_CRITICAL();
  402166:	4b14      	ldr	r3, [pc, #80]	; (4021b8 <xTaskCheckForTimeOut+0x8c>)
  402168:	4798      	blx	r3
}
  40216a:	4620      	mov	r0, r4
  40216c:	bdf8      	pop	{r3, r4, r5, r6, r7, pc}
  40216e:	f04f 0380 	mov.w	r3, #128	; 0x80
  402172:	b672      	cpsid	i
  402174:	f383 8811 	msr	BASEPRI, r3
  402178:	f3bf 8f6f 	isb	sy
  40217c:	f3bf 8f4f 	dsb	sy
  402180:	b662      	cpsie	i
  402182:	e7fe      	b.n	402182 <xTaskCheckForTimeOut+0x56>
  402184:	f04f 0380 	mov.w	r3, #128	; 0x80
  402188:	b672      	cpsid	i
  40218a:	f383 8811 	msr	BASEPRI, r3
  40218e:	f3bf 8f6f 	isb	sy
  402192:	f3bf 8f4f 	dsb	sy
  402196:	b662      	cpsie	i
  402198:	e7fe      	b.n	402198 <xTaskCheckForTimeOut+0x6c>
			*pxTicksToWait -= xElapsedTime;
  40219a:	1a9b      	subs	r3, r3, r2
  40219c:	6023      	str	r3, [r4, #0]
			vTaskInternalSetTimeOutState(pxTimeOut);
  40219e:	4628      	mov	r0, r5
  4021a0:	4b06      	ldr	r3, [pc, #24]	; (4021bc <xTaskCheckForTimeOut+0x90>)
  4021a2:	4798      	blx	r3
			xReturn = pdFALSE;
  4021a4:	2400      	movs	r4, #0
  4021a6:	e7de      	b.n	402166 <xTaskCheckForTimeOut+0x3a>
			xReturn = pdFALSE;
  4021a8:	2400      	movs	r4, #0
  4021aa:	e7dc      	b.n	402166 <xTaskCheckForTimeOut+0x3a>
			xReturn = pdTRUE;
  4021ac:	2401      	movs	r4, #1
  4021ae:	e7da      	b.n	402166 <xTaskCheckForTimeOut+0x3a>
  4021b0:	00400ba5 	.word	0x00400ba5
  4021b4:	20400990 	.word	0x20400990
  4021b8:	00400bf1 	.word	0x00400bf1
  4021bc:	00402119 	.word	0x00402119

004021c0 <vTaskMissedYield>:
	xYieldPending = pdTRUE;
  4021c0:	2201      	movs	r2, #1
  4021c2:	4b02      	ldr	r3, [pc, #8]	; (4021cc <vTaskMissedYield+0xc>)
  4021c4:	f8c3 20e8 	str.w	r2, [r3, #232]	; 0xe8
  4021c8:	4770      	bx	lr
  4021ca:	bf00      	nop
  4021cc:	20400990 	.word	0x20400990

004021d0 <xTaskGetSchedulerState>:
	if (xSchedulerRunning == pdFALSE) {
  4021d0:	4b06      	ldr	r3, [pc, #24]	; (4021ec <xTaskGetSchedulerState+0x1c>)
  4021d2:	f8d3 30c8 	ldr.w	r3, [r3, #200]	; 0xc8
  4021d6:	b12b      	cbz	r3, 4021e4 <xTaskGetSchedulerState+0x14>
		if (uxSchedulerSuspended == (UBaseType_t)pdFALSE) {
  4021d8:	4b04      	ldr	r3, [pc, #16]	; (4021ec <xTaskGetSchedulerState+0x1c>)
  4021da:	f8d3 30d8 	ldr.w	r3, [r3, #216]	; 0xd8
  4021de:	b91b      	cbnz	r3, 4021e8 <xTaskGetSchedulerState+0x18>
			xReturn = taskSCHEDULER_RUNNING;
  4021e0:	2002      	movs	r0, #2
  4021e2:	4770      	bx	lr
		xReturn = taskSCHEDULER_NOT_STARTED;
  4021e4:	2001      	movs	r0, #1
  4021e6:	4770      	bx	lr
			xReturn = taskSCHEDULER_SUSPENDED;
  4021e8:	2000      	movs	r0, #0
}
  4021ea:	4770      	bx	lr
  4021ec:	20400990 	.word	0x20400990

004021f0 <xTaskPriorityInherit>:
	if (pxMutexHolder != NULL) {
  4021f0:	2800      	cmp	r0, #0
  4021f2:	d04a      	beq.n	40228a <xTaskPriorityInherit+0x9a>
{
  4021f4:	b538      	push	{r3, r4, r5, lr}
  4021f6:	4605      	mov	r5, r0
		if (pxMutexHolderTCB->uxPriority < pxCurrentTCB->uxPriority) {
  4021f8:	6ac2      	ldr	r2, [r0, #44]	; 0x2c
  4021fa:	4925      	ldr	r1, [pc, #148]	; (402290 <xTaskPriorityInherit+0xa0>)
  4021fc:	f8d1 10c4 	ldr.w	r1, [r1, #196]	; 0xc4
  402200:	6ac9      	ldr	r1, [r1, #44]	; 0x2c
  402202:	428a      	cmp	r2, r1
  402204:	d236      	bcs.n	402274 <xTaskPriorityInherit+0x84>
			if ((listGET_LIST_ITEM_VALUE(&(pxMutexHolderTCB->xEventListItem)) & taskEVENT_LIST_ITEM_VALUE_IN_USE)
  402206:	6981      	ldr	r1, [r0, #24]
  402208:	2900      	cmp	r1, #0
  40220a:	db06      	blt.n	40221a <xTaskPriorityInherit+0x2a>
				listSET_LIST_ITEM_VALUE(
  40220c:	4920      	ldr	r1, [pc, #128]	; (402290 <xTaskPriorityInherit+0xa0>)
  40220e:	f8d1 10c4 	ldr.w	r1, [r1, #196]	; 0xc4
  402212:	6ac9      	ldr	r1, [r1, #44]	; 0x2c
  402214:	f1c1 0105 	rsb	r1, r1, #5
  402218:	6181      	str	r1, [r0, #24]
			if (listIS_CONTAINED_WITHIN(&(pxReadyTasksLists[pxMutexHolderTCB->uxPriority]),
  40221a:	6968      	ldr	r0, [r5, #20]
  40221c:	eb02 0282 	add.w	r2, r2, r2, lsl #2
  402220:	0091      	lsls	r1, r2, #2
  402222:	4a1c      	ldr	r2, [pc, #112]	; (402294 <xTaskPriorityInherit+0xa4>)
  402224:	440a      	add	r2, r1
			    != pdFALSE) {
  402226:	4290      	cmp	r0, r2
  402228:	d008      	beq.n	40223c <xTaskPriorityInherit+0x4c>
  40222a:	2200      	movs	r2, #0
			if (listIS_CONTAINED_WITHIN(&(pxReadyTasksLists[pxMutexHolderTCB->uxPriority]),
  40222c:	b942      	cbnz	r2, 402240 <xTaskPriorityInherit+0x50>
				pxMutexHolderTCB->uxPriority = pxCurrentTCB->uxPriority;
  40222e:	4a18      	ldr	r2, [pc, #96]	; (402290 <xTaskPriorityInherit+0xa0>)
  402230:	f8d2 20c4 	ldr.w	r2, [r2, #196]	; 0xc4
  402234:	6ad2      	ldr	r2, [r2, #44]	; 0x2c
  402236:	62ea      	str	r2, [r5, #44]	; 0x2c
			xReturn = pdTRUE;
  402238:	2001      	movs	r0, #1
  40223a:	bd38      	pop	{r3, r4, r5, pc}
			    != pdFALSE) {
  40223c:	2201      	movs	r2, #1
  40223e:	e7f5      	b.n	40222c <xTaskPriorityInherit+0x3c>
				if (uxListRemove(&(pxMutexHolderTCB->xStateListItem)) == (UBaseType_t)0) {
  402240:	1d2c      	adds	r4, r5, #4
  402242:	4620      	mov	r0, r4
  402244:	4b14      	ldr	r3, [pc, #80]	; (402298 <xTaskPriorityInherit+0xa8>)
  402246:	4798      	blx	r3
				pxMutexHolderTCB->uxPriority = pxCurrentTCB->uxPriority;
  402248:	4a11      	ldr	r2, [pc, #68]	; (402290 <xTaskPriorityInherit+0xa0>)
  40224a:	f8d2 30c4 	ldr.w	r3, [r2, #196]	; 0xc4
  40224e:	6adb      	ldr	r3, [r3, #44]	; 0x2c
  402250:	62eb      	str	r3, [r5, #44]	; 0x2c
				prvAddTaskToReadyList(pxMutexHolderTCB);
  402252:	f8d2 20d0 	ldr.w	r2, [r2, #208]	; 0xd0
  402256:	4293      	cmp	r3, r2
  402258:	d902      	bls.n	402260 <xTaskPriorityInherit+0x70>
  40225a:	4a0d      	ldr	r2, [pc, #52]	; (402290 <xTaskPriorityInherit+0xa0>)
  40225c:	f8c2 30d0 	str.w	r3, [r2, #208]	; 0xd0
  402260:	eb03 0383 	add.w	r3, r3, r3, lsl #2
  402264:	009a      	lsls	r2, r3, #2
  402266:	4621      	mov	r1, r4
  402268:	480a      	ldr	r0, [pc, #40]	; (402294 <xTaskPriorityInherit+0xa4>)
  40226a:	4410      	add	r0, r2
  40226c:	4b0b      	ldr	r3, [pc, #44]	; (40229c <xTaskPriorityInherit+0xac>)
  40226e:	4798      	blx	r3
			xReturn = pdTRUE;
  402270:	2001      	movs	r0, #1
  402272:	bd38      	pop	{r3, r4, r5, pc}
			if (pxMutexHolderTCB->uxBasePriority < pxCurrentTCB->uxPriority) {
  402274:	6c42      	ldr	r2, [r0, #68]	; 0x44
  402276:	4b06      	ldr	r3, [pc, #24]	; (402290 <xTaskPriorityInherit+0xa0>)
  402278:	f8d3 30c4 	ldr.w	r3, [r3, #196]	; 0xc4
  40227c:	6adb      	ldr	r3, [r3, #44]	; 0x2c
  40227e:	429a      	cmp	r2, r3
  402280:	d201      	bcs.n	402286 <xTaskPriorityInherit+0x96>
				xReturn = pdTRUE;
  402282:	2001      	movs	r0, #1
}
  402284:	bd38      	pop	{r3, r4, r5, pc}
	BaseType_t   xReturn          = pdFALSE;
  402286:	2000      	movs	r0, #0
  402288:	bd38      	pop	{r3, r4, r5, pc}
  40228a:	2000      	movs	r0, #0
  40228c:	4770      	bx	lr
  40228e:	bf00      	nop
  402290:	20400990 	.word	0x20400990
  402294:	204009b8 	.word	0x204009b8
  402298:	00400aa1 	.word	0x00400aa1
  40229c:	00400a55 	.word	0x00400a55

004022a0 <xTaskPriorityDisinherit>:
	if (pxMutexHolder != NULL) {
  4022a0:	2800      	cmp	r0, #0
  4022a2:	d040      	beq.n	402326 <xTaskPriorityDisinherit+0x86>
{
  4022a4:	b538      	push	{r3, r4, r5, lr}
  4022a6:	4604      	mov	r4, r0
		configASSERT(pxTCB == pxCurrentTCB);
  4022a8:	4a22      	ldr	r2, [pc, #136]	; (402334 <xTaskPriorityDisinherit+0x94>)
  4022aa:	f8d2 20c4 	ldr.w	r2, [r2, #196]	; 0xc4
  4022ae:	4290      	cmp	r0, r2
  4022b0:	d00a      	beq.n	4022c8 <xTaskPriorityDisinherit+0x28>
  4022b2:	f04f 0380 	mov.w	r3, #128	; 0x80
  4022b6:	b672      	cpsid	i
  4022b8:	f383 8811 	msr	BASEPRI, r3
  4022bc:	f3bf 8f6f 	isb	sy
  4022c0:	f3bf 8f4f 	dsb	sy
  4022c4:	b662      	cpsie	i
  4022c6:	e7fe      	b.n	4022c6 <xTaskPriorityDisinherit+0x26>
		configASSERT(pxTCB->uxMutexesHeld);
  4022c8:	6c82      	ldr	r2, [r0, #72]	; 0x48
  4022ca:	b952      	cbnz	r2, 4022e2 <xTaskPriorityDisinherit+0x42>
  4022cc:	f04f 0380 	mov.w	r3, #128	; 0x80
  4022d0:	b672      	cpsid	i
  4022d2:	f383 8811 	msr	BASEPRI, r3
  4022d6:	f3bf 8f6f 	isb	sy
  4022da:	f3bf 8f4f 	dsb	sy
  4022de:	b662      	cpsie	i
  4022e0:	e7fe      	b.n	4022e0 <xTaskPriorityDisinherit+0x40>
		(pxTCB->uxMutexesHeld)--;
  4022e2:	3a01      	subs	r2, #1
  4022e4:	6482      	str	r2, [r0, #72]	; 0x48
		if (pxTCB->uxPriority != pxTCB->uxBasePriority) {
  4022e6:	6ac0      	ldr	r0, [r0, #44]	; 0x2c
  4022e8:	6c61      	ldr	r1, [r4, #68]	; 0x44
  4022ea:	4288      	cmp	r0, r1
  4022ec:	d01d      	beq.n	40232a <xTaskPriorityDisinherit+0x8a>
			if (pxTCB->uxMutexesHeld == (UBaseType_t)0) {
  4022ee:	b9f2      	cbnz	r2, 40232e <xTaskPriorityDisinherit+0x8e>
				if (uxListRemove(&(pxTCB->xStateListItem)) == (UBaseType_t)0) {
  4022f0:	1d25      	adds	r5, r4, #4
  4022f2:	4628      	mov	r0, r5
  4022f4:	4b10      	ldr	r3, [pc, #64]	; (402338 <xTaskPriorityDisinherit+0x98>)
  4022f6:	4798      	blx	r3
				pxTCB->uxPriority = pxTCB->uxBasePriority;
  4022f8:	6c63      	ldr	r3, [r4, #68]	; 0x44
  4022fa:	62e3      	str	r3, [r4, #44]	; 0x2c
				listSET_LIST_ITEM_VALUE(
  4022fc:	f1c3 0205 	rsb	r2, r3, #5
  402300:	61a2      	str	r2, [r4, #24]
				prvAddTaskToReadyList(pxTCB);
  402302:	4a0c      	ldr	r2, [pc, #48]	; (402334 <xTaskPriorityDisinherit+0x94>)
  402304:	f8d2 20d0 	ldr.w	r2, [r2, #208]	; 0xd0
  402308:	4293      	cmp	r3, r2
  40230a:	d902      	bls.n	402312 <xTaskPriorityDisinherit+0x72>
  40230c:	4a09      	ldr	r2, [pc, #36]	; (402334 <xTaskPriorityDisinherit+0x94>)
  40230e:	f8c2 30d0 	str.w	r3, [r2, #208]	; 0xd0
  402312:	eb03 0383 	add.w	r3, r3, r3, lsl #2
  402316:	009a      	lsls	r2, r3, #2
  402318:	4629      	mov	r1, r5
  40231a:	4808      	ldr	r0, [pc, #32]	; (40233c <xTaskPriorityDisinherit+0x9c>)
  40231c:	4410      	add	r0, r2
  40231e:	4b08      	ldr	r3, [pc, #32]	; (402340 <xTaskPriorityDisinherit+0xa0>)
  402320:	4798      	blx	r3
				xReturn = pdTRUE;
  402322:	2001      	movs	r0, #1
  402324:	bd38      	pop	{r3, r4, r5, pc}
	BaseType_t   xReturn = pdFALSE;
  402326:	2000      	movs	r0, #0
  402328:	4770      	bx	lr
  40232a:	2000      	movs	r0, #0
  40232c:	bd38      	pop	{r3, r4, r5, pc}
  40232e:	2000      	movs	r0, #0
}
  402330:	bd38      	pop	{r3, r4, r5, pc}
  402332:	bf00      	nop
  402334:	20400990 	.word	0x20400990
  402338:	00400aa1 	.word	0x00400aa1
  40233c:	204009b8 	.word	0x204009b8
  402340:	00400a55 	.word	0x00400a55

00402344 <vTaskPriorityDisinheritAfterTimeout>:
	if (pxMutexHolder != NULL) {
  402344:	2800      	cmp	r0, #0
  402346:	d052      	beq.n	4023ee <vTaskPriorityDisinheritAfterTimeout+0xaa>
{
  402348:	b538      	push	{r3, r4, r5, lr}
  40234a:	4604      	mov	r4, r0
		configASSERT(pxTCB->uxMutexesHeld);
  40234c:	6c80      	ldr	r0, [r0, #72]	; 0x48
  40234e:	b950      	cbnz	r0, 402366 <vTaskPriorityDisinheritAfterTimeout+0x22>
  402350:	f04f 0380 	mov.w	r3, #128	; 0x80
  402354:	b672      	cpsid	i
  402356:	f383 8811 	msr	BASEPRI, r3
  40235a:	f3bf 8f6f 	isb	sy
  40235e:	f3bf 8f4f 	dsb	sy
  402362:	b662      	cpsie	i
  402364:	e7fe      	b.n	402364 <vTaskPriorityDisinheritAfterTimeout+0x20>
		if (pxTCB->uxBasePriority < uxHighestPriorityWaitingTask) {
  402366:	6c62      	ldr	r2, [r4, #68]	; 0x44
  402368:	428a      	cmp	r2, r1
  40236a:	d200      	bcs.n	40236e <vTaskPriorityDisinheritAfterTimeout+0x2a>
			uxPriorityToUse = uxHighestPriorityWaitingTask;
  40236c:	460a      	mov	r2, r1
		if (pxTCB->uxPriority != uxPriorityToUse) {
  40236e:	6ae1      	ldr	r1, [r4, #44]	; 0x2c
  402370:	428a      	cmp	r2, r1
  402372:	d001      	beq.n	402378 <vTaskPriorityDisinheritAfterTimeout+0x34>
			if (pxTCB->uxMutexesHeld == uxOnlyOneMutexHeld) {
  402374:	2801      	cmp	r0, #1
  402376:	d000      	beq.n	40237a <vTaskPriorityDisinheritAfterTimeout+0x36>
  402378:	bd38      	pop	{r3, r4, r5, pc}
				configASSERT(pxTCB != pxCurrentTCB);
  40237a:	481d      	ldr	r0, [pc, #116]	; (4023f0 <vTaskPriorityDisinheritAfterTimeout+0xac>)
  40237c:	f8d0 00c4 	ldr.w	r0, [r0, #196]	; 0xc4
  402380:	4284      	cmp	r4, r0
  402382:	d10a      	bne.n	40239a <vTaskPriorityDisinheritAfterTimeout+0x56>
  402384:	f04f 0380 	mov.w	r3, #128	; 0x80
  402388:	b672      	cpsid	i
  40238a:	f383 8811 	msr	BASEPRI, r3
  40238e:	f3bf 8f6f 	isb	sy
  402392:	f3bf 8f4f 	dsb	sy
  402396:	b662      	cpsie	i
  402398:	e7fe      	b.n	402398 <vTaskPriorityDisinheritAfterTimeout+0x54>
				pxTCB->uxPriority     = uxPriorityToUse;
  40239a:	62e2      	str	r2, [r4, #44]	; 0x2c
				if ((listGET_LIST_ITEM_VALUE(&(pxTCB->xEventListItem)) & taskEVENT_LIST_ITEM_VALUE_IN_USE) == 0UL) {
  40239c:	69a0      	ldr	r0, [r4, #24]
  40239e:	2800      	cmp	r0, #0
  4023a0:	db02      	blt.n	4023a8 <vTaskPriorityDisinheritAfterTimeout+0x64>
					listSET_LIST_ITEM_VALUE(&(pxTCB->xEventListItem),
  4023a2:	f1c2 0205 	rsb	r2, r2, #5
  4023a6:	61a2      	str	r2, [r4, #24]
				if (listIS_CONTAINED_WITHIN(&(pxReadyTasksLists[uxPriorityUsedOnEntry]), &(pxTCB->xStateListItem))
  4023a8:	6963      	ldr	r3, [r4, #20]
  4023aa:	eb01 0181 	add.w	r1, r1, r1, lsl #2
  4023ae:	0088      	lsls	r0, r1, #2
  4023b0:	4a10      	ldr	r2, [pc, #64]	; (4023f4 <vTaskPriorityDisinheritAfterTimeout+0xb0>)
  4023b2:	4402      	add	r2, r0
				    != pdFALSE) {
  4023b4:	4293      	cmp	r3, r2
  4023b6:	d118      	bne.n	4023ea <vTaskPriorityDisinheritAfterTimeout+0xa6>
  4023b8:	2201      	movs	r2, #1
				if (listIS_CONTAINED_WITHIN(&(pxReadyTasksLists[uxPriorityUsedOnEntry]), &(pxTCB->xStateListItem))
  4023ba:	2a00      	cmp	r2, #0
  4023bc:	d0dc      	beq.n	402378 <vTaskPriorityDisinheritAfterTimeout+0x34>
					if (uxListRemove(&(pxTCB->xStateListItem)) == (UBaseType_t)0) {
  4023be:	1d25      	adds	r5, r4, #4
  4023c0:	4628      	mov	r0, r5
  4023c2:	4b0d      	ldr	r3, [pc, #52]	; (4023f8 <vTaskPriorityDisinheritAfterTimeout+0xb4>)
  4023c4:	4798      	blx	r3
					prvAddTaskToReadyList(pxTCB);
  4023c6:	6ae3      	ldr	r3, [r4, #44]	; 0x2c
  4023c8:	4a09      	ldr	r2, [pc, #36]	; (4023f0 <vTaskPriorityDisinheritAfterTimeout+0xac>)
  4023ca:	f8d2 20d0 	ldr.w	r2, [r2, #208]	; 0xd0
  4023ce:	4293      	cmp	r3, r2
  4023d0:	d902      	bls.n	4023d8 <vTaskPriorityDisinheritAfterTimeout+0x94>
  4023d2:	4a07      	ldr	r2, [pc, #28]	; (4023f0 <vTaskPriorityDisinheritAfterTimeout+0xac>)
  4023d4:	f8c2 30d0 	str.w	r3, [r2, #208]	; 0xd0
  4023d8:	eb03 0383 	add.w	r3, r3, r3, lsl #2
  4023dc:	009a      	lsls	r2, r3, #2
  4023de:	4629      	mov	r1, r5
  4023e0:	4804      	ldr	r0, [pc, #16]	; (4023f4 <vTaskPriorityDisinheritAfterTimeout+0xb0>)
  4023e2:	4410      	add	r0, r2
  4023e4:	4b05      	ldr	r3, [pc, #20]	; (4023fc <vTaskPriorityDisinheritAfterTimeout+0xb8>)
  4023e6:	4798      	blx	r3
}
  4023e8:	e7c6      	b.n	402378 <vTaskPriorityDisinheritAfterTimeout+0x34>
				    != pdFALSE) {
  4023ea:	2200      	movs	r2, #0
  4023ec:	e7e5      	b.n	4023ba <vTaskPriorityDisinheritAfterTimeout+0x76>
  4023ee:	4770      	bx	lr
  4023f0:	20400990 	.word	0x20400990
  4023f4:	204009b8 	.word	0x204009b8
  4023f8:	00400aa1 	.word	0x00400aa1
  4023fc:	00400a55 	.word	0x00400a55

00402400 <pvTaskIncrementMutexHeldCount>:
	if (pxCurrentTCB != NULL) {
  402400:	4b06      	ldr	r3, [pc, #24]	; (40241c <pvTaskIncrementMutexHeldCount+0x1c>)
  402402:	f8d3 30c4 	ldr.w	r3, [r3, #196]	; 0xc4
  402406:	b12b      	cbz	r3, 402414 <pvTaskIncrementMutexHeldCount+0x14>
		(pxCurrentTCB->uxMutexesHeld)++;
  402408:	4b04      	ldr	r3, [pc, #16]	; (40241c <pvTaskIncrementMutexHeldCount+0x1c>)
  40240a:	f8d3 20c4 	ldr.w	r2, [r3, #196]	; 0xc4
  40240e:	6c93      	ldr	r3, [r2, #72]	; 0x48
  402410:	3301      	adds	r3, #1
  402412:	6493      	str	r3, [r2, #72]	; 0x48
	return pxCurrentTCB;
  402414:	4b01      	ldr	r3, [pc, #4]	; (40241c <pvTaskIncrementMutexHeldCount+0x1c>)
  402416:	f8d3 00c4 	ldr.w	r0, [r3, #196]	; 0xc4
}
  40241a:	4770      	bx	lr
  40241c:	20400990 	.word	0x20400990

00402420 <prvGetNextExpireTime>:
	the timer with the nearest expiry time will expire.  If there are no
	active timers then just set the next expire time to 0.  That will cause
	this task to unblock when the tick count overflows, at which point the
	timer lists will be switched and the next expiry time can be
	re-assessed.  */
	*pxListWasEmpty = listLIST_IS_EMPTY(pxCurrentTimerList);
  402420:	4b06      	ldr	r3, [pc, #24]	; (40243c <prvGetNextExpireTime+0x1c>)
  402422:	681a      	ldr	r2, [r3, #0]
  402424:	6813      	ldr	r3, [r2, #0]
  402426:	fab3 f383 	clz	r3, r3
  40242a:	095b      	lsrs	r3, r3, #5
  40242c:	6003      	str	r3, [r0, #0]
	if (*pxListWasEmpty == pdFALSE) {
  40242e:	b913      	cbnz	r3, 402436 <prvGetNextExpireTime+0x16>
		xNextExpireTime = listGET_ITEM_VALUE_OF_HEAD_ENTRY(pxCurrentTimerList);
  402430:	68d3      	ldr	r3, [r2, #12]
  402432:	6818      	ldr	r0, [r3, #0]
  402434:	4770      	bx	lr
	} else {
		/* Ensure the task unblocks when the tick count rolls over. */
		xNextExpireTime = (TickType_t)0U;
  402436:	2000      	movs	r0, #0
	}

	return xNextExpireTime;
}
  402438:	4770      	bx	lr
  40243a:	bf00      	nop
  40243c:	20400a7c 	.word	0x20400a7c

00402440 <prvInsertTimerInActiveList>:
}
/*-----------------------------------------------------------*/

static BaseType_t prvInsertTimerInActiveList(Timer_t *const pxTimer, const TickType_t xNextExpiryTime,
                                             const TickType_t xTimeNow, const TickType_t xCommandTime)
{
  402440:	b508      	push	{r3, lr}
	BaseType_t xProcessTimerNow = pdFALSE;

	listSET_LIST_ITEM_VALUE(&(pxTimer->xTimerListItem), xNextExpiryTime);
  402442:	6041      	str	r1, [r0, #4]
	listSET_LIST_ITEM_OWNER(&(pxTimer->xTimerListItem), pxTimer);
  402444:	6100      	str	r0, [r0, #16]

	if (xNextExpiryTime <= xTimeNow) {
  402446:	4291      	cmp	r1, r2
  402448:	d80c      	bhi.n	402464 <prvInsertTimerInActiveList+0x24>
		/* Has the expiry time elapsed between the command to start/reset a
		timer was issued, and the time the command was processed? */
		if (((TickType_t)(xTimeNow - xCommandTime))
  40244a:	1ad2      	subs	r2, r2, r3
		    >= pxTimer->xTimerPeriodInTicks) /*lint !e961 MISRA exception as the casts are only redundant for some
  40244c:	6983      	ldr	r3, [r0, #24]
		if (((TickType_t)(xTimeNow - xCommandTime))
  40244e:	429a      	cmp	r2, r3
  402450:	d301      	bcc.n	402456 <prvInsertTimerInActiveList+0x16>
		                                        ports. */
		{
			/* The time between a command being issued and the command being
			processed actually exceeds the timers period.  */
			xProcessTimerNow = pdTRUE;
  402452:	2001      	movs	r0, #1
  402454:	bd08      	pop	{r3, pc}
		} else {
			vListInsert(pxOverflowTimerList, &(pxTimer->xTimerListItem));
  402456:	1d01      	adds	r1, r0, #4
  402458:	4b0b      	ldr	r3, [pc, #44]	; (402488 <prvInsertTimerInActiveList+0x48>)
  40245a:	6858      	ldr	r0, [r3, #4]
  40245c:	4b0b      	ldr	r3, [pc, #44]	; (40248c <prvInsertTimerInActiveList+0x4c>)
  40245e:	4798      	blx	r3
	BaseType_t xProcessTimerNow = pdFALSE;
  402460:	2000      	movs	r0, #0
  402462:	bd08      	pop	{r3, pc}
		}
	} else {
		if ((xTimeNow < xCommandTime) && (xNextExpiryTime >= xCommandTime)) {
  402464:	429a      	cmp	r2, r3
  402466:	bf2c      	ite	cs
  402468:	2200      	movcs	r2, #0
  40246a:	2201      	movcc	r2, #1
  40246c:	4299      	cmp	r1, r3
  40246e:	bf38      	it	cc
  402470:	2200      	movcc	r2, #0
  402472:	b10a      	cbz	r2, 402478 <prvInsertTimerInActiveList+0x38>
			/* If, since the command was issued, the tick count has overflowed
			but the expiry time has not, then the timer must have already passed
			its expiry time and should be processed immediately. */
			xProcessTimerNow = pdTRUE;
  402474:	2001      	movs	r0, #1
			vListInsert(pxCurrentTimerList, &(pxTimer->xTimerListItem));
		}
	}

	return xProcessTimerNow;
}
  402476:	bd08      	pop	{r3, pc}
			vListInsert(pxCurrentTimerList, &(pxTimer->xTimerListItem));
  402478:	1d01      	adds	r1, r0, #4
  40247a:	4b03      	ldr	r3, [pc, #12]	; (402488 <prvInsertTimerInActiveList+0x48>)
  40247c:	6818      	ldr	r0, [r3, #0]
  40247e:	4b03      	ldr	r3, [pc, #12]	; (40248c <prvInsertTimerInActiveList+0x4c>)
  402480:	4798      	blx	r3
	BaseType_t xProcessTimerNow = pdFALSE;
  402482:	2000      	movs	r0, #0
  402484:	bd08      	pop	{r3, pc}
  402486:	bf00      	nop
  402488:	20400a7c 	.word	0x20400a7c
  40248c:	00400a6d 	.word	0x00400a6d

00402490 <prvCheckForValidListAndQueue>:
	pxOverflowTimerList = pxTemp;
}
/*-----------------------------------------------------------*/

static void prvCheckForValidListAndQueue(void)
{
  402490:	b5f8      	push	{r3, r4, r5, r6, r7, lr}
	/* Check that the list from which active timers are referenced, and the
	queue used to communicate with the timer service, have been
	initialised. */
	taskENTER_CRITICAL();
  402492:	4b0d      	ldr	r3, [pc, #52]	; (4024c8 <prvCheckForValidListAndQueue+0x38>)
  402494:	4798      	blx	r3
	{
		if (xTimerQueue == NULL) {
  402496:	4b0d      	ldr	r3, [pc, #52]	; (4024cc <prvCheckForValidListAndQueue+0x3c>)
  402498:	689b      	ldr	r3, [r3, #8]
  40249a:	b113      	cbz	r3, 4024a2 <prvCheckForValidListAndQueue+0x12>
#endif /* configQUEUE_REGISTRY_SIZE */
		} else {
			mtCOVERAGE_TEST_MARKER();
		}
	}
	taskEXIT_CRITICAL();
  40249c:	4b0c      	ldr	r3, [pc, #48]	; (4024d0 <prvCheckForValidListAndQueue+0x40>)
  40249e:	4798      	blx	r3
  4024a0:	bdf8      	pop	{r3, r4, r5, r6, r7, pc}
			vListInitialise(&xActiveTimerList1);
  4024a2:	4c0a      	ldr	r4, [pc, #40]	; (4024cc <prvCheckForValidListAndQueue+0x3c>)
  4024a4:	f104 060c 	add.w	r6, r4, #12
  4024a8:	4630      	mov	r0, r6
  4024aa:	4f0a      	ldr	r7, [pc, #40]	; (4024d4 <prvCheckForValidListAndQueue+0x44>)
  4024ac:	47b8      	blx	r7
			vListInitialise(&xActiveTimerList2);
  4024ae:	f104 0520 	add.w	r5, r4, #32
  4024b2:	4628      	mov	r0, r5
  4024b4:	47b8      	blx	r7
			pxCurrentTimerList  = &xActiveTimerList1;
  4024b6:	6026      	str	r6, [r4, #0]
			pxOverflowTimerList = &xActiveTimerList2;
  4024b8:	6065      	str	r5, [r4, #4]
				xTimerQueue = xQueueCreate((UBaseType_t)configTIMER_QUEUE_LENGTH, sizeof(DaemonTaskMessage_t));
  4024ba:	2200      	movs	r2, #0
  4024bc:	210c      	movs	r1, #12
  4024be:	2002      	movs	r0, #2
  4024c0:	4b05      	ldr	r3, [pc, #20]	; (4024d8 <prvCheckForValidListAndQueue+0x48>)
  4024c2:	4798      	blx	r3
  4024c4:	60a0      	str	r0, [r4, #8]
  4024c6:	e7e9      	b.n	40249c <prvCheckForValidListAndQueue+0xc>
  4024c8:	00400ba5 	.word	0x00400ba5
  4024cc:	20400a7c 	.word	0x20400a7c
  4024d0:	00400bf1 	.word	0x00400bf1
  4024d4:	00400a39 	.word	0x00400a39
  4024d8:	00401185 	.word	0x00401185

004024dc <xTimerCreateTimerTask>:
{
  4024dc:	b510      	push	{r4, lr}
  4024de:	b082      	sub	sp, #8
	prvCheckForValidListAndQueue();
  4024e0:	4b0f      	ldr	r3, [pc, #60]	; (402520 <xTimerCreateTimerTask+0x44>)
  4024e2:	4798      	blx	r3
	if (xTimerQueue != NULL) {
  4024e4:	4b0f      	ldr	r3, [pc, #60]	; (402524 <xTimerCreateTimerTask+0x48>)
  4024e6:	689b      	ldr	r3, [r3, #8]
  4024e8:	b1ab      	cbz	r3, 402516 <xTimerCreateTimerTask+0x3a>
			xReturn = xTaskCreate(prvTimerTask,
  4024ea:	4b0f      	ldr	r3, [pc, #60]	; (402528 <xTimerCreateTimerTask+0x4c>)
  4024ec:	9301      	str	r3, [sp, #4]
  4024ee:	2302      	movs	r3, #2
  4024f0:	9300      	str	r3, [sp, #0]
  4024f2:	2300      	movs	r3, #0
  4024f4:	2240      	movs	r2, #64	; 0x40
  4024f6:	490d      	ldr	r1, [pc, #52]	; (40252c <xTimerCreateTimerTask+0x50>)
  4024f8:	480d      	ldr	r0, [pc, #52]	; (402530 <xTimerCreateTimerTask+0x54>)
  4024fa:	4c0e      	ldr	r4, [pc, #56]	; (402534 <xTimerCreateTimerTask+0x58>)
  4024fc:	47a0      	blx	r4
	configASSERT(xReturn);
  4024fe:	b960      	cbnz	r0, 40251a <xTimerCreateTimerTask+0x3e>
  402500:	f04f 0380 	mov.w	r3, #128	; 0x80
  402504:	b672      	cpsid	i
  402506:	f383 8811 	msr	BASEPRI, r3
  40250a:	f3bf 8f6f 	isb	sy
  40250e:	f3bf 8f4f 	dsb	sy
  402512:	b662      	cpsie	i
  402514:	e7fe      	b.n	402514 <xTimerCreateTimerTask+0x38>
	BaseType_t xReturn = pdFAIL;
  402516:	2000      	movs	r0, #0
  402518:	e7f1      	b.n	4024fe <xTimerCreateTimerTask+0x22>
}
  40251a:	b002      	add	sp, #8
  40251c:	bd10      	pop	{r4, pc}
  40251e:	bf00      	nop
  402520:	00402491 	.word	0x00402491
  402524:	20400a7c 	.word	0x20400a7c
  402528:	20400ab0 	.word	0x20400ab0
  40252c:	00402aa0 	.word	0x00402aa0
  402530:	00402875 	.word	0x00402875
  402534:	00401b9d 	.word	0x00401b9d

00402538 <xTimerGenericCommand>:
	configASSERT(xTimer);
  402538:	b1c8      	cbz	r0, 40256e <xTimerGenericCommand+0x36>
{
  40253a:	b530      	push	{r4, r5, lr}
  40253c:	b085      	sub	sp, #20
  40253e:	4615      	mov	r5, r2
  402540:	4604      	mov	r4, r0
	if (xTimerQueue != NULL) {
  402542:	4a18      	ldr	r2, [pc, #96]	; (4025a4 <xTimerGenericCommand+0x6c>)
  402544:	6890      	ldr	r0, [r2, #8]
  402546:	2800      	cmp	r0, #0
  402548:	d02a      	beq.n	4025a0 <xTimerGenericCommand+0x68>
  40254a:	461a      	mov	r2, r3
		xMessage.xMessageID                       = xCommandID;
  40254c:	9101      	str	r1, [sp, #4]
		xMessage.u.xTimerParameters.xMessageValue = xOptionalValue;
  40254e:	9502      	str	r5, [sp, #8]
		xMessage.u.xTimerParameters.pxTimer       = (Timer_t *)xTimer;
  402550:	9403      	str	r4, [sp, #12]
		if (xCommandID < tmrFIRST_FROM_ISR_COMMAND) {
  402552:	2905      	cmp	r1, #5
  402554:	dc1e      	bgt.n	402594 <xTimerGenericCommand+0x5c>
			if (xTaskGetSchedulerState() == taskSCHEDULER_RUNNING) {
  402556:	4b14      	ldr	r3, [pc, #80]	; (4025a8 <xTimerGenericCommand+0x70>)
  402558:	4798      	blx	r3
  40255a:	2802      	cmp	r0, #2
  40255c:	d012      	beq.n	402584 <xTimerGenericCommand+0x4c>
				xReturn = xQueueSendToBack(xTimerQueue, &xMessage, tmrNO_DELAY);
  40255e:	2300      	movs	r3, #0
  402560:	461a      	mov	r2, r3
  402562:	a901      	add	r1, sp, #4
  402564:	480f      	ldr	r0, [pc, #60]	; (4025a4 <xTimerGenericCommand+0x6c>)
  402566:	6880      	ldr	r0, [r0, #8]
  402568:	4c10      	ldr	r4, [pc, #64]	; (4025ac <xTimerGenericCommand+0x74>)
  40256a:	47a0      	blx	r4
  40256c:	e016      	b.n	40259c <xTimerGenericCommand+0x64>
  40256e:	f04f 0380 	mov.w	r3, #128	; 0x80
  402572:	b672      	cpsid	i
  402574:	f383 8811 	msr	BASEPRI, r3
  402578:	f3bf 8f6f 	isb	sy
  40257c:	f3bf 8f4f 	dsb	sy
  402580:	b662      	cpsie	i
  402582:	e7fe      	b.n	402582 <xTimerGenericCommand+0x4a>
				xReturn = xQueueSendToBack(xTimerQueue, &xMessage, xTicksToWait);
  402584:	2300      	movs	r3, #0
  402586:	9a08      	ldr	r2, [sp, #32]
  402588:	a901      	add	r1, sp, #4
  40258a:	4806      	ldr	r0, [pc, #24]	; (4025a4 <xTimerGenericCommand+0x6c>)
  40258c:	6880      	ldr	r0, [r0, #8]
  40258e:	4c07      	ldr	r4, [pc, #28]	; (4025ac <xTimerGenericCommand+0x74>)
  402590:	47a0      	blx	r4
  402592:	e003      	b.n	40259c <xTimerGenericCommand+0x64>
			xReturn = xQueueSendToBackFromISR(xTimerQueue, &xMessage, pxHigherPriorityTaskWoken);
  402594:	2300      	movs	r3, #0
  402596:	a901      	add	r1, sp, #4
  402598:	4c05      	ldr	r4, [pc, #20]	; (4025b0 <xTimerGenericCommand+0x78>)
  40259a:	47a0      	blx	r4
}
  40259c:	b005      	add	sp, #20
  40259e:	bd30      	pop	{r4, r5, pc}
	BaseType_t          xReturn = pdFAIL;
  4025a0:	2000      	movs	r0, #0
	return xReturn;
  4025a2:	e7fb      	b.n	40259c <xTimerGenericCommand+0x64>
  4025a4:	20400a7c 	.word	0x20400a7c
  4025a8:	004021d1 	.word	0x004021d1
  4025ac:	004011d9 	.word	0x004011d9
  4025b0:	00401405 	.word	0x00401405

004025b4 <prvSwitchTimerLists>:
	while (listLIST_IS_EMPTY(pxCurrentTimerList) == pdFALSE) {
  4025b4:	4b21      	ldr	r3, [pc, #132]	; (40263c <prvSwitchTimerLists+0x88>)
  4025b6:	681b      	ldr	r3, [r3, #0]
  4025b8:	681a      	ldr	r2, [r3, #0]
  4025ba:	2a00      	cmp	r2, #0
  4025bc:	d039      	beq.n	402632 <prvSwitchTimerLists+0x7e>
{
  4025be:	b570      	push	{r4, r5, r6, lr}
  4025c0:	b082      	sub	sp, #8
		xNextExpireTime = listGET_ITEM_VALUE_OF_HEAD_ENTRY(pxCurrentTimerList);
  4025c2:	68db      	ldr	r3, [r3, #12]
  4025c4:	681e      	ldr	r6, [r3, #0]
		pxTimer = (Timer_t *)listGET_OWNER_OF_HEAD_ENTRY(pxCurrentTimerList);
  4025c6:	68dc      	ldr	r4, [r3, #12]
		(void)uxListRemove(&(pxTimer->xTimerListItem));
  4025c8:	1d25      	adds	r5, r4, #4
  4025ca:	4628      	mov	r0, r5
  4025cc:	4b1c      	ldr	r3, [pc, #112]	; (402640 <prvSwitchTimerLists+0x8c>)
  4025ce:	4798      	blx	r3
		pxTimer->pxCallbackFunction((TimerHandle_t)pxTimer);
  4025d0:	6a63      	ldr	r3, [r4, #36]	; 0x24
  4025d2:	4620      	mov	r0, r4
  4025d4:	4798      	blx	r3
		if (pxTimer->uxAutoReload == (UBaseType_t)pdTRUE) {
  4025d6:	69e3      	ldr	r3, [r4, #28]
  4025d8:	2b01      	cmp	r3, #1
  4025da:	d00a      	beq.n	4025f2 <prvSwitchTimerLists+0x3e>
	while (listLIST_IS_EMPTY(pxCurrentTimerList) == pdFALSE) {
  4025dc:	4b17      	ldr	r3, [pc, #92]	; (40263c <prvSwitchTimerLists+0x88>)
  4025de:	681b      	ldr	r3, [r3, #0]
  4025e0:	681a      	ldr	r2, [r3, #0]
  4025e2:	2a00      	cmp	r2, #0
  4025e4:	d1ed      	bne.n	4025c2 <prvSwitchTimerLists+0xe>
	pxCurrentTimerList  = pxOverflowTimerList;
  4025e6:	4a15      	ldr	r2, [pc, #84]	; (40263c <prvSwitchTimerLists+0x88>)
  4025e8:	6851      	ldr	r1, [r2, #4]
  4025ea:	6011      	str	r1, [r2, #0]
	pxOverflowTimerList = pxTemp;
  4025ec:	6053      	str	r3, [r2, #4]
}
  4025ee:	b002      	add	sp, #8
  4025f0:	bd70      	pop	{r4, r5, r6, pc}
			xReloadTime = (xNextExpireTime + pxTimer->xTimerPeriodInTicks);
  4025f2:	69a3      	ldr	r3, [r4, #24]
  4025f4:	4433      	add	r3, r6
			if (xReloadTime > xNextExpireTime) {
  4025f6:	429e      	cmp	r6, r3
  4025f8:	d207      	bcs.n	40260a <prvSwitchTimerLists+0x56>
				listSET_LIST_ITEM_VALUE(&(pxTimer->xTimerListItem), xReloadTime);
  4025fa:	6063      	str	r3, [r4, #4]
				listSET_LIST_ITEM_OWNER(&(pxTimer->xTimerListItem), pxTimer);
  4025fc:	6124      	str	r4, [r4, #16]
				vListInsert(pxCurrentTimerList, &(pxTimer->xTimerListItem));
  4025fe:	4629      	mov	r1, r5
  402600:	4b0e      	ldr	r3, [pc, #56]	; (40263c <prvSwitchTimerLists+0x88>)
  402602:	6818      	ldr	r0, [r3, #0]
  402604:	4b0f      	ldr	r3, [pc, #60]	; (402644 <prvSwitchTimerLists+0x90>)
  402606:	4798      	blx	r3
  402608:	e7e8      	b.n	4025dc <prvSwitchTimerLists+0x28>
				    = xTimerGenericCommand(pxTimer, tmrCOMMAND_START_DONT_TRACE, xNextExpireTime, NULL, tmrNO_DELAY);
  40260a:	2100      	movs	r1, #0
  40260c:	9100      	str	r1, [sp, #0]
  40260e:	460b      	mov	r3, r1
  402610:	4632      	mov	r2, r6
  402612:	4620      	mov	r0, r4
  402614:	4c0c      	ldr	r4, [pc, #48]	; (402648 <prvSwitchTimerLists+0x94>)
  402616:	47a0      	blx	r4
				configASSERT(xResult);
  402618:	2800      	cmp	r0, #0
  40261a:	d1df      	bne.n	4025dc <prvSwitchTimerLists+0x28>
  40261c:	f04f 0380 	mov.w	r3, #128	; 0x80
  402620:	b672      	cpsid	i
  402622:	f383 8811 	msr	BASEPRI, r3
  402626:	f3bf 8f6f 	isb	sy
  40262a:	f3bf 8f4f 	dsb	sy
  40262e:	b662      	cpsie	i
  402630:	e7fe      	b.n	402630 <prvSwitchTimerLists+0x7c>
	pxCurrentTimerList  = pxOverflowTimerList;
  402632:	4a02      	ldr	r2, [pc, #8]	; (40263c <prvSwitchTimerLists+0x88>)
  402634:	6851      	ldr	r1, [r2, #4]
  402636:	6011      	str	r1, [r2, #0]
	pxOverflowTimerList = pxTemp;
  402638:	6053      	str	r3, [r2, #4]
  40263a:	4770      	bx	lr
  40263c:	20400a7c 	.word	0x20400a7c
  402640:	00400aa1 	.word	0x00400aa1
  402644:	00400a6d 	.word	0x00400a6d
  402648:	00402539 	.word	0x00402539

0040264c <prvSampleTimeNow>:
{
  40264c:	b538      	push	{r3, r4, r5, lr}
  40264e:	4605      	mov	r5, r0
	xTimeNow = xTaskGetTickCount();
  402650:	4b08      	ldr	r3, [pc, #32]	; (402674 <prvSampleTimeNow+0x28>)
  402652:	4798      	blx	r3
  402654:	4604      	mov	r4, r0
	if (xTimeNow < xLastTime) {
  402656:	4b08      	ldr	r3, [pc, #32]	; (402678 <prvSampleTimeNow+0x2c>)
  402658:	6b9b      	ldr	r3, [r3, #56]	; 0x38
  40265a:	4298      	cmp	r0, r3
  40265c:	d305      	bcc.n	40266a <prvSampleTimeNow+0x1e>
		*pxTimerListsWereSwitched = pdFALSE;
  40265e:	2300      	movs	r3, #0
  402660:	602b      	str	r3, [r5, #0]
	xLastTime = xTimeNow;
  402662:	4b05      	ldr	r3, [pc, #20]	; (402678 <prvSampleTimeNow+0x2c>)
  402664:	639c      	str	r4, [r3, #56]	; 0x38
}
  402666:	4620      	mov	r0, r4
  402668:	bd38      	pop	{r3, r4, r5, pc}
		prvSwitchTimerLists();
  40266a:	4b04      	ldr	r3, [pc, #16]	; (40267c <prvSampleTimeNow+0x30>)
  40266c:	4798      	blx	r3
		*pxTimerListsWereSwitched = pdTRUE;
  40266e:	2301      	movs	r3, #1
  402670:	602b      	str	r3, [r5, #0]
  402672:	e7f6      	b.n	402662 <prvSampleTimeNow+0x16>
  402674:	00401cb5 	.word	0x00401cb5
  402678:	20400a7c 	.word	0x20400a7c
  40267c:	004025b5 	.word	0x004025b5

00402680 <prvProcessExpiredTimer>:
{
  402680:	b570      	push	{r4, r5, r6, lr}
  402682:	b082      	sub	sp, #8
  402684:	4605      	mov	r5, r0
  402686:	460e      	mov	r6, r1
	Timer_t *const pxTimer = (Timer_t *)listGET_OWNER_OF_HEAD_ENTRY(pxCurrentTimerList);
  402688:	4b15      	ldr	r3, [pc, #84]	; (4026e0 <prvProcessExpiredTimer+0x60>)
  40268a:	681b      	ldr	r3, [r3, #0]
  40268c:	68db      	ldr	r3, [r3, #12]
  40268e:	68dc      	ldr	r4, [r3, #12]
	(void)uxListRemove(&(pxTimer->xTimerListItem));
  402690:	1d20      	adds	r0, r4, #4
  402692:	4b14      	ldr	r3, [pc, #80]	; (4026e4 <prvProcessExpiredTimer+0x64>)
  402694:	4798      	blx	r3
	if (pxTimer->uxAutoReload == (UBaseType_t)pdTRUE) {
  402696:	69e3      	ldr	r3, [r4, #28]
  402698:	2b01      	cmp	r3, #1
  40269a:	d004      	beq.n	4026a6 <prvProcessExpiredTimer+0x26>
	pxTimer->pxCallbackFunction((TimerHandle_t)pxTimer);
  40269c:	6a63      	ldr	r3, [r4, #36]	; 0x24
  40269e:	4620      	mov	r0, r4
  4026a0:	4798      	blx	r3
}
  4026a2:	b002      	add	sp, #8
  4026a4:	bd70      	pop	{r4, r5, r6, pc}
		        pxTimer, (xNextExpireTime + pxTimer->xTimerPeriodInTicks), xTimeNow, xNextExpireTime)
  4026a6:	69a1      	ldr	r1, [r4, #24]
		if (prvInsertTimerInActiveList(
  4026a8:	462b      	mov	r3, r5
  4026aa:	4632      	mov	r2, r6
  4026ac:	4429      	add	r1, r5
  4026ae:	4620      	mov	r0, r4
  4026b0:	4e0d      	ldr	r6, [pc, #52]	; (4026e8 <prvProcessExpiredTimer+0x68>)
  4026b2:	47b0      	blx	r6
  4026b4:	2800      	cmp	r0, #0
  4026b6:	d0f1      	beq.n	40269c <prvProcessExpiredTimer+0x1c>
			xResult = xTimerGenericCommand(pxTimer, tmrCOMMAND_START_DONT_TRACE, xNextExpireTime, NULL, tmrNO_DELAY);
  4026b8:	2100      	movs	r1, #0
  4026ba:	9100      	str	r1, [sp, #0]
  4026bc:	460b      	mov	r3, r1
  4026be:	462a      	mov	r2, r5
  4026c0:	4620      	mov	r0, r4
  4026c2:	4d0a      	ldr	r5, [pc, #40]	; (4026ec <prvProcessExpiredTimer+0x6c>)
  4026c4:	47a8      	blx	r5
			configASSERT(xResult);
  4026c6:	2800      	cmp	r0, #0
  4026c8:	d1e8      	bne.n	40269c <prvProcessExpiredTimer+0x1c>
  4026ca:	f04f 0380 	mov.w	r3, #128	; 0x80
  4026ce:	b672      	cpsid	i
  4026d0:	f383 8811 	msr	BASEPRI, r3
  4026d4:	f3bf 8f6f 	isb	sy
  4026d8:	f3bf 8f4f 	dsb	sy
  4026dc:	b662      	cpsie	i
  4026de:	e7fe      	b.n	4026de <prvProcessExpiredTimer+0x5e>
  4026e0:	20400a7c 	.word	0x20400a7c
  4026e4:	00400aa1 	.word	0x00400aa1
  4026e8:	00402441 	.word	0x00402441
  4026ec:	00402539 	.word	0x00402539

004026f0 <prvProcessTimerOrBlockTask>:
{
  4026f0:	b570      	push	{r4, r5, r6, lr}
  4026f2:	b082      	sub	sp, #8
  4026f4:	4606      	mov	r6, r0
  4026f6:	460c      	mov	r4, r1
	vTaskSuspendAll();
  4026f8:	4b17      	ldr	r3, [pc, #92]	; (402758 <prvProcessTimerOrBlockTask+0x68>)
  4026fa:	4798      	blx	r3
		xTimeNow = prvSampleTimeNow(&xTimerListsWereSwitched);
  4026fc:	a801      	add	r0, sp, #4
  4026fe:	4b17      	ldr	r3, [pc, #92]	; (40275c <prvProcessTimerOrBlockTask+0x6c>)
  402700:	4798      	blx	r3
		if (xTimerListsWereSwitched == pdFALSE) {
  402702:	9b01      	ldr	r3, [sp, #4]
  402704:	bb23      	cbnz	r3, 402750 <prvProcessTimerOrBlockTask+0x60>
  402706:	4605      	mov	r5, r0
			if ((xListWasEmpty == pdFALSE) && (xNextExpireTime <= xTimeNow)) {
  402708:	42b0      	cmp	r0, r6
  40270a:	bf28      	it	cs
  40270c:	2c00      	cmpcs	r4, #0
  40270e:	d018      	beq.n	402742 <prvProcessTimerOrBlockTask+0x52>
				if (xListWasEmpty != pdFALSE) {
  402710:	b12c      	cbz	r4, 40271e <prvProcessTimerOrBlockTask+0x2e>
					xListWasEmpty = listLIST_IS_EMPTY(pxOverflowTimerList);
  402712:	4b13      	ldr	r3, [pc, #76]	; (402760 <prvProcessTimerOrBlockTask+0x70>)
  402714:	685b      	ldr	r3, [r3, #4]
  402716:	681c      	ldr	r4, [r3, #0]
  402718:	fab4 f484 	clz	r4, r4
  40271c:	0964      	lsrs	r4, r4, #5
				vQueueWaitForMessageRestricted(xTimerQueue, (xNextExpireTime - xTimeNow), xListWasEmpty);
  40271e:	4622      	mov	r2, r4
  402720:	1b71      	subs	r1, r6, r5
  402722:	4b0f      	ldr	r3, [pc, #60]	; (402760 <prvProcessTimerOrBlockTask+0x70>)
  402724:	6898      	ldr	r0, [r3, #8]
  402726:	4b0f      	ldr	r3, [pc, #60]	; (402764 <prvProcessTimerOrBlockTask+0x74>)
  402728:	4798      	blx	r3
				if (xTaskResumeAll() == pdFALSE) {
  40272a:	4b0f      	ldr	r3, [pc, #60]	; (402768 <prvProcessTimerOrBlockTask+0x78>)
  40272c:	4798      	blx	r3
  40272e:	b988      	cbnz	r0, 402754 <prvProcessTimerOrBlockTask+0x64>
					portYIELD_WITHIN_API();
  402730:	f04f 5280 	mov.w	r2, #268435456	; 0x10000000
  402734:	4b0d      	ldr	r3, [pc, #52]	; (40276c <prvProcessTimerOrBlockTask+0x7c>)
  402736:	601a      	str	r2, [r3, #0]
  402738:	f3bf 8f4f 	dsb	sy
  40273c:	f3bf 8f6f 	isb	sy
  402740:	e008      	b.n	402754 <prvProcessTimerOrBlockTask+0x64>
				(void)xTaskResumeAll();
  402742:	4b09      	ldr	r3, [pc, #36]	; (402768 <prvProcessTimerOrBlockTask+0x78>)
  402744:	4798      	blx	r3
				prvProcessExpiredTimer(xNextExpireTime, xTimeNow);
  402746:	4629      	mov	r1, r5
  402748:	4630      	mov	r0, r6
  40274a:	4b09      	ldr	r3, [pc, #36]	; (402770 <prvProcessTimerOrBlockTask+0x80>)
  40274c:	4798      	blx	r3
  40274e:	e001      	b.n	402754 <prvProcessTimerOrBlockTask+0x64>
			(void)xTaskResumeAll();
  402750:	4b05      	ldr	r3, [pc, #20]	; (402768 <prvProcessTimerOrBlockTask+0x78>)
  402752:	4798      	blx	r3
}
  402754:	b002      	add	sp, #8
  402756:	bd70      	pop	{r4, r5, r6, pc}
  402758:	00401ca1 	.word	0x00401ca1
  40275c:	0040264d 	.word	0x0040264d
  402760:	20400a7c 	.word	0x20400a7c
  402764:	004018b1 	.word	0x004018b1
  402768:	00401df9 	.word	0x00401df9
  40276c:	e000ed04 	.word	0xe000ed04
  402770:	00402681 	.word	0x00402681

00402774 <prvProcessReceivedCommands>:
{
  402774:	b530      	push	{r4, r5, lr}
  402776:	b087      	sub	sp, #28
	while (xQueueReceive(xTimerQueue, &xMessage, tmrNO_DELAY)
  402778:	2200      	movs	r2, #0
  40277a:	a903      	add	r1, sp, #12
  40277c:	4b36      	ldr	r3, [pc, #216]	; (402858 <prvProcessReceivedCommands+0xe4>)
  40277e:	6898      	ldr	r0, [r3, #8]
  402780:	4b36      	ldr	r3, [pc, #216]	; (40285c <prvProcessReceivedCommands+0xe8>)
  402782:	4798      	blx	r3
  402784:	2800      	cmp	r0, #0
  402786:	d064      	beq.n	402852 <prvProcessReceivedCommands+0xde>
		if (xMessage.xMessageID >= (BaseType_t)0) {
  402788:	9b03      	ldr	r3, [sp, #12]
  40278a:	2b00      	cmp	r3, #0
  40278c:	dbf4      	blt.n	402778 <prvProcessReceivedCommands+0x4>
			pxTimer = xMessage.u.xTimerParameters.pxTimer;
  40278e:	9c05      	ldr	r4, [sp, #20]
			if (listIS_CONTAINED_WITHIN(NULL, &(pxTimer->xTimerListItem))
  402790:	6963      	ldr	r3, [r4, #20]
  402792:	b113      	cbz	r3, 40279a <prvProcessReceivedCommands+0x26>
				(void)uxListRemove(&(pxTimer->xTimerListItem));
  402794:	1d20      	adds	r0, r4, #4
  402796:	4b32      	ldr	r3, [pc, #200]	; (402860 <prvProcessReceivedCommands+0xec>)
  402798:	4798      	blx	r3
			xTimeNow = prvSampleTimeNow(&xTimerListsWereSwitched);
  40279a:	a802      	add	r0, sp, #8
  40279c:	4b31      	ldr	r3, [pc, #196]	; (402864 <prvProcessReceivedCommands+0xf0>)
  40279e:	4798      	blx	r3
			switch (xMessage.xMessageID) {
  4027a0:	9b03      	ldr	r3, [sp, #12]
  4027a2:	2b09      	cmp	r3, #9
  4027a4:	d8e8      	bhi.n	402778 <prvProcessReceivedCommands+0x4>
  4027a6:	a201      	add	r2, pc, #4	; (adr r2, 4027ac <prvProcessReceivedCommands+0x38>)
  4027a8:	f852 f023 	ldr.w	pc, [r2, r3, lsl #2]
  4027ac:	004027d5 	.word	0x004027d5
  4027b0:	004027d5 	.word	0x004027d5
  4027b4:	004027d5 	.word	0x004027d5
  4027b8:	00402779 	.word	0x00402779
  4027bc:	00402821 	.word	0x00402821
  4027c0:	0040284b 	.word	0x0040284b
  4027c4:	004027d5 	.word	0x004027d5
  4027c8:	004027d5 	.word	0x004027d5
  4027cc:	00402779 	.word	0x00402779
  4027d0:	00402821 	.word	0x00402821
				                               xMessage.u.xTimerParameters.xMessageValue + pxTimer->xTimerPeriodInTicks,
  4027d4:	9904      	ldr	r1, [sp, #16]
  4027d6:	69a5      	ldr	r5, [r4, #24]
				if (prvInsertTimerInActiveList(pxTimer,
  4027d8:	460b      	mov	r3, r1
  4027da:	4602      	mov	r2, r0
  4027dc:	4429      	add	r1, r5
  4027de:	4620      	mov	r0, r4
  4027e0:	4d21      	ldr	r5, [pc, #132]	; (402868 <prvProcessReceivedCommands+0xf4>)
  4027e2:	47a8      	blx	r5
  4027e4:	2800      	cmp	r0, #0
  4027e6:	d0c7      	beq.n	402778 <prvProcessReceivedCommands+0x4>
					pxTimer->pxCallbackFunction((TimerHandle_t)pxTimer);
  4027e8:	6a63      	ldr	r3, [r4, #36]	; 0x24
  4027ea:	4620      	mov	r0, r4
  4027ec:	4798      	blx	r3
					if (pxTimer->uxAutoReload == (UBaseType_t)pdTRUE) {
  4027ee:	69e3      	ldr	r3, [r4, #28]
  4027f0:	2b01      	cmp	r3, #1
  4027f2:	d1c1      	bne.n	402778 <prvProcessReceivedCommands+0x4>
						                                   + pxTimer->xTimerPeriodInTicks,
  4027f4:	69a2      	ldr	r2, [r4, #24]
						xResult = xTimerGenericCommand(pxTimer,
  4027f6:	2100      	movs	r1, #0
  4027f8:	9100      	str	r1, [sp, #0]
  4027fa:	460b      	mov	r3, r1
  4027fc:	9804      	ldr	r0, [sp, #16]
  4027fe:	4402      	add	r2, r0
  402800:	4620      	mov	r0, r4
  402802:	4c1a      	ldr	r4, [pc, #104]	; (40286c <prvProcessReceivedCommands+0xf8>)
  402804:	47a0      	blx	r4
						configASSERT(xResult);
  402806:	2800      	cmp	r0, #0
  402808:	d1b6      	bne.n	402778 <prvProcessReceivedCommands+0x4>
  40280a:	f04f 0380 	mov.w	r3, #128	; 0x80
  40280e:	b672      	cpsid	i
  402810:	f383 8811 	msr	BASEPRI, r3
  402814:	f3bf 8f6f 	isb	sy
  402818:	f3bf 8f4f 	dsb	sy
  40281c:	b662      	cpsie	i
  40281e:	e7fe      	b.n	40281e <prvProcessReceivedCommands+0xaa>
				pxTimer->xTimerPeriodInTicks = xMessage.u.xTimerParameters.xMessageValue;
  402820:	9904      	ldr	r1, [sp, #16]
  402822:	61a1      	str	r1, [r4, #24]
				configASSERT((pxTimer->xTimerPeriodInTicks > 0));
  402824:	b131      	cbz	r1, 402834 <prvProcessReceivedCommands+0xc0>
				(void)prvInsertTimerInActiveList(
  402826:	4603      	mov	r3, r0
  402828:	4602      	mov	r2, r0
  40282a:	4401      	add	r1, r0
  40282c:	4620      	mov	r0, r4
  40282e:	4c0e      	ldr	r4, [pc, #56]	; (402868 <prvProcessReceivedCommands+0xf4>)
  402830:	47a0      	blx	r4
				break;
  402832:	e7a1      	b.n	402778 <prvProcessReceivedCommands+0x4>
  402834:	f04f 0380 	mov.w	r3, #128	; 0x80
  402838:	b672      	cpsid	i
  40283a:	f383 8811 	msr	BASEPRI, r3
  40283e:	f3bf 8f6f 	isb	sy
  402842:	f3bf 8f4f 	dsb	sy
  402846:	b662      	cpsie	i
  402848:	e7fe      	b.n	402848 <prvProcessReceivedCommands+0xd4>
				vPortFree(pxTimer);
  40284a:	4620      	mov	r0, r4
  40284c:	4b08      	ldr	r3, [pc, #32]	; (402870 <prvProcessReceivedCommands+0xfc>)
  40284e:	4798      	blx	r3
			break;
  402850:	e792      	b.n	402778 <prvProcessReceivedCommands+0x4>
}
  402852:	b007      	add	sp, #28
  402854:	bd30      	pop	{r4, r5, pc}
  402856:	bf00      	nop
  402858:	20400a7c 	.word	0x20400a7c
  40285c:	00401529 	.word	0x00401529
  402860:	00400aa1 	.word	0x00400aa1
  402864:	0040264d 	.word	0x0040264d
  402868:	00402441 	.word	0x00402441
  40286c:	00402539 	.word	0x00402539
  402870:	00400e81 	.word	0x00400e81

00402874 <prvTimerTask>:
{
  402874:	b500      	push	{lr}
  402876:	b083      	sub	sp, #12
		xNextExpireTime = prvGetNextExpireTime(&xListWasEmpty);
  402878:	a801      	add	r0, sp, #4
  40287a:	4b04      	ldr	r3, [pc, #16]	; (40288c <prvTimerTask+0x18>)
  40287c:	4798      	blx	r3
		prvProcessTimerOrBlockTask(xNextExpireTime, xListWasEmpty);
  40287e:	9901      	ldr	r1, [sp, #4]
  402880:	4b03      	ldr	r3, [pc, #12]	; (402890 <prvTimerTask+0x1c>)
  402882:	4798      	blx	r3
		prvProcessReceivedCommands();
  402884:	4b03      	ldr	r3, [pc, #12]	; (402894 <prvTimerTask+0x20>)
  402886:	4798      	blx	r3
  402888:	e7f6      	b.n	402878 <prvTimerTask+0x4>
  40288a:	bf00      	nop
  40288c:	00402421 	.word	0x00402421
  402890:	004026f1 	.word	0x004026f1
  402894:	00402775 	.word	0x00402775

00402898 <__libc_init_array>:
  402898:	b570      	push	{r4, r5, r6, lr}
  40289a:	4e0d      	ldr	r6, [pc, #52]	; (4028d0 <__libc_init_array+0x38>)
  40289c:	4c0d      	ldr	r4, [pc, #52]	; (4028d4 <__libc_init_array+0x3c>)
  40289e:	1ba4      	subs	r4, r4, r6
  4028a0:	10a4      	asrs	r4, r4, #2
  4028a2:	2500      	movs	r5, #0
  4028a4:	42a5      	cmp	r5, r4
  4028a6:	d109      	bne.n	4028bc <__libc_init_array+0x24>
  4028a8:	4e0b      	ldr	r6, [pc, #44]	; (4028d8 <__libc_init_array+0x40>)
  4028aa:	4c0c      	ldr	r4, [pc, #48]	; (4028dc <__libc_init_array+0x44>)
  4028ac:	f000 f8fc 	bl	402aa8 <_init>
  4028b0:	1ba4      	subs	r4, r4, r6
  4028b2:	10a4      	asrs	r4, r4, #2
  4028b4:	2500      	movs	r5, #0
  4028b6:	42a5      	cmp	r5, r4
  4028b8:	d105      	bne.n	4028c6 <__libc_init_array+0x2e>
  4028ba:	bd70      	pop	{r4, r5, r6, pc}
  4028bc:	f856 3025 	ldr.w	r3, [r6, r5, lsl #2]
  4028c0:	4798      	blx	r3
  4028c2:	3501      	adds	r5, #1
  4028c4:	e7ee      	b.n	4028a4 <__libc_init_array+0xc>
  4028c6:	f856 3025 	ldr.w	r3, [r6, r5, lsl #2]
  4028ca:	4798      	blx	r3
  4028cc:	3501      	adds	r5, #1
  4028ce:	e7f2      	b.n	4028b6 <__libc_init_array+0x1e>
  4028d0:	00402ab4 	.word	0x00402ab4
  4028d4:	00402ab4 	.word	0x00402ab4
  4028d8:	00402ab4 	.word	0x00402ab4
  4028dc:	00402ab8 	.word	0x00402ab8

004028e0 <memcpy>:
  4028e0:	b510      	push	{r4, lr}
  4028e2:	1e43      	subs	r3, r0, #1
  4028e4:	440a      	add	r2, r1
  4028e6:	4291      	cmp	r1, r2
  4028e8:	d100      	bne.n	4028ec <memcpy+0xc>
  4028ea:	bd10      	pop	{r4, pc}
  4028ec:	f811 4b01 	ldrb.w	r4, [r1], #1
  4028f0:	f803 4f01 	strb.w	r4, [r3, #1]!
  4028f4:	e7f7      	b.n	4028e6 <memcpy+0x6>

004028f6 <memset>:
  4028f6:	4402      	add	r2, r0
  4028f8:	4603      	mov	r3, r0
  4028fa:	4293      	cmp	r3, r2
  4028fc:	d100      	bne.n	402900 <memset+0xa>
  4028fe:	4770      	bx	lr
  402900:	f803 1b01 	strb.w	r1, [r3], #1
  402904:	e7f9      	b.n	4028fa <memset+0x4>
  402906:	0000      	movs	r0, r0
  402908:	682f2e2e 	.word	0x682f2e2e
  40290c:	732f6c61 	.word	0x732f6c61
  402910:	682f6372 	.word	0x682f6372
  402914:	695f6c61 	.word	0x695f6c61
  402918:	00632e6f 	.word	0x00632e6f
  40291c:	682f2e2e 	.word	0x682f2e2e
  402920:	732f6c61 	.word	0x732f6c61
  402924:	682f6372 	.word	0x682f6372
  402928:	755f6c61 	.word	0x755f6c61
  40292c:	74726173 	.word	0x74726173
  402930:	6e79735f 	.word	0x6e79735f
  402934:	00632e63 	.word	0x00632e63

00402938 <_uarts>:
  402938:	00000003 00000800 000003d0 682f2e2e     ............../h
  402948:	752f6c70 2f747261 5f6c7068 74726175     pl/uart/hpl_uart
  402958:	0000632e 63657845 20657475 706d6f43     .c..Execute Comp
  402968:	74617475 206e6f69 6b736154 000a3120     utation Task 1..
  402978:	6e727554 44454c20 0a4e4f20 00000000     Turn LED ON.....
  402988:	63657845 20657475 706d6f43 74617475     Execute Computat
  402998:	206e6f69 6b736154 000a3220 61657243     ion Task 2..Crea
  4029a8:	20736574 706d6f43 74617475 206e6f69     tes Computation 
  4029b8:	6b736154 000a3320 706d6f43 74617475     Task 3..Computat
  4029c8:	206e6f69 6b736154 00003320 63657845     ion Task 3..Exec
  4029d8:	20657475 706d6f43 74617475 206e6f69     ute Computation 
  4029e8:	6b736154 000a3320 6e727554 44454c20     Task 3..Turn LED
  4029f8:	46464f20 0000000a 65746e45 6f432072      OFF....Enter Co
  402a08:	6f72746e 6154206c 00006b73 61657243     ntrol Task..Crea
  402a18:	20736574 706d6f43 74617475 206e6f69     tes Computation 
  402a28:	6b736154 000a3120 706d6f43 74617475     Task 1..Computat
  402a38:	206e6f69 6b736154 00003120 61657243     ion Task 1..Crea
  402a48:	20736574 706d6f43 74617475 206e6f69     tes Computation 
  402a58:	6b736154 000a3220 706d6f43 74617475     Task 2..Computat
  402a68:	206e6f69 6b736154 00003220 72617453     ion Task 2..Star
  402a78:	73615474 6353206b 75646568 0072656c     tTask Scheduler.
  402a88:	454c4449 00000000 09632509 25097525     IDLE.....%c.%u.%
  402a98:	75250975 00000a0d 20726d54 00637653     u.%u....Tmr Svc.

00402aa8 <_init>:
  402aa8:	b5f8      	push	{r3, r4, r5, r6, r7, lr}
  402aaa:	bf00      	nop
  402aac:	bcf8      	pop	{r3, r4, r5, r6, r7}
  402aae:	bc08      	pop	{r3}
  402ab0:	469e      	mov	lr, r3
  402ab2:	4770      	bx	lr

00402ab4 <__init_array_start>:
  402ab4:	0040018d 	.word	0x0040018d

00402ab8 <_fini>:
  402ab8:	b5f8      	push	{r3, r4, r5, r6, r7, lr}
  402aba:	bf00      	nop
  402abc:	bcf8      	pop	{r3, r4, r5, r6, r7}
  402abe:	bc08      	pop	{r3}
  402ac0:	469e      	mov	lr, r3
  402ac2:	4770      	bx	lr

00402ac4 <__fini_array_start>:
  402ac4:	00400169 	.word	0x00400169
