
CDH.elf:     file format elf32-littlearm

Sections:
Idx Name          Size      VMA       LMA       File off  Algn
  0 .text         00002774  00400000  00400000  00010000  2**2
                  CONTENTS, ALLOC, LOAD, READONLY, CODE
  1 .relocate     00000024  20400000  00402774  00020000  2**2
                  CONTENTS, ALLOC, LOAD, DATA
  2 .bss          0000009c  20400024  00402798  00020024  2**2
                  ALLOC
  3 .heap         00000400  204000c0  00402834  00020024  2**0
                  ALLOC
  4 .stack        00000800  204004c0  00402c34  00020024  2**0
                  ALLOC
  5 .ARM.attributes 0000002e  00000000  00000000  00020024  2**0
                  CONTENTS, READONLY
  6 .comment      00000059  00000000  00000000  00020052  2**0
                  CONTENTS, READONLY
  7 .debug_info   0000c58e  00000000  00000000  000200ab  2**0
                  CONTENTS, READONLY, DEBUGGING
  8 .debug_abbrev 00001c78  00000000  00000000  0002c639  2**0
                  CONTENTS, READONLY, DEBUGGING
  9 .debug_loc    00007140  00000000  00000000  0002e2b1  2**0
                  CONTENTS, READONLY, DEBUGGING
 10 .debug_aranges 00000cc0  00000000  00000000  000353f1  2**0
                  CONTENTS, READONLY, DEBUGGING
 11 .debug_ranges 00000bc0  00000000  00000000  000360b1  2**0
                  CONTENTS, READONLY, DEBUGGING
 12 .debug_macro  0003c39f  00000000  00000000  00036c71  2**0
                  CONTENTS, READONLY, DEBUGGING
 13 .debug_line   0000f659  00000000  00000000  00073010  2**0
                  CONTENTS, READONLY, DEBUGGING
 14 .debug_str    00142ec8  00000000  00000000  00082669  2**0
                  CONTENTS, READONLY, DEBUGGING
 15 .debug_frame  00003498  00000000  00000000  001c5534  2**2
                  CONTENTS, READONLY, DEBUGGING

Disassembly of section .text:

00400000 <exception_table>:
  400000:	c0 0c 40 20 e5 01 40 00 69 02 40 00 69 02 40 00     ..@ ..@.i.@.i.@.
  400010:	69 02 40 00 69 02 40 00 69 02 40 00 00 00 00 00     i.@.i.@.i.@.....
	...
  40002c:	69 02 40 00 69 02 40 00 00 00 00 00 69 02 40 00     i.@.i.@.....i.@.
  40003c:	69 02 40 00 69 02 40 00 69 02 40 00 69 02 40 00     i.@.i.@.i.@.i.@.
  40004c:	69 02 40 00 69 02 40 00 69 02 40 00 69 02 40 00     i.@.i.@.i.@.i.@.
  40005c:	69 02 40 00 69 02 40 00 00 00 00 00 69 02 40 00     i.@.i.@.....i.@.
  40006c:	69 02 40 00 69 02 40 00 69 02 40 00 69 02 40 00     i.@.i.@.i.@.i.@.
  40007c:	69 02 40 00 69 02 40 00 69 02 40 00 69 02 40 00     i.@.i.@.i.@.i.@.
  40008c:	69 02 40 00 69 02 40 00 69 02 40 00 69 02 40 00     i.@.i.@.i.@.i.@.
  40009c:	69 02 40 00 69 02 40 00 69 02 40 00 69 02 40 00     i.@.i.@.i.@.i.@.
  4000ac:	69 02 40 00 69 02 40 00 69 02 40 00 69 02 40 00     i.@.i.@.i.@.i.@.
  4000bc:	69 02 40 00 69 02 40 00 69 02 40 00 69 02 40 00     i.@.i.@.i.@.i.@.
  4000cc:	69 02 40 00 69 02 40 00 69 02 40 00 69 02 40 00     i.@.i.@.i.@.i.@.
  4000dc:	69 02 40 00 69 02 40 00 69 02 40 00 69 02 40 00     i.@.i.@.i.@.i.@.
  4000ec:	69 02 40 00 69 02 40 00 69 02 40 00 69 02 40 00     i.@.i.@.i.@.i.@.
  4000fc:	69 02 40 00 69 02 40 00 69 02 40 00 69 02 40 00     i.@.i.@.i.@.i.@.
  40010c:	69 02 40 00 69 02 40 00 69 02 40 00 00 00 00 00     i.@.i.@.i.@.....
  40011c:	00 00 00 00 69 02 40 00 69 02 40 00 69 02 40 00     ....i.@.i.@.i.@.
  40012c:	69 02 40 00 69 02 40 00 69 02 40 00 69 02 40 00     i.@.i.@.i.@.i.@.
  40013c:	69 02 40 00 69 02 40 00 69 02 40 00 69 02 40 00     i.@.i.@.i.@.i.@.
  40014c:	69 02 40 00 69 02 40 00 69 02 40 00 69 02 40 00     i.@.i.@.i.@.i.@.
  40015c:	69 02 40 00 69 02 40 00 69 02 40 00                 i.@.i.@.i.@.

00400168 <__do_global_dtors_aux>:
  400168:	b510      	push	{r4, lr}
  40016a:	4c05      	ldr	r4, [pc, #20]	; (400180 <__do_global_dtors_aux+0x18>)
  40016c:	7823      	ldrb	r3, [r4, #0]
  40016e:	b933      	cbnz	r3, 40017e <__do_global_dtors_aux+0x16>
  400170:	4b04      	ldr	r3, [pc, #16]	; (400184 <__do_global_dtors_aux+0x1c>)
  400172:	b113      	cbz	r3, 40017a <__do_global_dtors_aux+0x12>
  400174:	4804      	ldr	r0, [pc, #16]	; (400188 <__do_global_dtors_aux+0x20>)
  400176:	f3af 8000 	nop.w
  40017a:	2301      	movs	r3, #1
  40017c:	7023      	strb	r3, [r4, #0]
  40017e:	bd10      	pop	{r4, pc}
  400180:	20400024 	.word	0x20400024
  400184:	00000000 	.word	0x00000000
  400188:	00402774 	.word	0x00402774

0040018c <frame_dummy>:
  40018c:	4b0c      	ldr	r3, [pc, #48]	; (4001c0 <frame_dummy+0x34>)
  40018e:	b143      	cbz	r3, 4001a2 <frame_dummy+0x16>
  400190:	480c      	ldr	r0, [pc, #48]	; (4001c4 <frame_dummy+0x38>)
  400192:	490d      	ldr	r1, [pc, #52]	; (4001c8 <frame_dummy+0x3c>)
  400194:	b510      	push	{r4, lr}
  400196:	f3af 8000 	nop.w
  40019a:	480c      	ldr	r0, [pc, #48]	; (4001cc <frame_dummy+0x40>)
  40019c:	6803      	ldr	r3, [r0, #0]
  40019e:	b923      	cbnz	r3, 4001aa <frame_dummy+0x1e>
  4001a0:	bd10      	pop	{r4, pc}
  4001a2:	480a      	ldr	r0, [pc, #40]	; (4001cc <frame_dummy+0x40>)
  4001a4:	6803      	ldr	r3, [r0, #0]
  4001a6:	b933      	cbnz	r3, 4001b6 <frame_dummy+0x2a>
  4001a8:	4770      	bx	lr
  4001aa:	4b09      	ldr	r3, [pc, #36]	; (4001d0 <frame_dummy+0x44>)
  4001ac:	2b00      	cmp	r3, #0
  4001ae:	d0f7      	beq.n	4001a0 <frame_dummy+0x14>
  4001b0:	e8bd 4010 	ldmia.w	sp!, {r4, lr}
  4001b4:	4718      	bx	r3
  4001b6:	4b06      	ldr	r3, [pc, #24]	; (4001d0 <frame_dummy+0x44>)
  4001b8:	2b00      	cmp	r3, #0
  4001ba:	d0f5      	beq.n	4001a8 <frame_dummy+0x1c>
  4001bc:	4718      	bx	r3
  4001be:	bf00      	nop
  4001c0:	00000000 	.word	0x00000000
  4001c4:	00402774 	.word	0x00402774
  4001c8:	20400028 	.word	0x20400028
  4001cc:	00402774 	.word	0x00402774
  4001d0:	00000000 	.word	0x00000000

004001d4 <atmel_start_init>:

/**
 * Initializes MCU, drivers and middleware in the project
 **/
void atmel_start_init(void)
{
  4001d4:	b580      	push	{r7, lr}
  4001d6:	af00      	add	r7, sp, #0
	system_init();
  4001d8:	4b01      	ldr	r3, [pc, #4]	; (4001e0 <atmel_start_init+0xc>)
  4001da:	4798      	blx	r3
}
  4001dc:	bf00      	nop
  4001de:	bd80      	pop	{r7, pc}
  4001e0:	00400ab5 	.word	0x00400ab5

004001e4 <Reset_Handler>:
/**
 * \brief This is the code that gets called on processor reset.
 * To initialize the device, and call the main() routine.
 */
void Reset_Handler(void)
{
  4001e4:	b580      	push	{r7, lr}
  4001e6:	b082      	sub	sp, #8
  4001e8:	af00      	add	r7, sp, #0
        uint32_t *pSrc, *pDest;

        /* Initialize the relocate segment */
        pSrc = &_etext;
  4001ea:	4b16      	ldr	r3, [pc, #88]	; (400244 <Reset_Handler+0x60>)
  4001ec:	607b      	str	r3, [r7, #4]
        pDest = &_srelocate;
  4001ee:	4b16      	ldr	r3, [pc, #88]	; (400248 <Reset_Handler+0x64>)
  4001f0:	603b      	str	r3, [r7, #0]

        if (pSrc != pDest) {
  4001f2:	687a      	ldr	r2, [r7, #4]
  4001f4:	683b      	ldr	r3, [r7, #0]
  4001f6:	429a      	cmp	r2, r3
  4001f8:	d00c      	beq.n	400214 <Reset_Handler+0x30>
                for (; pDest < &_erelocate;) {
  4001fa:	e007      	b.n	40020c <Reset_Handler+0x28>
                        *pDest++ = *pSrc++;
  4001fc:	683b      	ldr	r3, [r7, #0]
  4001fe:	1d1a      	adds	r2, r3, #4
  400200:	603a      	str	r2, [r7, #0]
  400202:	687a      	ldr	r2, [r7, #4]
  400204:	1d11      	adds	r1, r2, #4
  400206:	6079      	str	r1, [r7, #4]
  400208:	6812      	ldr	r2, [r2, #0]
  40020a:	601a      	str	r2, [r3, #0]
                for (; pDest < &_erelocate;) {
  40020c:	683b      	ldr	r3, [r7, #0]
  40020e:	4a0f      	ldr	r2, [pc, #60]	; (40024c <Reset_Handler+0x68>)
  400210:	4293      	cmp	r3, r2
  400212:	d3f3      	bcc.n	4001fc <Reset_Handler+0x18>
                }
        }

        /* Clear the zero segment */
        for (pDest = &_szero; pDest < &_ezero;) {
  400214:	4b0e      	ldr	r3, [pc, #56]	; (400250 <Reset_Handler+0x6c>)
  400216:	603b      	str	r3, [r7, #0]
  400218:	e004      	b.n	400224 <Reset_Handler+0x40>
                *pDest++ = 0;
  40021a:	683b      	ldr	r3, [r7, #0]
  40021c:	1d1a      	adds	r2, r3, #4
  40021e:	603a      	str	r2, [r7, #0]
  400220:	2200      	movs	r2, #0
  400222:	601a      	str	r2, [r3, #0]
        for (pDest = &_szero; pDest < &_ezero;) {
  400224:	683b      	ldr	r3, [r7, #0]
  400226:	4a0b      	ldr	r2, [pc, #44]	; (400254 <Reset_Handler+0x70>)
  400228:	4293      	cmp	r3, r2
  40022a:	d3f6      	bcc.n	40021a <Reset_Handler+0x36>
        }

        /* Set the vector table base address */
        pSrc = (uint32_t *) & _sfixed;
  40022c:	4b0a      	ldr	r3, [pc, #40]	; (400258 <Reset_Handler+0x74>)
  40022e:	607b      	str	r3, [r7, #4]
        SCB->VTOR = ((uint32_t) pSrc & SCB_VTOR_TBLOFF_Msk);
  400230:	4a0a      	ldr	r2, [pc, #40]	; (40025c <Reset_Handler+0x78>)
  400232:	687b      	ldr	r3, [r7, #4]
  400234:	f023 037f 	bic.w	r3, r3, #127	; 0x7f
  400238:	6093      	str	r3, [r2, #8]

        /* Initialize the C library */
        __libc_init_array();
  40023a:	4b09      	ldr	r3, [pc, #36]	; (400260 <Reset_Handler+0x7c>)
  40023c:	4798      	blx	r3

        /* Branch to main function */
        main();
  40023e:	4b09      	ldr	r3, [pc, #36]	; (400264 <Reset_Handler+0x80>)
  400240:	4798      	blx	r3

        /* Infinite loop */
        while (1);
  400242:	e7fe      	b.n	400242 <Reset_Handler+0x5e>
  400244:	00402774 	.word	0x00402774
  400248:	20400024 	.word	0x20400024
  40024c:	20400024 	.word	0x20400024
  400250:	204000c0 	.word	0x204000c0
  400254:	204000c0 	.word	0x204000c0
  400258:	00402774 	.word	0x00402774
  40025c:	e000ed00 	.word	0xe000ed00
  400260:	00402575 	.word	0x00402575
  400264:	00400c59 	.word	0x00400c59

00400268 <Dummy_Handler>:

/**
 * \brief Default interrupt handler for unused IRQs.
 */
void Dummy_Handler(void)
{
  400268:	b480      	push	{r7}
  40026a:	af00      	add	r7, sp, #0
        while (1) {
  40026c:	e7fe      	b.n	40026c <Dummy_Handler+0x4>

0040026e <hri_matrix_set_CCFG_SYSIO_reg>:
	tmp = (tmp & CCFG_SYSIO_CAN1DMABA_Msk) >> CCFG_SYSIO_CAN1DMABA_Pos;
	return tmp;
}

static inline void hri_matrix_set_CCFG_SYSIO_reg(const void *const hw, hri_matrix_ccfg_sysio_reg_t mask)
{
  40026e:	b480      	push	{r7}
  400270:	b083      	sub	sp, #12
  400272:	af00      	add	r7, sp, #0
  400274:	6078      	str	r0, [r7, #4]
  400276:	6039      	str	r1, [r7, #0]
	MATRIX_CRITICAL_SECTION_ENTER();
	((Matrix *)hw)->CCFG_SYSIO |= mask;
  400278:	687b      	ldr	r3, [r7, #4]
  40027a:	f8d3 2114 	ldr.w	r2, [r3, #276]	; 0x114
  40027e:	683b      	ldr	r3, [r7, #0]
  400280:	431a      	orrs	r2, r3
  400282:	687b      	ldr	r3, [r7, #4]
  400284:	f8c3 2114 	str.w	r2, [r3, #276]	; 0x114
	MATRIX_CRITICAL_SECTION_LEAVE();
}
  400288:	bf00      	nop
  40028a:	370c      	adds	r7, #12
  40028c:	46bd      	mov	sp, r7
  40028e:	f85d 7b04 	ldr.w	r7, [sp], #4
  400292:	4770      	bx	lr

00400294 <hri_pio_set_PSR_reg>:
{
	((Pio *)hw)->PIO_PDR = PIO_PSR_P31;
}

static inline void hri_pio_set_PSR_reg(const void *const hw, hri_pio_psr_reg_t mask)
{
  400294:	b480      	push	{r7}
  400296:	b083      	sub	sp, #12
  400298:	af00      	add	r7, sp, #0
  40029a:	6078      	str	r0, [r7, #4]
  40029c:	6039      	str	r1, [r7, #0]
	((Pio *)hw)->PIO_PER = mask;
  40029e:	687b      	ldr	r3, [r7, #4]
  4002a0:	683a      	ldr	r2, [r7, #0]
  4002a2:	601a      	str	r2, [r3, #0]
}
  4002a4:	bf00      	nop
  4002a6:	370c      	adds	r7, #12
  4002a8:	46bd      	mov	sp, r7
  4002aa:	f85d 7b04 	ldr.w	r7, [sp], #4
  4002ae:	4770      	bx	lr

004002b0 <hri_pio_clear_PSR_reg>:
	((Pio *)hw)->PIO_PER = data;
	((Pio *)hw)->PIO_PDR = ~data;
}

static inline void hri_pio_clear_PSR_reg(const void *const hw, hri_pio_psr_reg_t mask)
{
  4002b0:	b480      	push	{r7}
  4002b2:	b083      	sub	sp, #12
  4002b4:	af00      	add	r7, sp, #0
  4002b6:	6078      	str	r0, [r7, #4]
  4002b8:	6039      	str	r1, [r7, #0]
	((Pio *)hw)->PIO_PDR = mask;
  4002ba:	687b      	ldr	r3, [r7, #4]
  4002bc:	683a      	ldr	r2, [r7, #0]
  4002be:	605a      	str	r2, [r3, #4]
}
  4002c0:	bf00      	nop
  4002c2:	370c      	adds	r7, #12
  4002c4:	46bd      	mov	sp, r7
  4002c6:	f85d 7b04 	ldr.w	r7, [sp], #4
  4002ca:	4770      	bx	lr

004002cc <hri_pio_set_OSR_reg>:
{
	((Pio *)hw)->PIO_ODR = PIO_OSR_P31;
}

static inline void hri_pio_set_OSR_reg(const void *const hw, hri_pio_osr_reg_t mask)
{
  4002cc:	b480      	push	{r7}
  4002ce:	b083      	sub	sp, #12
  4002d0:	af00      	add	r7, sp, #0
  4002d2:	6078      	str	r0, [r7, #4]
  4002d4:	6039      	str	r1, [r7, #0]
	((Pio *)hw)->PIO_OER = mask;
  4002d6:	687b      	ldr	r3, [r7, #4]
  4002d8:	683a      	ldr	r2, [r7, #0]
  4002da:	611a      	str	r2, [r3, #16]
}
  4002dc:	bf00      	nop
  4002de:	370c      	adds	r7, #12
  4002e0:	46bd      	mov	sp, r7
  4002e2:	f85d 7b04 	ldr.w	r7, [sp], #4
  4002e6:	4770      	bx	lr

004002e8 <hri_pio_clear_OSR_reg>:
	((Pio *)hw)->PIO_OER = data;
	((Pio *)hw)->PIO_ODR = ~data;
}

static inline void hri_pio_clear_OSR_reg(const void *const hw, hri_pio_osr_reg_t mask)
{
  4002e8:	b480      	push	{r7}
  4002ea:	b083      	sub	sp, #12
  4002ec:	af00      	add	r7, sp, #0
  4002ee:	6078      	str	r0, [r7, #4]
  4002f0:	6039      	str	r1, [r7, #0]
	((Pio *)hw)->PIO_ODR = mask;
  4002f2:	687b      	ldr	r3, [r7, #4]
  4002f4:	683a      	ldr	r2, [r7, #0]
  4002f6:	615a      	str	r2, [r3, #20]
}
  4002f8:	bf00      	nop
  4002fa:	370c      	adds	r7, #12
  4002fc:	46bd      	mov	sp, r7
  4002fe:	f85d 7b04 	ldr.w	r7, [sp], #4
  400302:	4770      	bx	lr

00400304 <hri_pio_set_ODSR_reg>:
{
	((Pio *)hw)->PIO_CODR = PIO_ODSR_P31;
}

static inline void hri_pio_set_ODSR_reg(const void *const hw, hri_pio_odsr_reg_t mask)
{
  400304:	b480      	push	{r7}
  400306:	b083      	sub	sp, #12
  400308:	af00      	add	r7, sp, #0
  40030a:	6078      	str	r0, [r7, #4]
  40030c:	6039      	str	r1, [r7, #0]
	((Pio *)hw)->PIO_SODR = mask;
  40030e:	687b      	ldr	r3, [r7, #4]
  400310:	683a      	ldr	r2, [r7, #0]
  400312:	631a      	str	r2, [r3, #48]	; 0x30
}
  400314:	bf00      	nop
  400316:	370c      	adds	r7, #12
  400318:	46bd      	mov	sp, r7
  40031a:	f85d 7b04 	ldr.w	r7, [sp], #4
  40031e:	4770      	bx	lr

00400320 <hri_pio_clear_ODSR_reg>:
	((Pio *)hw)->PIO_SODR = data;
	((Pio *)hw)->PIO_CODR = ~data;
}

static inline void hri_pio_clear_ODSR_reg(const void *const hw, hri_pio_odsr_reg_t mask)
{
  400320:	b480      	push	{r7}
  400322:	b083      	sub	sp, #12
  400324:	af00      	add	r7, sp, #0
  400326:	6078      	str	r0, [r7, #4]
  400328:	6039      	str	r1, [r7, #0]
	((Pio *)hw)->PIO_CODR = mask;
  40032a:	687b      	ldr	r3, [r7, #4]
  40032c:	683a      	ldr	r2, [r7, #0]
  40032e:	635a      	str	r2, [r3, #52]	; 0x34
}
  400330:	bf00      	nop
  400332:	370c      	adds	r7, #12
  400334:	46bd      	mov	sp, r7
  400336:	f85d 7b04 	ldr.w	r7, [sp], #4
  40033a:	4770      	bx	lr

0040033c <hri_pio_set_PUSR_reg>:
{
	((Pio *)hw)->PIO_PUDR = PIO_PUSR_P31;
}

static inline void hri_pio_set_PUSR_reg(const void *const hw, hri_pio_pusr_reg_t mask)
{
  40033c:	b480      	push	{r7}
  40033e:	b083      	sub	sp, #12
  400340:	af00      	add	r7, sp, #0
  400342:	6078      	str	r0, [r7, #4]
  400344:	6039      	str	r1, [r7, #0]
	((Pio *)hw)->PIO_PUER = mask;
  400346:	687b      	ldr	r3, [r7, #4]
  400348:	683a      	ldr	r2, [r7, #0]
  40034a:	665a      	str	r2, [r3, #100]	; 0x64
}
  40034c:	bf00      	nop
  40034e:	370c      	adds	r7, #12
  400350:	46bd      	mov	sp, r7
  400352:	f85d 7b04 	ldr.w	r7, [sp], #4
  400356:	4770      	bx	lr

00400358 <hri_pio_clear_PUSR_reg>:
	((Pio *)hw)->PIO_PUER = data;
	((Pio *)hw)->PIO_PUDR = ~data;
}

static inline void hri_pio_clear_PUSR_reg(const void *const hw, hri_pio_pusr_reg_t mask)
{
  400358:	b480      	push	{r7}
  40035a:	b083      	sub	sp, #12
  40035c:	af00      	add	r7, sp, #0
  40035e:	6078      	str	r0, [r7, #4]
  400360:	6039      	str	r1, [r7, #0]
	((Pio *)hw)->PIO_PUDR = mask;
  400362:	687b      	ldr	r3, [r7, #4]
  400364:	683a      	ldr	r2, [r7, #0]
  400366:	661a      	str	r2, [r3, #96]	; 0x60
}
  400368:	bf00      	nop
  40036a:	370c      	adds	r7, #12
  40036c:	46bd      	mov	sp, r7
  40036e:	f85d 7b04 	ldr.w	r7, [sp], #4
  400372:	4770      	bx	lr

00400374 <hri_pio_set_PPDSR_reg>:
{
	((Pio *)hw)->PIO_PPDDR = PIO_PPDSR_P31;
}

static inline void hri_pio_set_PPDSR_reg(const void *const hw, hri_pio_ppdsr_reg_t mask)
{
  400374:	b480      	push	{r7}
  400376:	b083      	sub	sp, #12
  400378:	af00      	add	r7, sp, #0
  40037a:	6078      	str	r0, [r7, #4]
  40037c:	6039      	str	r1, [r7, #0]
	((Pio *)hw)->PIO_PPDER = mask;
  40037e:	687b      	ldr	r3, [r7, #4]
  400380:	683a      	ldr	r2, [r7, #0]
  400382:	f8c3 2094 	str.w	r2, [r3, #148]	; 0x94
}
  400386:	bf00      	nop
  400388:	370c      	adds	r7, #12
  40038a:	46bd      	mov	sp, r7
  40038c:	f85d 7b04 	ldr.w	r7, [sp], #4
  400390:	4770      	bx	lr

00400392 <hri_pio_clear_PPDSR_reg>:
	((Pio *)hw)->PIO_PPDER = data;
	((Pio *)hw)->PIO_PPDDR = ~data;
}

static inline void hri_pio_clear_PPDSR_reg(const void *const hw, hri_pio_ppdsr_reg_t mask)
{
  400392:	b480      	push	{r7}
  400394:	b083      	sub	sp, #12
  400396:	af00      	add	r7, sp, #0
  400398:	6078      	str	r0, [r7, #4]
  40039a:	6039      	str	r1, [r7, #0]
	((Pio *)hw)->PIO_PPDDR = mask;
  40039c:	687b      	ldr	r3, [r7, #4]
  40039e:	683a      	ldr	r2, [r7, #0]
  4003a0:	f8c3 2090 	str.w	r2, [r3, #144]	; 0x90
}
  4003a4:	bf00      	nop
  4003a6:	370c      	adds	r7, #12
  4003a8:	46bd      	mov	sp, r7
  4003aa:	f85d 7b04 	ldr.w	r7, [sp], #4
  4003ae:	4770      	bx	lr

004003b0 <hri_pio_set_ABCDSR_reg>:
	((Pio *)hw)->PIO_ABCDSR[index] ^= PIO_ABCDSR_P31;
	PIO_CRITICAL_SECTION_LEAVE();
}

static inline void hri_pio_set_ABCDSR_reg(const void *const hw, uint8_t index, hri_pio_abcdsr_reg_t mask)
{
  4003b0:	b480      	push	{r7}
  4003b2:	b085      	sub	sp, #20
  4003b4:	af00      	add	r7, sp, #0
  4003b6:	60f8      	str	r0, [r7, #12]
  4003b8:	460b      	mov	r3, r1
  4003ba:	607a      	str	r2, [r7, #4]
  4003bc:	72fb      	strb	r3, [r7, #11]
	PIO_CRITICAL_SECTION_ENTER();
	((Pio *)hw)->PIO_ABCDSR[index] |= mask;
  4003be:	7afa      	ldrb	r2, [r7, #11]
  4003c0:	7af9      	ldrb	r1, [r7, #11]
  4003c2:	68fb      	ldr	r3, [r7, #12]
  4003c4:	311c      	adds	r1, #28
  4003c6:	f853 1021 	ldr.w	r1, [r3, r1, lsl #2]
  4003ca:	687b      	ldr	r3, [r7, #4]
  4003cc:	4319      	orrs	r1, r3
  4003ce:	68fb      	ldr	r3, [r7, #12]
  4003d0:	321c      	adds	r2, #28
  4003d2:	f843 1022 	str.w	r1, [r3, r2, lsl #2]
	PIO_CRITICAL_SECTION_LEAVE();
}
  4003d6:	bf00      	nop
  4003d8:	3714      	adds	r7, #20
  4003da:	46bd      	mov	sp, r7
  4003dc:	f85d 7b04 	ldr.w	r7, [sp], #4
  4003e0:	4770      	bx	lr

004003e2 <hri_pio_clear_ABCDSR_reg>:
	((Pio *)hw)->PIO_ABCDSR[index] = data;
	PIO_CRITICAL_SECTION_LEAVE();
}

static inline void hri_pio_clear_ABCDSR_reg(const void *const hw, uint8_t index, hri_pio_abcdsr_reg_t mask)
{
  4003e2:	b480      	push	{r7}
  4003e4:	b085      	sub	sp, #20
  4003e6:	af00      	add	r7, sp, #0
  4003e8:	60f8      	str	r0, [r7, #12]
  4003ea:	460b      	mov	r3, r1
  4003ec:	607a      	str	r2, [r7, #4]
  4003ee:	72fb      	strb	r3, [r7, #11]
	PIO_CRITICAL_SECTION_ENTER();
	((Pio *)hw)->PIO_ABCDSR[index] &= ~mask;
  4003f0:	7afa      	ldrb	r2, [r7, #11]
  4003f2:	7af9      	ldrb	r1, [r7, #11]
  4003f4:	68fb      	ldr	r3, [r7, #12]
  4003f6:	311c      	adds	r1, #28
  4003f8:	f853 1021 	ldr.w	r1, [r3, r1, lsl #2]
  4003fc:	687b      	ldr	r3, [r7, #4]
  4003fe:	43db      	mvns	r3, r3
  400400:	4019      	ands	r1, r3
  400402:	68fb      	ldr	r3, [r7, #12]
  400404:	321c      	adds	r2, #28
  400406:	f843 1022 	str.w	r1, [r3, r2, lsl #2]
	PIO_CRITICAL_SECTION_LEAVE();
}
  40040a:	bf00      	nop
  40040c:	3714      	adds	r7, #20
  40040e:	46bd      	mov	sp, r7
  400410:	f85d 7b04 	ldr.w	r7, [sp], #4
  400414:	4770      	bx	lr

00400416 <hri_pmc_set_PCSR0_reg>:
{
	((Pmc *)hw)->PMC_PCDR0 = PMC_PCSR0_PID31;
}

static inline void hri_pmc_set_PCSR0_reg(const void *const hw, hri_pmc_pcsr0_reg_t mask)
{
  400416:	b480      	push	{r7}
  400418:	b083      	sub	sp, #12
  40041a:	af00      	add	r7, sp, #0
  40041c:	6078      	str	r0, [r7, #4]
  40041e:	6039      	str	r1, [r7, #0]
	((Pmc *)hw)->PMC_PCER0 = mask;
  400420:	687b      	ldr	r3, [r7, #4]
  400422:	683a      	ldr	r2, [r7, #0]
  400424:	611a      	str	r2, [r3, #16]
}
  400426:	bf00      	nop
  400428:	370c      	adds	r7, #12
  40042a:	46bd      	mov	sp, r7
  40042c:	f85d 7b04 	ldr.w	r7, [sp], #4
  400430:	4770      	bx	lr

00400432 <hri_pmc_get_PCSR0_reg>:

static inline hri_pmc_pcsr0_reg_t hri_pmc_get_PCSR0_reg(const void *const hw, hri_pmc_pcsr0_reg_t mask)
{
  400432:	b480      	push	{r7}
  400434:	b085      	sub	sp, #20
  400436:	af00      	add	r7, sp, #0
  400438:	6078      	str	r0, [r7, #4]
  40043a:	6039      	str	r1, [r7, #0]
	uint32_t tmp;
	tmp = ((Pmc *)hw)->PMC_PCSR0;
  40043c:	687b      	ldr	r3, [r7, #4]
  40043e:	699b      	ldr	r3, [r3, #24]
  400440:	60fb      	str	r3, [r7, #12]
	tmp &= mask;
  400442:	68fa      	ldr	r2, [r7, #12]
  400444:	683b      	ldr	r3, [r7, #0]
  400446:	4013      	ands	r3, r2
  400448:	60fb      	str	r3, [r7, #12]
	return tmp;
  40044a:	68fb      	ldr	r3, [r7, #12]
}
  40044c:	4618      	mov	r0, r3
  40044e:	3714      	adds	r7, #20
  400450:	46bd      	mov	sp, r7
  400452:	f85d 7b04 	ldr.w	r7, [sp], #4
  400456:	4770      	bx	lr

00400458 <hri_pmc_set_PCSR1_reg>:
{
	((Pmc *)hw)->PMC_PCDR1 = PMC_PCSR1_PID60;
}

static inline void hri_pmc_set_PCSR1_reg(const void *const hw, hri_pmc_pcsr1_reg_t mask)
{
  400458:	b480      	push	{r7}
  40045a:	b083      	sub	sp, #12
  40045c:	af00      	add	r7, sp, #0
  40045e:	6078      	str	r0, [r7, #4]
  400460:	6039      	str	r1, [r7, #0]
	((Pmc *)hw)->PMC_PCER1 = mask;
  400462:	687b      	ldr	r3, [r7, #4]
  400464:	683a      	ldr	r2, [r7, #0]
  400466:	f8c3 2100 	str.w	r2, [r3, #256]	; 0x100
}
  40046a:	bf00      	nop
  40046c:	370c      	adds	r7, #12
  40046e:	46bd      	mov	sp, r7
  400470:	f85d 7b04 	ldr.w	r7, [sp], #4
  400474:	4770      	bx	lr

00400476 <hri_pmc_get_PCSR1_reg>:

static inline hri_pmc_pcsr1_reg_t hri_pmc_get_PCSR1_reg(const void *const hw, hri_pmc_pcsr1_reg_t mask)
{
  400476:	b480      	push	{r7}
  400478:	b085      	sub	sp, #20
  40047a:	af00      	add	r7, sp, #0
  40047c:	6078      	str	r0, [r7, #4]
  40047e:	6039      	str	r1, [r7, #0]
	uint32_t tmp;
	tmp = ((Pmc *)hw)->PMC_PCSR1;
  400480:	687b      	ldr	r3, [r7, #4]
  400482:	f8d3 3108 	ldr.w	r3, [r3, #264]	; 0x108
  400486:	60fb      	str	r3, [r7, #12]
	tmp &= mask;
  400488:	68fa      	ldr	r2, [r7, #12]
  40048a:	683b      	ldr	r3, [r7, #0]
  40048c:	4013      	ands	r3, r2
  40048e:	60fb      	str	r3, [r7, #12]
	return tmp;
  400490:	68fb      	ldr	r3, [r7, #12]
}
  400492:	4618      	mov	r0, r3
  400494:	3714      	adds	r7, #20
  400496:	46bd      	mov	sp, r7
  400498:	f85d 7b04 	ldr.w	r7, [sp], #4
  40049c:	4770      	bx	lr

0040049e <hri_pmc_write_PCR_reg>:
	tmp &= mask;
	return tmp;
}

static inline void hri_pmc_write_PCR_reg(const void *const hw, hri_pmc_pcr_reg_t data)
{
  40049e:	b480      	push	{r7}
  4004a0:	b083      	sub	sp, #12
  4004a2:	af00      	add	r7, sp, #0
  4004a4:	6078      	str	r0, [r7, #4]
  4004a6:	6039      	str	r1, [r7, #0]
	PMC_CRITICAL_SECTION_ENTER();
	((Pmc *)hw)->PMC_PCR = data;
  4004a8:	687b      	ldr	r3, [r7, #4]
  4004aa:	683a      	ldr	r2, [r7, #0]
  4004ac:	f8c3 210c 	str.w	r2, [r3, #268]	; 0x10c
	PMC_CRITICAL_SECTION_LEAVE();
}
  4004b0:	bf00      	nop
  4004b2:	370c      	adds	r7, #12
  4004b4:	46bd      	mov	sp, r7
  4004b6:	f85d 7b04 	ldr.w	r7, [sp], #4
  4004ba:	4770      	bx	lr

004004bc <hri_pmc_read_PCR_reg>:
	((Pmc *)hw)->PMC_PCR ^= mask;
	PMC_CRITICAL_SECTION_LEAVE();
}

static inline hri_pmc_pcr_reg_t hri_pmc_read_PCR_reg(const void *const hw)
{
  4004bc:	b480      	push	{r7}
  4004be:	b083      	sub	sp, #12
  4004c0:	af00      	add	r7, sp, #0
  4004c2:	6078      	str	r0, [r7, #4]
	return ((Pmc *)hw)->PMC_PCR;
  4004c4:	687b      	ldr	r3, [r7, #4]
  4004c6:	f8d3 310c 	ldr.w	r3, [r3, #268]	; 0x10c
}
  4004ca:	4618      	mov	r0, r3
  4004cc:	370c      	adds	r7, #12
  4004ce:	46bd      	mov	sp, r7
  4004d0:	f85d 7b04 	ldr.w	r7, [sp], #4
  4004d4:	4770      	bx	lr

004004d6 <hri_wdt_set_MR_WDDIS_bit>:
	((Wdt *)hw)->WDT_MR ^= WDT_MR_WDRSTEN;
	WDT_CRITICAL_SECTION_LEAVE();
}

static inline void hri_wdt_set_MR_WDDIS_bit(const void *const hw)
{
  4004d6:	b480      	push	{r7}
  4004d8:	b083      	sub	sp, #12
  4004da:	af00      	add	r7, sp, #0
  4004dc:	6078      	str	r0, [r7, #4]
	WDT_CRITICAL_SECTION_ENTER();
	((Wdt *)hw)->WDT_MR |= WDT_MR_WDDIS;
  4004de:	687b      	ldr	r3, [r7, #4]
  4004e0:	685b      	ldr	r3, [r3, #4]
  4004e2:	f443 4200 	orr.w	r2, r3, #32768	; 0x8000
  4004e6:	687b      	ldr	r3, [r7, #4]
  4004e8:	605a      	str	r2, [r3, #4]
	WDT_CRITICAL_SECTION_LEAVE();
}
  4004ea:	bf00      	nop
  4004ec:	370c      	adds	r7, #12
  4004ee:	46bd      	mov	sp, r7
  4004f0:	f85d 7b04 	ldr.w	r7, [sp], #4
  4004f4:	4770      	bx	lr
	...

004004f8 <port_to_reg>:

/**
 * \brief Transfer gpio_port to hardware address
 */
static inline void *port_to_reg(const enum gpio_port port)
{
  4004f8:	b480      	push	{r7}
  4004fa:	b083      	sub	sp, #12
  4004fc:	af00      	add	r7, sp, #0
  4004fe:	4603      	mov	r3, r0
  400500:	71fb      	strb	r3, [r7, #7]
	/* PIO instance offset is 0x200 */
	return (void *)((uint32_t)PIOA + port * 0x200);
  400502:	79fb      	ldrb	r3, [r7, #7]
  400504:	025b      	lsls	r3, r3, #9
  400506:	461a      	mov	r2, r3
  400508:	4b03      	ldr	r3, [pc, #12]	; (400518 <port_to_reg+0x20>)
  40050a:	4413      	add	r3, r2
}
  40050c:	4618      	mov	r0, r3
  40050e:	370c      	adds	r7, #12
  400510:	46bd      	mov	sp, r7
  400512:	f85d 7b04 	ldr.w	r7, [sp], #4
  400516:	4770      	bx	lr
  400518:	400e0e00 	.word	0x400e0e00

0040051c <_gpio_set_direction>:
/**
 * \brief Set direction on port with mask
 */
static inline void _gpio_set_direction(const enum gpio_port port, const uint32_t mask,
                                       const enum gpio_direction direction)
{
  40051c:	b580      	push	{r7, lr}
  40051e:	b084      	sub	sp, #16
  400520:	af00      	add	r7, sp, #0
  400522:	4603      	mov	r3, r0
  400524:	6039      	str	r1, [r7, #0]
  400526:	71fb      	strb	r3, [r7, #7]
  400528:	4613      	mov	r3, r2
  40052a:	71bb      	strb	r3, [r7, #6]
	void *const hw = port_to_reg(port);
  40052c:	79fb      	ldrb	r3, [r7, #7]
  40052e:	4618      	mov	r0, r3
  400530:	4b0e      	ldr	r3, [pc, #56]	; (40056c <_gpio_set_direction+0x50>)
  400532:	4798      	blx	r3
  400534:	60f8      	str	r0, [r7, #12]
	switch (direction) {
  400536:	79bb      	ldrb	r3, [r7, #6]
  400538:	2b00      	cmp	r3, #0
  40053a:	db0e      	blt.n	40055a <_gpio_set_direction+0x3e>
  40053c:	2b01      	cmp	r3, #1
  40053e:	dd02      	ble.n	400546 <_gpio_set_direction+0x2a>
  400540:	2b02      	cmp	r3, #2
  400542:	d005      	beq.n	400550 <_gpio_set_direction+0x34>
  400544:	e009      	b.n	40055a <_gpio_set_direction+0x3e>
	case GPIO_DIRECTION_OFF:
	case GPIO_DIRECTION_IN:
		hri_pio_clear_OSR_reg(hw, mask);
  400546:	6839      	ldr	r1, [r7, #0]
  400548:	68f8      	ldr	r0, [r7, #12]
  40054a:	4b09      	ldr	r3, [pc, #36]	; (400570 <_gpio_set_direction+0x54>)
  40054c:	4798      	blx	r3
		break;
  40054e:	e009      	b.n	400564 <_gpio_set_direction+0x48>

	case GPIO_DIRECTION_OUT:
		hri_pio_set_OSR_reg(hw, mask);
  400550:	6839      	ldr	r1, [r7, #0]
  400552:	68f8      	ldr	r0, [r7, #12]
  400554:	4b07      	ldr	r3, [pc, #28]	; (400574 <_gpio_set_direction+0x58>)
  400556:	4798      	blx	r3
		break;
  400558:	e004      	b.n	400564 <_gpio_set_direction+0x48>

	default:
		ASSERT(false);
  40055a:	2241      	movs	r2, #65	; 0x41
  40055c:	4906      	ldr	r1, [pc, #24]	; (400578 <_gpio_set_direction+0x5c>)
  40055e:	2000      	movs	r0, #0
  400560:	4b06      	ldr	r3, [pc, #24]	; (40057c <_gpio_set_direction+0x60>)
  400562:	4798      	blx	r3
	}
}
  400564:	bf00      	nop
  400566:	3710      	adds	r7, #16
  400568:	46bd      	mov	sp, r7
  40056a:	bd80      	pop	{r7, pc}
  40056c:	004004f9 	.word	0x004004f9
  400570:	004002e9 	.word	0x004002e9
  400574:	004002cd 	.word	0x004002cd
  400578:	004025bc 	.word	0x004025bc
  40057c:	00401195 	.word	0x00401195

00400580 <_gpio_set_level>:

/**
 * \brief Set output level on port with mask
 */
static inline void _gpio_set_level(const enum gpio_port port, const uint32_t mask, const bool level)
{
  400580:	b580      	push	{r7, lr}
  400582:	b084      	sub	sp, #16
  400584:	af00      	add	r7, sp, #0
  400586:	4603      	mov	r3, r0
  400588:	6039      	str	r1, [r7, #0]
  40058a:	71fb      	strb	r3, [r7, #7]
  40058c:	4613      	mov	r3, r2
  40058e:	71bb      	strb	r3, [r7, #6]
	void *const hw = port_to_reg(port);
  400590:	79fb      	ldrb	r3, [r7, #7]
  400592:	4618      	mov	r0, r3
  400594:	4b09      	ldr	r3, [pc, #36]	; (4005bc <_gpio_set_level+0x3c>)
  400596:	4798      	blx	r3
  400598:	60f8      	str	r0, [r7, #12]
	if (level) {
  40059a:	79bb      	ldrb	r3, [r7, #6]
  40059c:	2b00      	cmp	r3, #0
  40059e:	d004      	beq.n	4005aa <_gpio_set_level+0x2a>
		hri_pio_set_ODSR_reg(hw, mask);
  4005a0:	6839      	ldr	r1, [r7, #0]
  4005a2:	68f8      	ldr	r0, [r7, #12]
  4005a4:	4b06      	ldr	r3, [pc, #24]	; (4005c0 <_gpio_set_level+0x40>)
  4005a6:	4798      	blx	r3
	} else {
		hri_pio_clear_ODSR_reg(hw, mask);
	}
}
  4005a8:	e003      	b.n	4005b2 <_gpio_set_level+0x32>
		hri_pio_clear_ODSR_reg(hw, mask);
  4005aa:	6839      	ldr	r1, [r7, #0]
  4005ac:	68f8      	ldr	r0, [r7, #12]
  4005ae:	4b05      	ldr	r3, [pc, #20]	; (4005c4 <_gpio_set_level+0x44>)
  4005b0:	4798      	blx	r3
}
  4005b2:	bf00      	nop
  4005b4:	3710      	adds	r7, #16
  4005b6:	46bd      	mov	sp, r7
  4005b8:	bd80      	pop	{r7, pc}
  4005ba:	bf00      	nop
  4005bc:	004004f9 	.word	0x004004f9
  4005c0:	00400305 	.word	0x00400305
  4005c4:	00400321 	.word	0x00400321

004005c8 <_gpio_set_pin_pull_mode>:
/**
 * \brief Set pin pull mode
 */
static inline void _gpio_set_pin_pull_mode(const enum gpio_port port, const uint8_t pin,
                                           const enum gpio_pull_mode pull_mode)
{
  4005c8:	b580      	push	{r7, lr}
  4005ca:	b084      	sub	sp, #16
  4005cc:	af00      	add	r7, sp, #0
  4005ce:	4603      	mov	r3, r0
  4005d0:	71fb      	strb	r3, [r7, #7]
  4005d2:	460b      	mov	r3, r1
  4005d4:	71bb      	strb	r3, [r7, #6]
  4005d6:	4613      	mov	r3, r2
  4005d8:	717b      	strb	r3, [r7, #5]
	void *const hw = port_to_reg(port);
  4005da:	79fb      	ldrb	r3, [r7, #7]
  4005dc:	4618      	mov	r0, r3
  4005de:	4b23      	ldr	r3, [pc, #140]	; (40066c <_gpio_set_pin_pull_mode+0xa4>)
  4005e0:	4798      	blx	r3
  4005e2:	60f8      	str	r0, [r7, #12]
	switch (pull_mode) {
  4005e4:	797b      	ldrb	r3, [r7, #5]
  4005e6:	2b01      	cmp	r3, #1
  4005e8:	d014      	beq.n	400614 <_gpio_set_pin_pull_mode+0x4c>
  4005ea:	2b02      	cmp	r3, #2
  4005ec:	d023      	beq.n	400636 <_gpio_set_pin_pull_mode+0x6e>
  4005ee:	2b00      	cmp	r3, #0
  4005f0:	d132      	bne.n	400658 <_gpio_set_pin_pull_mode+0x90>
	case GPIO_PULL_OFF:
		hri_pio_clear_PUSR_reg(hw, 1U << pin);
  4005f2:	79bb      	ldrb	r3, [r7, #6]
  4005f4:	2201      	movs	r2, #1
  4005f6:	fa02 f303 	lsl.w	r3, r2, r3
  4005fa:	4619      	mov	r1, r3
  4005fc:	68f8      	ldr	r0, [r7, #12]
  4005fe:	4b1c      	ldr	r3, [pc, #112]	; (400670 <_gpio_set_pin_pull_mode+0xa8>)
  400600:	4798      	blx	r3
		hri_pio_clear_PPDSR_reg(hw, 1U << pin);
  400602:	79bb      	ldrb	r3, [r7, #6]
  400604:	2201      	movs	r2, #1
  400606:	fa02 f303 	lsl.w	r3, r2, r3
  40060a:	4619      	mov	r1, r3
  40060c:	68f8      	ldr	r0, [r7, #12]
  40060e:	4b19      	ldr	r3, [pc, #100]	; (400674 <_gpio_set_pin_pull_mode+0xac>)
  400610:	4798      	blx	r3
		break;
  400612:	e027      	b.n	400664 <_gpio_set_pin_pull_mode+0x9c>

	case GPIO_PULL_UP:
		hri_pio_clear_PPDSR_reg(hw, 1U << pin);
  400614:	79bb      	ldrb	r3, [r7, #6]
  400616:	2201      	movs	r2, #1
  400618:	fa02 f303 	lsl.w	r3, r2, r3
  40061c:	4619      	mov	r1, r3
  40061e:	68f8      	ldr	r0, [r7, #12]
  400620:	4b14      	ldr	r3, [pc, #80]	; (400674 <_gpio_set_pin_pull_mode+0xac>)
  400622:	4798      	blx	r3
		hri_pio_set_PUSR_reg(hw, 1U << pin);
  400624:	79bb      	ldrb	r3, [r7, #6]
  400626:	2201      	movs	r2, #1
  400628:	fa02 f303 	lsl.w	r3, r2, r3
  40062c:	4619      	mov	r1, r3
  40062e:	68f8      	ldr	r0, [r7, #12]
  400630:	4b11      	ldr	r3, [pc, #68]	; (400678 <_gpio_set_pin_pull_mode+0xb0>)
  400632:	4798      	blx	r3
		break;
  400634:	e016      	b.n	400664 <_gpio_set_pin_pull_mode+0x9c>

	case GPIO_PULL_DOWN:
		hri_pio_clear_PUSR_reg(hw, 1U << pin);
  400636:	79bb      	ldrb	r3, [r7, #6]
  400638:	2201      	movs	r2, #1
  40063a:	fa02 f303 	lsl.w	r3, r2, r3
  40063e:	4619      	mov	r1, r3
  400640:	68f8      	ldr	r0, [r7, #12]
  400642:	4b0b      	ldr	r3, [pc, #44]	; (400670 <_gpio_set_pin_pull_mode+0xa8>)
  400644:	4798      	blx	r3
		hri_pio_set_PPDSR_reg(hw, 1U << pin);
  400646:	79bb      	ldrb	r3, [r7, #6]
  400648:	2201      	movs	r2, #1
  40064a:	fa02 f303 	lsl.w	r3, r2, r3
  40064e:	4619      	mov	r1, r3
  400650:	68f8      	ldr	r0, [r7, #12]
  400652:	4b0a      	ldr	r3, [pc, #40]	; (40067c <_gpio_set_pin_pull_mode+0xb4>)
  400654:	4798      	blx	r3
		break;
  400656:	e005      	b.n	400664 <_gpio_set_pin_pull_mode+0x9c>

	default:
		ASSERT(false);
  400658:	2283      	movs	r2, #131	; 0x83
  40065a:	4909      	ldr	r1, [pc, #36]	; (400680 <_gpio_set_pin_pull_mode+0xb8>)
  40065c:	2000      	movs	r0, #0
  40065e:	4b09      	ldr	r3, [pc, #36]	; (400684 <_gpio_set_pin_pull_mode+0xbc>)
  400660:	4798      	blx	r3
		break;
  400662:	bf00      	nop
	}
}
  400664:	bf00      	nop
  400666:	3710      	adds	r7, #16
  400668:	46bd      	mov	sp, r7
  40066a:	bd80      	pop	{r7, pc}
  40066c:	004004f9 	.word	0x004004f9
  400670:	00400359 	.word	0x00400359
  400674:	00400393 	.word	0x00400393
  400678:	0040033d 	.word	0x0040033d
  40067c:	00400375 	.word	0x00400375
  400680:	004025bc 	.word	0x004025bc
  400684:	00401195 	.word	0x00401195

00400688 <_gpio_set_pin_function>:

/**
 * \brief Set pin function
 */
static inline void _gpio_set_pin_function(const uint32_t gpio, const uint32_t function)
{
  400688:	b580      	push	{r7, lr}
  40068a:	b084      	sub	sp, #16
  40068c:	af00      	add	r7, sp, #0
  40068e:	6078      	str	r0, [r7, #4]
  400690:	6039      	str	r1, [r7, #0]
	uint8_t     port = GPIO_PORT(gpio);
  400692:	687b      	ldr	r3, [r7, #4]
  400694:	095b      	lsrs	r3, r3, #5
  400696:	73fb      	strb	r3, [r7, #15]
	uint8_t     pin  = GPIO_PIN(gpio);
  400698:	687b      	ldr	r3, [r7, #4]
  40069a:	b2db      	uxtb	r3, r3
  40069c:	f003 031f 	and.w	r3, r3, #31
  4006a0:	73bb      	strb	r3, [r7, #14]
	void *const hw   = port_to_reg((enum gpio_port)port);
  4006a2:	7bfb      	ldrb	r3, [r7, #15]
  4006a4:	4618      	mov	r0, r3
  4006a6:	4b33      	ldr	r3, [pc, #204]	; (400774 <_gpio_set_pin_function+0xec>)
  4006a8:	4798      	blx	r3
  4006aa:	60b8      	str	r0, [r7, #8]

	if ((enum gpio_port)port == GPIO_PORTB) {
  4006ac:	7bfb      	ldrb	r3, [r7, #15]
  4006ae:	2b01      	cmp	r3, #1
  4006b0:	d116      	bne.n	4006e0 <_gpio_set_pin_function+0x58>
		if ((pin == 4) || (pin == 5) || (pin == 6) || (pin == 7) || (pin == 12)) {
  4006b2:	7bbb      	ldrb	r3, [r7, #14]
  4006b4:	2b04      	cmp	r3, #4
  4006b6:	d00b      	beq.n	4006d0 <_gpio_set_pin_function+0x48>
  4006b8:	7bbb      	ldrb	r3, [r7, #14]
  4006ba:	2b05      	cmp	r3, #5
  4006bc:	d008      	beq.n	4006d0 <_gpio_set_pin_function+0x48>
  4006be:	7bbb      	ldrb	r3, [r7, #14]
  4006c0:	2b06      	cmp	r3, #6
  4006c2:	d005      	beq.n	4006d0 <_gpio_set_pin_function+0x48>
  4006c4:	7bbb      	ldrb	r3, [r7, #14]
  4006c6:	2b07      	cmp	r3, #7
  4006c8:	d002      	beq.n	4006d0 <_gpio_set_pin_function+0x48>
  4006ca:	7bbb      	ldrb	r3, [r7, #14]
  4006cc:	2b0c      	cmp	r3, #12
  4006ce:	d107      	bne.n	4006e0 <_gpio_set_pin_function+0x58>
			hri_matrix_set_CCFG_SYSIO_reg(MATRIX, (0x1 << pin));
  4006d0:	7bbb      	ldrb	r3, [r7, #14]
  4006d2:	2201      	movs	r2, #1
  4006d4:	fa02 f303 	lsl.w	r3, r2, r3
  4006d8:	4619      	mov	r1, r3
  4006da:	4827      	ldr	r0, [pc, #156]	; (400778 <_gpio_set_pin_function+0xf0>)
  4006dc:	4b27      	ldr	r3, [pc, #156]	; (40077c <_gpio_set_pin_function+0xf4>)
  4006de:	4798      	blx	r3
		}
	}

	if (function == GPIO_PIN_FUNCTION_OFF) {
  4006e0:	683b      	ldr	r3, [r7, #0]
  4006e2:	f1b3 3fff 	cmp.w	r3, #4294967295
  4006e6:	d108      	bne.n	4006fa <_gpio_set_pin_function+0x72>
		hri_pio_set_PSR_reg(hw, 1U << pin);
  4006e8:	7bbb      	ldrb	r3, [r7, #14]
  4006ea:	2201      	movs	r2, #1
  4006ec:	fa02 f303 	lsl.w	r3, r2, r3
  4006f0:	4619      	mov	r1, r3
  4006f2:	68b8      	ldr	r0, [r7, #8]
  4006f4:	4b22      	ldr	r3, [pc, #136]	; (400780 <_gpio_set_pin_function+0xf8>)
  4006f6:	4798      	blx	r3
			hri_pio_clear_ABCDSR_reg(hw, 1, 1U << pin);
		}

		hri_pio_clear_PSR_reg(hw, 1U << pin);
	}
}
  4006f8:	e037      	b.n	40076a <_gpio_set_pin_function+0xe2>
		if (function & 0x1) {
  4006fa:	683b      	ldr	r3, [r7, #0]
  4006fc:	f003 0301 	and.w	r3, r3, #1
  400700:	2b00      	cmp	r3, #0
  400702:	d009      	beq.n	400718 <_gpio_set_pin_function+0x90>
			hri_pio_set_ABCDSR_reg(hw, 0, 1U << pin);
  400704:	7bbb      	ldrb	r3, [r7, #14]
  400706:	2201      	movs	r2, #1
  400708:	fa02 f303 	lsl.w	r3, r2, r3
  40070c:	461a      	mov	r2, r3
  40070e:	2100      	movs	r1, #0
  400710:	68b8      	ldr	r0, [r7, #8]
  400712:	4b1c      	ldr	r3, [pc, #112]	; (400784 <_gpio_set_pin_function+0xfc>)
  400714:	4798      	blx	r3
  400716:	e008      	b.n	40072a <_gpio_set_pin_function+0xa2>
			hri_pio_clear_ABCDSR_reg(hw, 0, 1U << pin);
  400718:	7bbb      	ldrb	r3, [r7, #14]
  40071a:	2201      	movs	r2, #1
  40071c:	fa02 f303 	lsl.w	r3, r2, r3
  400720:	461a      	mov	r2, r3
  400722:	2100      	movs	r1, #0
  400724:	68b8      	ldr	r0, [r7, #8]
  400726:	4b18      	ldr	r3, [pc, #96]	; (400788 <_gpio_set_pin_function+0x100>)
  400728:	4798      	blx	r3
		if (function & 0x2) {
  40072a:	683b      	ldr	r3, [r7, #0]
  40072c:	f003 0302 	and.w	r3, r3, #2
  400730:	2b00      	cmp	r3, #0
  400732:	d009      	beq.n	400748 <_gpio_set_pin_function+0xc0>
			hri_pio_set_ABCDSR_reg(hw, 1, 1U << pin);
  400734:	7bbb      	ldrb	r3, [r7, #14]
  400736:	2201      	movs	r2, #1
  400738:	fa02 f303 	lsl.w	r3, r2, r3
  40073c:	461a      	mov	r2, r3
  40073e:	2101      	movs	r1, #1
  400740:	68b8      	ldr	r0, [r7, #8]
  400742:	4b10      	ldr	r3, [pc, #64]	; (400784 <_gpio_set_pin_function+0xfc>)
  400744:	4798      	blx	r3
  400746:	e008      	b.n	40075a <_gpio_set_pin_function+0xd2>
			hri_pio_clear_ABCDSR_reg(hw, 1, 1U << pin);
  400748:	7bbb      	ldrb	r3, [r7, #14]
  40074a:	2201      	movs	r2, #1
  40074c:	fa02 f303 	lsl.w	r3, r2, r3
  400750:	461a      	mov	r2, r3
  400752:	2101      	movs	r1, #1
  400754:	68b8      	ldr	r0, [r7, #8]
  400756:	4b0c      	ldr	r3, [pc, #48]	; (400788 <_gpio_set_pin_function+0x100>)
  400758:	4798      	blx	r3
		hri_pio_clear_PSR_reg(hw, 1U << pin);
  40075a:	7bbb      	ldrb	r3, [r7, #14]
  40075c:	2201      	movs	r2, #1
  40075e:	fa02 f303 	lsl.w	r3, r2, r3
  400762:	4619      	mov	r1, r3
  400764:	68b8      	ldr	r0, [r7, #8]
  400766:	4b09      	ldr	r3, [pc, #36]	; (40078c <_gpio_set_pin_function+0x104>)
  400768:	4798      	blx	r3
}
  40076a:	bf00      	nop
  40076c:	3710      	adds	r7, #16
  40076e:	46bd      	mov	sp, r7
  400770:	bd80      	pop	{r7, pc}
  400772:	bf00      	nop
  400774:	004004f9 	.word	0x004004f9
  400778:	40088000 	.word	0x40088000
  40077c:	0040026f 	.word	0x0040026f
  400780:	00400295 	.word	0x00400295
  400784:	004003b1 	.word	0x004003b1
  400788:	004003e3 	.word	0x004003e3
  40078c:	004002b1 	.word	0x004002b1

00400790 <gpio_set_pin_pull_mode>:
 * \param[in] pull_mode GPIO_PULL_DOWN = Pull pin low with internal resistor
 *                      GPIO_PULL_UP   = Pull pin high with internal resistor
 *                      GPIO_PULL_OFF  = Disable pin pull mode
 */
static inline void gpio_set_pin_pull_mode(const uint8_t pin, const enum gpio_pull_mode pull_mode)
{
  400790:	b580      	push	{r7, lr}
  400792:	b082      	sub	sp, #8
  400794:	af00      	add	r7, sp, #0
  400796:	4603      	mov	r3, r0
  400798:	460a      	mov	r2, r1
  40079a:	71fb      	strb	r3, [r7, #7]
  40079c:	4613      	mov	r3, r2
  40079e:	71bb      	strb	r3, [r7, #6]
	_gpio_set_pin_pull_mode((enum gpio_port)GPIO_PORT(pin), pin & 0x1F, pull_mode);
  4007a0:	79fb      	ldrb	r3, [r7, #7]
  4007a2:	095b      	lsrs	r3, r3, #5
  4007a4:	b2d8      	uxtb	r0, r3
  4007a6:	79fb      	ldrb	r3, [r7, #7]
  4007a8:	f003 031f 	and.w	r3, r3, #31
  4007ac:	b2db      	uxtb	r3, r3
  4007ae:	79ba      	ldrb	r2, [r7, #6]
  4007b0:	4619      	mov	r1, r3
  4007b2:	4b03      	ldr	r3, [pc, #12]	; (4007c0 <gpio_set_pin_pull_mode+0x30>)
  4007b4:	4798      	blx	r3
}
  4007b6:	bf00      	nop
  4007b8:	3708      	adds	r7, #8
  4007ba:	46bd      	mov	sp, r7
  4007bc:	bd80      	pop	{r7, pc}
  4007be:	bf00      	nop
  4007c0:	004005c9 	.word	0x004005c9

004007c4 <gpio_set_pin_function>:
 * \param[in] function  The pin function is given by a 32-bit wide bitfield
 *                      found in the header files for the device
 *
 */
static inline void gpio_set_pin_function(const uint32_t pin, uint32_t function)
{
  4007c4:	b580      	push	{r7, lr}
  4007c6:	b082      	sub	sp, #8
  4007c8:	af00      	add	r7, sp, #0
  4007ca:	6078      	str	r0, [r7, #4]
  4007cc:	6039      	str	r1, [r7, #0]
	_gpio_set_pin_function(pin, function);
  4007ce:	6839      	ldr	r1, [r7, #0]
  4007d0:	6878      	ldr	r0, [r7, #4]
  4007d2:	4b03      	ldr	r3, [pc, #12]	; (4007e0 <gpio_set_pin_function+0x1c>)
  4007d4:	4798      	blx	r3
}
  4007d6:	bf00      	nop
  4007d8:	3708      	adds	r7, #8
  4007da:	46bd      	mov	sp, r7
  4007dc:	bd80      	pop	{r7, pc}
  4007de:	bf00      	nop
  4007e0:	00400689 	.word	0x00400689

004007e4 <gpio_set_pin_direction>:
 *                      GPIO_DIRECTION_OUT = Data direction out
 *                      GPIO_DIRECTION_OFF = Disables the pin
 *                      (low power state)
 */
static inline void gpio_set_pin_direction(const uint8_t pin, const enum gpio_direction direction)
{
  4007e4:	b580      	push	{r7, lr}
  4007e6:	b082      	sub	sp, #8
  4007e8:	af00      	add	r7, sp, #0
  4007ea:	4603      	mov	r3, r0
  4007ec:	460a      	mov	r2, r1
  4007ee:	71fb      	strb	r3, [r7, #7]
  4007f0:	4613      	mov	r3, r2
  4007f2:	71bb      	strb	r3, [r7, #6]
	_gpio_set_direction((enum gpio_port)GPIO_PORT(pin), 1U << GPIO_PIN(pin), direction);
  4007f4:	79fb      	ldrb	r3, [r7, #7]
  4007f6:	095b      	lsrs	r3, r3, #5
  4007f8:	b2d8      	uxtb	r0, r3
  4007fa:	79fb      	ldrb	r3, [r7, #7]
  4007fc:	f003 031f 	and.w	r3, r3, #31
  400800:	2201      	movs	r2, #1
  400802:	fa02 f303 	lsl.w	r3, r2, r3
  400806:	79ba      	ldrb	r2, [r7, #6]
  400808:	4619      	mov	r1, r3
  40080a:	4b03      	ldr	r3, [pc, #12]	; (400818 <gpio_set_pin_direction+0x34>)
  40080c:	4798      	blx	r3
}
  40080e:	bf00      	nop
  400810:	3708      	adds	r7, #8
  400812:	46bd      	mov	sp, r7
  400814:	bd80      	pop	{r7, pc}
  400816:	bf00      	nop
  400818:	0040051d 	.word	0x0040051d

0040081c <gpio_set_pin_level>:
 * \param[in] pin       The pin number for device
 * \param[in] level true  = Pin level set to "high" state
 *                  false = Pin level set to "low" state
 */
static inline void gpio_set_pin_level(const uint8_t pin, const bool level)
{
  40081c:	b580      	push	{r7, lr}
  40081e:	b082      	sub	sp, #8
  400820:	af00      	add	r7, sp, #0
  400822:	4603      	mov	r3, r0
  400824:	460a      	mov	r2, r1
  400826:	71fb      	strb	r3, [r7, #7]
  400828:	4613      	mov	r3, r2
  40082a:	71bb      	strb	r3, [r7, #6]
	_gpio_set_level((enum gpio_port)GPIO_PORT(pin), 1U << GPIO_PIN(pin), level);
  40082c:	79fb      	ldrb	r3, [r7, #7]
  40082e:	095b      	lsrs	r3, r3, #5
  400830:	b2d8      	uxtb	r0, r3
  400832:	79fb      	ldrb	r3, [r7, #7]
  400834:	f003 031f 	and.w	r3, r3, #31
  400838:	2201      	movs	r2, #1
  40083a:	fa02 f303 	lsl.w	r3, r2, r3
  40083e:	79ba      	ldrb	r2, [r7, #6]
  400840:	4619      	mov	r1, r3
  400842:	4b03      	ldr	r3, [pc, #12]	; (400850 <gpio_set_pin_level+0x34>)
  400844:	4798      	blx	r3
}
  400846:	bf00      	nop
  400848:	3708      	adds	r7, #8
  40084a:	46bd      	mov	sp, r7
  40084c:	bd80      	pop	{r7, pc}
  40084e:	bf00      	nop
  400850:	00400581 	.word	0x00400581

00400854 <init_mcu>:
 * This function calls the various initialization functions.
 * Currently the following initialization functions are supported:
 *  - System clock initialization
 */
static inline void init_mcu(void)
{
  400854:	b580      	push	{r7, lr}
  400856:	af00      	add	r7, sp, #0
	_init_chip();
  400858:	4b01      	ldr	r3, [pc, #4]	; (400860 <init_mcu+0xc>)
  40085a:	4798      	blx	r3
}
  40085c:	bf00      	nop
  40085e:	bd80      	pop	{r7, pc}
  400860:	00401365 	.word	0x00401365

00400864 <_pmc_enable_periph_clock>:
 *
 * \param periph_id Peripheral ID
 *
 */
static inline void _pmc_enable_periph_clock(uint32_t periph_id)
{
  400864:	b580      	push	{r7, lr}
  400866:	b084      	sub	sp, #16
  400868:	af00      	add	r7, sp, #0
  40086a:	6078      	str	r0, [r7, #4]
	if (periph_id < 32) {
  40086c:	687b      	ldr	r3, [r7, #4]
  40086e:	2b1f      	cmp	r3, #31
  400870:	d813      	bhi.n	40089a <_pmc_enable_periph_clock+0x36>
		if (!hri_pmc_get_PCSR0_reg(PMC, (1 << periph_id))) {
  400872:	2201      	movs	r2, #1
  400874:	687b      	ldr	r3, [r7, #4]
  400876:	fa02 f303 	lsl.w	r3, r2, r3
  40087a:	4619      	mov	r1, r3
  40087c:	481f      	ldr	r0, [pc, #124]	; (4008fc <_pmc_enable_periph_clock+0x98>)
  40087e:	4b20      	ldr	r3, [pc, #128]	; (400900 <_pmc_enable_periph_clock+0x9c>)
  400880:	4798      	blx	r3
  400882:	4603      	mov	r3, r0
  400884:	2b00      	cmp	r3, #0
  400886:	d135      	bne.n	4008f4 <_pmc_enable_periph_clock+0x90>
			hri_pmc_set_PCSR0_reg(PMC, (1 << periph_id));
  400888:	2201      	movs	r2, #1
  40088a:	687b      	ldr	r3, [r7, #4]
  40088c:	fa02 f303 	lsl.w	r3, r2, r3
  400890:	4619      	mov	r1, r3
  400892:	481a      	ldr	r0, [pc, #104]	; (4008fc <_pmc_enable_periph_clock+0x98>)
  400894:	4b1b      	ldr	r3, [pc, #108]	; (400904 <_pmc_enable_periph_clock+0xa0>)
  400896:	4798      	blx	r3
		hri_pmc_write_PCR_reg(PMC, PMC_PCR_PID(periph_id));
		tmp = hri_pmc_read_PCR_reg(PMC);
		tmp |= PMC_PCR_CMD | PMC_PCR_EN;
		hri_pmc_write_PCR_reg(PMC, tmp);
	}
}
  400898:	e02c      	b.n	4008f4 <_pmc_enable_periph_clock+0x90>
	} else if (periph_id < 64) {
  40089a:	687b      	ldr	r3, [r7, #4]
  40089c:	2b3f      	cmp	r3, #63	; 0x3f
  40089e:	d816      	bhi.n	4008ce <_pmc_enable_periph_clock+0x6a>
		periph_id -= 32;
  4008a0:	687b      	ldr	r3, [r7, #4]
  4008a2:	3b20      	subs	r3, #32
  4008a4:	607b      	str	r3, [r7, #4]
		if (!hri_pmc_get_PCSR1_reg(PMC, (1 << periph_id))) {
  4008a6:	2201      	movs	r2, #1
  4008a8:	687b      	ldr	r3, [r7, #4]
  4008aa:	fa02 f303 	lsl.w	r3, r2, r3
  4008ae:	4619      	mov	r1, r3
  4008b0:	4812      	ldr	r0, [pc, #72]	; (4008fc <_pmc_enable_periph_clock+0x98>)
  4008b2:	4b15      	ldr	r3, [pc, #84]	; (400908 <_pmc_enable_periph_clock+0xa4>)
  4008b4:	4798      	blx	r3
  4008b6:	4603      	mov	r3, r0
  4008b8:	2b00      	cmp	r3, #0
  4008ba:	d11b      	bne.n	4008f4 <_pmc_enable_periph_clock+0x90>
			hri_pmc_set_PCSR1_reg(PMC, (1 << periph_id));
  4008bc:	2201      	movs	r2, #1
  4008be:	687b      	ldr	r3, [r7, #4]
  4008c0:	fa02 f303 	lsl.w	r3, r2, r3
  4008c4:	4619      	mov	r1, r3
  4008c6:	480d      	ldr	r0, [pc, #52]	; (4008fc <_pmc_enable_periph_clock+0x98>)
  4008c8:	4b10      	ldr	r3, [pc, #64]	; (40090c <_pmc_enable_periph_clock+0xa8>)
  4008ca:	4798      	blx	r3
}
  4008cc:	e012      	b.n	4008f4 <_pmc_enable_periph_clock+0x90>
		hri_pmc_write_PCR_reg(PMC, PMC_PCR_PID(periph_id));
  4008ce:	687b      	ldr	r3, [r7, #4]
  4008d0:	f003 037f 	and.w	r3, r3, #127	; 0x7f
  4008d4:	4619      	mov	r1, r3
  4008d6:	4809      	ldr	r0, [pc, #36]	; (4008fc <_pmc_enable_periph_clock+0x98>)
  4008d8:	4b0d      	ldr	r3, [pc, #52]	; (400910 <_pmc_enable_periph_clock+0xac>)
  4008da:	4798      	blx	r3
		tmp = hri_pmc_read_PCR_reg(PMC);
  4008dc:	4807      	ldr	r0, [pc, #28]	; (4008fc <_pmc_enable_periph_clock+0x98>)
  4008de:	4b0d      	ldr	r3, [pc, #52]	; (400914 <_pmc_enable_periph_clock+0xb0>)
  4008e0:	4798      	blx	r3
  4008e2:	60f8      	str	r0, [r7, #12]
		tmp |= PMC_PCR_CMD | PMC_PCR_EN;
  4008e4:	68fb      	ldr	r3, [r7, #12]
  4008e6:	f043 2310 	orr.w	r3, r3, #268439552	; 0x10001000
  4008ea:	60fb      	str	r3, [r7, #12]
		hri_pmc_write_PCR_reg(PMC, tmp);
  4008ec:	68f9      	ldr	r1, [r7, #12]
  4008ee:	4803      	ldr	r0, [pc, #12]	; (4008fc <_pmc_enable_periph_clock+0x98>)
  4008f0:	4b07      	ldr	r3, [pc, #28]	; (400910 <_pmc_enable_periph_clock+0xac>)
  4008f2:	4798      	blx	r3
}
  4008f4:	bf00      	nop
  4008f6:	3710      	adds	r7, #16
  4008f8:	46bd      	mov	sp, r7
  4008fa:	bd80      	pop	{r7, pc}
  4008fc:	400e0600 	.word	0x400e0600
  400900:	00400433 	.word	0x00400433
  400904:	00400417 	.word	0x00400417
  400908:	00400477 	.word	0x00400477
  40090c:	00400459 	.word	0x00400459
  400910:	0040049f 	.word	0x0040049f
  400914:	004004bd 	.word	0x004004bd

00400918 <MRAM_SPI_0_PORT_init>:
struct usart_sync_descriptor LVDS_USART_1;

struct usart_sync_descriptor LVDS2_USART_2;

void MRAM_SPI_0_PORT_init(void)
{
  400918:	b580      	push	{r7, lr}
  40091a:	af00      	add	r7, sp, #0

	gpio_set_pin_function(PD20, MUX_PD20B_SPI0_MISO);
  40091c:	2101      	movs	r1, #1
  40091e:	2074      	movs	r0, #116	; 0x74
  400920:	4b05      	ldr	r3, [pc, #20]	; (400938 <MRAM_SPI_0_PORT_init+0x20>)
  400922:	4798      	blx	r3

	gpio_set_pin_function(PD21, MUX_PD21B_SPI0_MOSI);
  400924:	2101      	movs	r1, #1
  400926:	2075      	movs	r0, #117	; 0x75
  400928:	4b03      	ldr	r3, [pc, #12]	; (400938 <MRAM_SPI_0_PORT_init+0x20>)
  40092a:	4798      	blx	r3

	gpio_set_pin_function(PD22, MUX_PD22B_SPI0_SPCK);
  40092c:	2101      	movs	r1, #1
  40092e:	2076      	movs	r0, #118	; 0x76
  400930:	4b01      	ldr	r3, [pc, #4]	; (400938 <MRAM_SPI_0_PORT_init+0x20>)
  400932:	4798      	blx	r3
}
  400934:	bf00      	nop
  400936:	bd80      	pop	{r7, pc}
  400938:	004007c5 	.word	0x004007c5

0040093c <MRAM_SPI_0_CLOCK_init>:

void MRAM_SPI_0_CLOCK_init(void)
{
  40093c:	b580      	push	{r7, lr}
  40093e:	af00      	add	r7, sp, #0
	_pmc_enable_periph_clock(ID_SPI0);
  400940:	2015      	movs	r0, #21
  400942:	4b02      	ldr	r3, [pc, #8]	; (40094c <MRAM_SPI_0_CLOCK_init+0x10>)
  400944:	4798      	blx	r3
}
  400946:	bf00      	nop
  400948:	bd80      	pop	{r7, pc}
  40094a:	bf00      	nop
  40094c:	00400865 	.word	0x00400865

00400950 <MRAM_SPI_0_init>:

void MRAM_SPI_0_init(void)
{
  400950:	b580      	push	{r7, lr}
  400952:	af00      	add	r7, sp, #0
	MRAM_SPI_0_CLOCK_init();
  400954:	4b08      	ldr	r3, [pc, #32]	; (400978 <MRAM_SPI_0_init+0x28>)
  400956:	4798      	blx	r3
	spi_m_sync_set_func_ptr(&MRAM_SPI_0, _spi_get_spi_m_sync());
  400958:	4b08      	ldr	r3, [pc, #32]	; (40097c <MRAM_SPI_0_init+0x2c>)
  40095a:	4798      	blx	r3
  40095c:	4603      	mov	r3, r0
  40095e:	4619      	mov	r1, r3
  400960:	4807      	ldr	r0, [pc, #28]	; (400980 <MRAM_SPI_0_init+0x30>)
  400962:	4b08      	ldr	r3, [pc, #32]	; (400984 <MRAM_SPI_0_init+0x34>)
  400964:	4798      	blx	r3
	spi_m_sync_init(&MRAM_SPI_0, SPI0);
  400966:	4908      	ldr	r1, [pc, #32]	; (400988 <MRAM_SPI_0_init+0x38>)
  400968:	4805      	ldr	r0, [pc, #20]	; (400980 <MRAM_SPI_0_init+0x30>)
  40096a:	4b08      	ldr	r3, [pc, #32]	; (40098c <MRAM_SPI_0_init+0x3c>)
  40096c:	4798      	blx	r3
	MRAM_SPI_0_PORT_init();
  40096e:	4b08      	ldr	r3, [pc, #32]	; (400990 <MRAM_SPI_0_init+0x40>)
  400970:	4798      	blx	r3
}
  400972:	bf00      	nop
  400974:	bd80      	pop	{r7, pc}
  400976:	bf00      	nop
  400978:	0040093d 	.word	0x0040093d
  40097c:	00401b81 	.word	0x00401b81
  400980:	20400050 	.word	0x20400050
  400984:	00400dfd 	.word	0x00400dfd
  400988:	40008000 	.word	0x40008000
  40098c:	00400e35 	.word	0x00400e35
  400990:	00400919 	.word	0x00400919

00400994 <Mas_I2C_0_PORT_init>:

void Mas_I2C_0_PORT_init(void)
{
  400994:	b580      	push	{r7, lr}
  400996:	af00      	add	r7, sp, #0

	gpio_set_pin_function(PA4, MUX_PA4A_TWIHS0_TWCK0);
  400998:	2100      	movs	r1, #0
  40099a:	2004      	movs	r0, #4
  40099c:	4b03      	ldr	r3, [pc, #12]	; (4009ac <Mas_I2C_0_PORT_init+0x18>)
  40099e:	4798      	blx	r3

	gpio_set_pin_function(PA3, MUX_PA3A_TWIHS0_TWD0);
  4009a0:	2100      	movs	r1, #0
  4009a2:	2003      	movs	r0, #3
  4009a4:	4b01      	ldr	r3, [pc, #4]	; (4009ac <Mas_I2C_0_PORT_init+0x18>)
  4009a6:	4798      	blx	r3
}
  4009a8:	bf00      	nop
  4009aa:	bd80      	pop	{r7, pc}
  4009ac:	004007c5 	.word	0x004007c5

004009b0 <Mas_I2C_0_CLOCK_init>:

void Mas_I2C_0_CLOCK_init(void)
{
  4009b0:	b580      	push	{r7, lr}
  4009b2:	af00      	add	r7, sp, #0
	_pmc_enable_periph_clock(ID_TWIHS0);
  4009b4:	2013      	movs	r0, #19
  4009b6:	4b02      	ldr	r3, [pc, #8]	; (4009c0 <Mas_I2C_0_CLOCK_init+0x10>)
  4009b8:	4798      	blx	r3
}
  4009ba:	bf00      	nop
  4009bc:	bd80      	pop	{r7, pc}
  4009be:	bf00      	nop
  4009c0:	00400865 	.word	0x00400865

004009c4 <Mas_I2C_0_init>:

void Mas_I2C_0_init(void)
{
  4009c4:	b580      	push	{r7, lr}
  4009c6:	af00      	add	r7, sp, #0
	Mas_I2C_0_CLOCK_init();
  4009c8:	4b04      	ldr	r3, [pc, #16]	; (4009dc <Mas_I2C_0_init+0x18>)
  4009ca:	4798      	blx	r3

	i2c_m_sync_init(&Mas_I2C_0, TWIHS0);
  4009cc:	4904      	ldr	r1, [pc, #16]	; (4009e0 <Mas_I2C_0_init+0x1c>)
  4009ce:	4805      	ldr	r0, [pc, #20]	; (4009e4 <Mas_I2C_0_init+0x20>)
  4009d0:	4b05      	ldr	r3, [pc, #20]	; (4009e8 <Mas_I2C_0_init+0x24>)
  4009d2:	4798      	blx	r3

	Mas_I2C_0_PORT_init();
  4009d4:	4b05      	ldr	r3, [pc, #20]	; (4009ec <Mas_I2C_0_init+0x28>)
  4009d6:	4798      	blx	r3
}
  4009d8:	bf00      	nop
  4009da:	bd80      	pop	{r7, pc}
  4009dc:	004009b1 	.word	0x004009b1
  4009e0:	40018000 	.word	0x40018000
  4009e4:	20400068 	.word	0x20400068
  4009e8:	00400d9d 	.word	0x00400d9d
  4009ec:	00400995 	.word	0x00400995

004009f0 <Red_I2C_2_PORT_init>:

void Red_I2C_2_PORT_init(void)
{
  4009f0:	b580      	push	{r7, lr}
  4009f2:	af00      	add	r7, sp, #0

	gpio_set_pin_function(PD28, MUX_PD28C_TWIHS2_TWCK2);
  4009f4:	2102      	movs	r1, #2
  4009f6:	207c      	movs	r0, #124	; 0x7c
  4009f8:	4b03      	ldr	r3, [pc, #12]	; (400a08 <Red_I2C_2_PORT_init+0x18>)
  4009fa:	4798      	blx	r3

	gpio_set_pin_function(PD27, MUX_PD27C_TWIHS2_TWD2);
  4009fc:	2102      	movs	r1, #2
  4009fe:	207b      	movs	r0, #123	; 0x7b
  400a00:	4b01      	ldr	r3, [pc, #4]	; (400a08 <Red_I2C_2_PORT_init+0x18>)
  400a02:	4798      	blx	r3
}
  400a04:	bf00      	nop
  400a06:	bd80      	pop	{r7, pc}
  400a08:	004007c5 	.word	0x004007c5

00400a0c <Red_I2C_2_CLOCK_init>:

void Red_I2C_2_CLOCK_init(void)
{
  400a0c:	b580      	push	{r7, lr}
  400a0e:	af00      	add	r7, sp, #0
	_pmc_enable_periph_clock(ID_TWIHS2);
  400a10:	2029      	movs	r0, #41	; 0x29
  400a12:	4b02      	ldr	r3, [pc, #8]	; (400a1c <Red_I2C_2_CLOCK_init+0x10>)
  400a14:	4798      	blx	r3
}
  400a16:	bf00      	nop
  400a18:	bd80      	pop	{r7, pc}
  400a1a:	bf00      	nop
  400a1c:	00400865 	.word	0x00400865

00400a20 <Red_I2C_2_init>:

void Red_I2C_2_init(void)
{
  400a20:	b580      	push	{r7, lr}
  400a22:	af00      	add	r7, sp, #0
	Red_I2C_2_CLOCK_init();
  400a24:	4b04      	ldr	r3, [pc, #16]	; (400a38 <Red_I2C_2_init+0x18>)
  400a26:	4798      	blx	r3

	i2c_m_sync_init(&Red_I2C_2, TWIHS2);
  400a28:	4904      	ldr	r1, [pc, #16]	; (400a3c <Red_I2C_2_init+0x1c>)
  400a2a:	4805      	ldr	r0, [pc, #20]	; (400a40 <Red_I2C_2_init+0x20>)
  400a2c:	4b05      	ldr	r3, [pc, #20]	; (400a44 <Red_I2C_2_init+0x24>)
  400a2e:	4798      	blx	r3

	Red_I2C_2_PORT_init();
  400a30:	4b05      	ldr	r3, [pc, #20]	; (400a48 <Red_I2C_2_init+0x28>)
  400a32:	4798      	blx	r3
}
  400a34:	bf00      	nop
  400a36:	bd80      	pop	{r7, pc}
  400a38:	00400a0d 	.word	0x00400a0d
  400a3c:	40060000 	.word	0x40060000
  400a40:	204000a0 	.word	0x204000a0
  400a44:	00400d9d 	.word	0x00400d9d
  400a48:	004009f1 	.word	0x004009f1

00400a4c <Debug_USART_0_PORT_init>:

void Debug_USART_0_PORT_init(void)
{
  400a4c:	b580      	push	{r7, lr}
  400a4e:	af00      	add	r7, sp, #0

	gpio_set_pin_function(PA9, MUX_PA9A_UART0_URXD0);
  400a50:	2100      	movs	r1, #0
  400a52:	2009      	movs	r0, #9
  400a54:	4b03      	ldr	r3, [pc, #12]	; (400a64 <Debug_USART_0_PORT_init+0x18>)
  400a56:	4798      	blx	r3

	gpio_set_pin_function(PA10, MUX_PA10A_UART0_UTXD0);
  400a58:	2100      	movs	r1, #0
  400a5a:	200a      	movs	r0, #10
  400a5c:	4b01      	ldr	r3, [pc, #4]	; (400a64 <Debug_USART_0_PORT_init+0x18>)
  400a5e:	4798      	blx	r3
}
  400a60:	bf00      	nop
  400a62:	bd80      	pop	{r7, pc}
  400a64:	004007c5 	.word	0x004007c5

00400a68 <Debug_USART_0_CLOCK_init>:

void Debug_USART_0_CLOCK_init(void)
{
  400a68:	b580      	push	{r7, lr}
  400a6a:	af00      	add	r7, sp, #0
	_pmc_enable_periph_clock(ID_UART0);
  400a6c:	2007      	movs	r0, #7
  400a6e:	4b02      	ldr	r3, [pc, #8]	; (400a78 <Debug_USART_0_CLOCK_init+0x10>)
  400a70:	4798      	blx	r3
}
  400a72:	bf00      	nop
  400a74:	bd80      	pop	{r7, pc}
  400a76:	bf00      	nop
  400a78:	00400865 	.word	0x00400865

00400a7c <Debug_USART_0_init>:

void Debug_USART_0_init(void)
{
  400a7c:	b580      	push	{r7, lr}
  400a7e:	af00      	add	r7, sp, #0
	Debug_USART_0_CLOCK_init();
  400a80:	4b06      	ldr	r3, [pc, #24]	; (400a9c <Debug_USART_0_init+0x20>)
  400a82:	4798      	blx	r3
	usart_sync_init(&Debug_USART_0, UART0, _uart_get_usart_sync());
  400a84:	4b06      	ldr	r3, [pc, #24]	; (400aa0 <Debug_USART_0_init+0x24>)
  400a86:	4798      	blx	r3
  400a88:	4603      	mov	r3, r0
  400a8a:	461a      	mov	r2, r3
  400a8c:	4905      	ldr	r1, [pc, #20]	; (400aa4 <Debug_USART_0_init+0x28>)
  400a8e:	4806      	ldr	r0, [pc, #24]	; (400aa8 <Debug_USART_0_init+0x2c>)
  400a90:	4b06      	ldr	r3, [pc, #24]	; (400aac <Debug_USART_0_init+0x30>)
  400a92:	4798      	blx	r3
	Debug_USART_0_PORT_init();
  400a94:	4b06      	ldr	r3, [pc, #24]	; (400ab0 <Debug_USART_0_init+0x34>)
  400a96:	4798      	blx	r3
}
  400a98:	bf00      	nop
  400a9a:	bd80      	pop	{r7, pc}
  400a9c:	00400a69 	.word	0x00400a69
  400aa0:	00402441 	.word	0x00402441
  400aa4:	400e0800 	.word	0x400e0800
  400aa8:	20400094 	.word	0x20400094
  400aac:	00400fc9 	.word	0x00400fc9
  400ab0:	00400a4d 	.word	0x00400a4d

00400ab4 <system_init>:
	usart_sync_init(&LVDS2_USART_2, UART2, _uart_get_usart_sync());
	LVDS2_USART_2_PORT_init();
}

void system_init(void)
{
  400ab4:	b580      	push	{r7, lr}
  400ab6:	af00      	add	r7, sp, #0
	init_mcu();
  400ab8:	4b19      	ldr	r3, [pc, #100]	; (400b20 <system_init+0x6c>)
  400aba:	4798      	blx	r3

	_pmc_enable_periph_clock(ID_PIOC);
  400abc:	200c      	movs	r0, #12
  400abe:	4b19      	ldr	r3, [pc, #100]	; (400b24 <system_init+0x70>)
  400ac0:	4798      	blx	r3

	/* Disable Watchdog */
	hri_wdt_set_MR_WDDIS_bit(WDT);
  400ac2:	4819      	ldr	r0, [pc, #100]	; (400b28 <system_init+0x74>)
  400ac4:	4b19      	ldr	r3, [pc, #100]	; (400b2c <system_init+0x78>)
  400ac6:	4798      	blx	r3

	/* GPIO on PC15 */

	gpio_set_pin_level(Yeast_Off,
  400ac8:	2100      	movs	r1, #0
  400aca:	204f      	movs	r0, #79	; 0x4f
  400acc:	4b18      	ldr	r3, [pc, #96]	; (400b30 <system_init+0x7c>)
  400ace:	4798      	blx	r3
	                   // <false"> Low
	                   // <true"> High
	                   false);

	// Set pin direction to output
	gpio_set_pin_direction(Yeast_Off, GPIO_DIRECTION_OUT);
  400ad0:	2102      	movs	r1, #2
  400ad2:	204f      	movs	r0, #79	; 0x4f
  400ad4:	4b17      	ldr	r3, [pc, #92]	; (400b34 <system_init+0x80>)
  400ad6:	4798      	blx	r3

	gpio_set_pin_function(Yeast_Off, GPIO_PIN_FUNCTION_OFF);
  400ad8:	f04f 31ff 	mov.w	r1, #4294967295
  400adc:	204f      	movs	r0, #79	; 0x4f
  400ade:	4b16      	ldr	r3, [pc, #88]	; (400b38 <system_init+0x84>)
  400ae0:	4798      	blx	r3

	/* GPIO on PC22 */

	// Set pin direction to input
	gpio_set_pin_direction(Trans_Irq, GPIO_DIRECTION_IN);
  400ae2:	2101      	movs	r1, #1
  400ae4:	2056      	movs	r0, #86	; 0x56
  400ae6:	4b13      	ldr	r3, [pc, #76]	; (400b34 <system_init+0x80>)
  400ae8:	4798      	blx	r3

	gpio_set_pin_pull_mode(Trans_Irq,
  400aea:	2100      	movs	r1, #0
  400aec:	2056      	movs	r0, #86	; 0x56
  400aee:	4b13      	ldr	r3, [pc, #76]	; (400b3c <system_init+0x88>)
  400af0:	4798      	blx	r3
	                       // <GPIO_PULL_OFF"> Off
	                       // <GPIO_PULL_UP"> Pull-up
	                       // <GPIO_PULL_DOWN"> Pull-down
	                       GPIO_PULL_OFF);

	gpio_set_pin_function(Trans_Irq, GPIO_PIN_FUNCTION_OFF);
  400af2:	f04f 31ff 	mov.w	r1, #4294967295
  400af6:	2056      	movs	r0, #86	; 0x56
  400af8:	4b0f      	ldr	r3, [pc, #60]	; (400b38 <system_init+0x84>)
  400afa:	4798      	blx	r3

	gpio_set_pin_direction(LED0, GPIO_DIRECTION_OUT);
  400afc:	2102      	movs	r1, #2
  400afe:	2017      	movs	r0, #23
  400b00:	4b0c      	ldr	r3, [pc, #48]	; (400b34 <system_init+0x80>)
  400b02:	4798      	blx	r3

	gpio_set_pin_pull_mode(LED0, GPIO_PULL_UP);
  400b04:	2101      	movs	r1, #1
  400b06:	2017      	movs	r0, #23
  400b08:	4b0c      	ldr	r3, [pc, #48]	; (400b3c <system_init+0x88>)
  400b0a:	4798      	blx	r3

	MRAM_SPI_0_init();
  400b0c:	4b0c      	ldr	r3, [pc, #48]	; (400b40 <system_init+0x8c>)
  400b0e:	4798      	blx	r3

	Mas_I2C_0_init();
  400b10:	4b0c      	ldr	r3, [pc, #48]	; (400b44 <system_init+0x90>)
  400b12:	4798      	blx	r3

	Red_I2C_2_init();
  400b14:	4b0c      	ldr	r3, [pc, #48]	; (400b48 <system_init+0x94>)
  400b16:	4798      	blx	r3

	Debug_USART_0_init();
  400b18:	4b0c      	ldr	r3, [pc, #48]	; (400b4c <system_init+0x98>)
  400b1a:	4798      	blx	r3

	// LVDS_USART_1_init();

	// LVDS2_USART_2_init();
}
  400b1c:	bf00      	nop
  400b1e:	bd80      	pop	{r7, pc}
  400b20:	00400855 	.word	0x00400855
  400b24:	00400865 	.word	0x00400865
  400b28:	400e1850 	.word	0x400e1850
  400b2c:	004004d7 	.word	0x004004d7
  400b30:	0040081d 	.word	0x0040081d
  400b34:	004007e5 	.word	0x004007e5
  400b38:	004007c5 	.word	0x004007c5
  400b3c:	00400791 	.word	0x00400791
  400b40:	00400951 	.word	0x00400951
  400b44:	004009c5 	.word	0x004009c5
  400b48:	00400a21 	.word	0x00400a21
  400b4c:	00400a7d 	.word	0x00400a7d

00400b50 <hri_pio_set_ODSR_reg>:
{
  400b50:	b480      	push	{r7}
  400b52:	b083      	sub	sp, #12
  400b54:	af00      	add	r7, sp, #0
  400b56:	6078      	str	r0, [r7, #4]
  400b58:	6039      	str	r1, [r7, #0]
	((Pio *)hw)->PIO_SODR = mask;
  400b5a:	687b      	ldr	r3, [r7, #4]
  400b5c:	683a      	ldr	r2, [r7, #0]
  400b5e:	631a      	str	r2, [r3, #48]	; 0x30
}
  400b60:	bf00      	nop
  400b62:	370c      	adds	r7, #12
  400b64:	46bd      	mov	sp, r7
  400b66:	f85d 7b04 	ldr.w	r7, [sp], #4
  400b6a:	4770      	bx	lr

00400b6c <hri_pio_get_ODSR_reg>:
{
  400b6c:	b480      	push	{r7}
  400b6e:	b085      	sub	sp, #20
  400b70:	af00      	add	r7, sp, #0
  400b72:	6078      	str	r0, [r7, #4]
  400b74:	6039      	str	r1, [r7, #0]
	tmp = ((Pio *)hw)->PIO_ODSR;
  400b76:	687b      	ldr	r3, [r7, #4]
  400b78:	6b9b      	ldr	r3, [r3, #56]	; 0x38
  400b7a:	60fb      	str	r3, [r7, #12]
	tmp &= mask;
  400b7c:	68fa      	ldr	r2, [r7, #12]
  400b7e:	683b      	ldr	r3, [r7, #0]
  400b80:	4013      	ands	r3, r2
  400b82:	60fb      	str	r3, [r7, #12]
	return tmp;
  400b84:	68fb      	ldr	r3, [r7, #12]
}
  400b86:	4618      	mov	r0, r3
  400b88:	3714      	adds	r7, #20
  400b8a:	46bd      	mov	sp, r7
  400b8c:	f85d 7b04 	ldr.w	r7, [sp], #4
  400b90:	4770      	bx	lr

00400b92 <hri_pio_clear_ODSR_reg>:
{
  400b92:	b480      	push	{r7}
  400b94:	b083      	sub	sp, #12
  400b96:	af00      	add	r7, sp, #0
  400b98:	6078      	str	r0, [r7, #4]
  400b9a:	6039      	str	r1, [r7, #0]
	((Pio *)hw)->PIO_CODR = mask;
  400b9c:	687b      	ldr	r3, [r7, #4]
  400b9e:	683a      	ldr	r2, [r7, #0]
  400ba0:	635a      	str	r2, [r3, #52]	; 0x34
}
  400ba2:	bf00      	nop
  400ba4:	370c      	adds	r7, #12
  400ba6:	46bd      	mov	sp, r7
  400ba8:	f85d 7b04 	ldr.w	r7, [sp], #4
  400bac:	4770      	bx	lr
	...

00400bb0 <port_to_reg>:
{
  400bb0:	b480      	push	{r7}
  400bb2:	b083      	sub	sp, #12
  400bb4:	af00      	add	r7, sp, #0
  400bb6:	4603      	mov	r3, r0
  400bb8:	71fb      	strb	r3, [r7, #7]
	return (void *)((uint32_t)PIOA + port * 0x200);
  400bba:	79fb      	ldrb	r3, [r7, #7]
  400bbc:	025b      	lsls	r3, r3, #9
  400bbe:	461a      	mov	r2, r3
  400bc0:	4b03      	ldr	r3, [pc, #12]	; (400bd0 <port_to_reg+0x20>)
  400bc2:	4413      	add	r3, r2
}
  400bc4:	4618      	mov	r0, r3
  400bc6:	370c      	adds	r7, #12
  400bc8:	46bd      	mov	sp, r7
  400bca:	f85d 7b04 	ldr.w	r7, [sp], #4
  400bce:	4770      	bx	lr
  400bd0:	400e0e00 	.word	0x400e0e00

00400bd4 <_gpio_toggle_level>:
{
  400bd4:	b580      	push	{r7, lr}
  400bd6:	b086      	sub	sp, #24
  400bd8:	af00      	add	r7, sp, #0
  400bda:	4603      	mov	r3, r0
  400bdc:	6039      	str	r1, [r7, #0]
  400bde:	71fb      	strb	r3, [r7, #7]
	void *const hw = port_to_reg(port);
  400be0:	79fb      	ldrb	r3, [r7, #7]
  400be2:	4618      	mov	r0, r3
  400be4:	4b0c      	ldr	r3, [pc, #48]	; (400c18 <_gpio_toggle_level+0x44>)
  400be6:	4798      	blx	r3
  400be8:	6178      	str	r0, [r7, #20]
	bits_clear = hri_pio_get_ODSR_reg(hw, mask);
  400bea:	6839      	ldr	r1, [r7, #0]
  400bec:	6978      	ldr	r0, [r7, #20]
  400bee:	4b0b      	ldr	r3, [pc, #44]	; (400c1c <_gpio_toggle_level+0x48>)
  400bf0:	4798      	blx	r3
  400bf2:	6138      	str	r0, [r7, #16]
	bits_set   = (~bits_clear) & mask;
  400bf4:	693b      	ldr	r3, [r7, #16]
  400bf6:	43da      	mvns	r2, r3
  400bf8:	683b      	ldr	r3, [r7, #0]
  400bfa:	4013      	ands	r3, r2
  400bfc:	60fb      	str	r3, [r7, #12]
	hri_pio_set_ODSR_reg(hw, bits_set);
  400bfe:	68f9      	ldr	r1, [r7, #12]
  400c00:	6978      	ldr	r0, [r7, #20]
  400c02:	4b07      	ldr	r3, [pc, #28]	; (400c20 <_gpio_toggle_level+0x4c>)
  400c04:	4798      	blx	r3
	hri_pio_clear_ODSR_reg(hw, bits_clear);
  400c06:	6939      	ldr	r1, [r7, #16]
  400c08:	6978      	ldr	r0, [r7, #20]
  400c0a:	4b06      	ldr	r3, [pc, #24]	; (400c24 <_gpio_toggle_level+0x50>)
  400c0c:	4798      	blx	r3
}
  400c0e:	bf00      	nop
  400c10:	3718      	adds	r7, #24
  400c12:	46bd      	mov	sp, r7
  400c14:	bd80      	pop	{r7, pc}
  400c16:	bf00      	nop
  400c18:	00400bb1 	.word	0x00400bb1
  400c1c:	00400b6d 	.word	0x00400b6d
  400c20:	00400b51 	.word	0x00400b51
  400c24:	00400b93 	.word	0x00400b93

00400c28 <gpio_toggle_pin_level>:
 * Toggle the pin levels on pins defined by bit mask
 *
 * \param[in] pin       The pin number for device
 */
static inline void gpio_toggle_pin_level(const uint8_t pin)
{
  400c28:	b580      	push	{r7, lr}
  400c2a:	b082      	sub	sp, #8
  400c2c:	af00      	add	r7, sp, #0
  400c2e:	4603      	mov	r3, r0
  400c30:	71fb      	strb	r3, [r7, #7]
	_gpio_toggle_level((enum gpio_port)GPIO_PORT(pin), 1U << GPIO_PIN(pin));
  400c32:	79fb      	ldrb	r3, [r7, #7]
  400c34:	095b      	lsrs	r3, r3, #5
  400c36:	b2d8      	uxtb	r0, r3
  400c38:	79fb      	ldrb	r3, [r7, #7]
  400c3a:	f003 031f 	and.w	r3, r3, #31
  400c3e:	2201      	movs	r2, #1
  400c40:	fa02 f303 	lsl.w	r3, r2, r3
  400c44:	4619      	mov	r1, r3
  400c46:	4b03      	ldr	r3, [pc, #12]	; (400c54 <gpio_toggle_pin_level+0x2c>)
  400c48:	4798      	blx	r3
}
  400c4a:	bf00      	nop
  400c4c:	3708      	adds	r7, #8
  400c4e:	46bd      	mov	sp, r7
  400c50:	bd80      	pop	{r7, pc}
  400c52:	bf00      	nop
  400c54:	00400bd5 	.word	0x00400bd5

00400c58 <main>:
#include <atmel_start.h>
#include "hal_delay.h"
#include "atmel_start_pins.h"

int main(void)
{
  400c58:	b580      	push	{r7, lr}
  400c5a:	af00      	add	r7, sp, #0
	/* Initializes MCU, drivers and middleware */
	atmel_start_init();
  400c5c:	4b04      	ldr	r3, [pc, #16]	; (400c70 <main+0x18>)
  400c5e:	4798      	blx	r3

	/* Replace with your application code */
	while (1) {
		gpio_toggle_pin_level(LED0);
  400c60:	2017      	movs	r0, #23
  400c62:	4b04      	ldr	r3, [pc, #16]	; (400c74 <main+0x1c>)
  400c64:	4798      	blx	r3
		delay_ms(100);
  400c66:	2064      	movs	r0, #100	; 0x64
  400c68:	4b03      	ldr	r3, [pc, #12]	; (400c78 <main+0x20>)
  400c6a:	4798      	blx	r3
		gpio_toggle_pin_level(LED0);
  400c6c:	e7f8      	b.n	400c60 <main+0x8>
  400c6e:	bf00      	nop
  400c70:	004001d5 	.word	0x004001d5
  400c74:	00400c29 	.word	0x00400c29
  400c78:	00400cc9 	.word	0x00400cc9

00400c7c <atomic_enter_critical>:

/**
 * \brief Disable interrupts, enter critical section
 */
void atomic_enter_critical(hal_atomic_t volatile *atomic)
{
  400c7c:	b480      	push	{r7}
  400c7e:	b085      	sub	sp, #20
  400c80:	af00      	add	r7, sp, #0
  400c82:	6078      	str	r0, [r7, #4]
 */
__STATIC_FORCEINLINE uint32_t __get_PRIMASK(void)
{
  uint32_t result;

  __ASM volatile ("MRS %0, primask" : "=r" (result) :: "memory");
  400c84:	f3ef 8310 	mrs	r3, PRIMASK
  400c88:	60fb      	str	r3, [r7, #12]
  return(result);
  400c8a:	68fa      	ldr	r2, [r7, #12]
	*atomic = __get_PRIMASK();
  400c8c:	687b      	ldr	r3, [r7, #4]
  400c8e:	601a      	str	r2, [r3, #0]
  __ASM volatile ("cpsid i" : : : "memory");
  400c90:	b672      	cpsid	i
  \details Ensures the apparent order of the explicit memory operations before
           and after the instruction, without ensuring their completion.
 */
__STATIC_FORCEINLINE void __DMB(void)
{
  __ASM volatile ("dmb 0xF":::"memory");
  400c92:	f3bf 8f5f 	dmb	sy
	__disable_irq();
	__DMB();
}
  400c96:	bf00      	nop
  400c98:	3714      	adds	r7, #20
  400c9a:	46bd      	mov	sp, r7
  400c9c:	f85d 7b04 	ldr.w	r7, [sp], #4
  400ca0:	4770      	bx	lr

00400ca2 <atomic_leave_critical>:

/**
 * \brief Exit atomic section
 */
void atomic_leave_critical(hal_atomic_t volatile *atomic)
{
  400ca2:	b480      	push	{r7}
  400ca4:	b085      	sub	sp, #20
  400ca6:	af00      	add	r7, sp, #0
  400ca8:	6078      	str	r0, [r7, #4]
  400caa:	f3bf 8f5f 	dmb	sy
	__DMB();
	__set_PRIMASK(*atomic);
  400cae:	687b      	ldr	r3, [r7, #4]
  400cb0:	681b      	ldr	r3, [r3, #0]
  400cb2:	60fb      	str	r3, [r7, #12]
  __ASM volatile ("MSR primask, %0" : : "r" (priMask) : "memory");
  400cb4:	68fb      	ldr	r3, [r7, #12]
  400cb6:	f383 8810 	msr	PRIMASK, r3
}
  400cba:	bf00      	nop
  400cbc:	3714      	adds	r7, #20
  400cbe:	46bd      	mov	sp, r7
  400cc0:	f85d 7b04 	ldr.w	r7, [sp], #4
  400cc4:	4770      	bx	lr
	...

00400cc8 <delay_ms>:

/**
 * \brief Perform delay in ms
 */
void delay_ms(const uint16_t ms)
{
  400cc8:	b590      	push	{r4, r7, lr}
  400cca:	b083      	sub	sp, #12
  400ccc:	af00      	add	r7, sp, #0
  400cce:	4603      	mov	r3, r0
  400cd0:	80fb      	strh	r3, [r7, #6]
	_delay_cycles(hardware, _get_cycles_for_ms(ms));
  400cd2:	4b07      	ldr	r3, [pc, #28]	; (400cf0 <delay_ms+0x28>)
  400cd4:	681c      	ldr	r4, [r3, #0]
  400cd6:	88fb      	ldrh	r3, [r7, #6]
  400cd8:	4618      	mov	r0, r3
  400cda:	4b06      	ldr	r3, [pc, #24]	; (400cf4 <delay_ms+0x2c>)
  400cdc:	4798      	blx	r3
  400cde:	4603      	mov	r3, r0
  400ce0:	4619      	mov	r1, r3
  400ce2:	4620      	mov	r0, r4
  400ce4:	4b04      	ldr	r3, [pc, #16]	; (400cf8 <delay_ms+0x30>)
  400ce6:	4798      	blx	r3
}
  400ce8:	bf00      	nop
  400cea:	370c      	adds	r7, #12
  400cec:	46bd      	mov	sp, r7
  400cee:	bd90      	pop	{r4, r7, pc}
  400cf0:	20400040 	.word	0x20400040
  400cf4:	004012a5 	.word	0x004012a5
  400cf8:	004012cd 	.word	0x004012cd

00400cfc <i2c_m_sync_read>:

/**
 * \brief Sync version of I2C I/O read
 */
static int32_t i2c_m_sync_read(struct io_descriptor *io, uint8_t *buf, const uint16_t n)
{
  400cfc:	b580      	push	{r7, lr}
  400cfe:	b08a      	sub	sp, #40	; 0x28
  400d00:	af00      	add	r7, sp, #0
  400d02:	60f8      	str	r0, [r7, #12]
  400d04:	60b9      	str	r1, [r7, #8]
  400d06:	4613      	mov	r3, r2
  400d08:	80fb      	strh	r3, [r7, #6]
	struct i2c_m_sync_desc *i2c = CONTAINER_OF(io, struct i2c_m_sync_desc, io);
  400d0a:	68fb      	ldr	r3, [r7, #12]
  400d0c:	3b14      	subs	r3, #20
  400d0e:	627b      	str	r3, [r7, #36]	; 0x24
	struct _i2c_m_msg       msg;
	int32_t                 ret;

	msg.addr   = i2c->slave_addr;
  400d10:	6a7b      	ldr	r3, [r7, #36]	; 0x24
  400d12:	8b9b      	ldrh	r3, [r3, #28]
  400d14:	82bb      	strh	r3, [r7, #20]
	msg.len    = n;
  400d16:	88fb      	ldrh	r3, [r7, #6]
  400d18:	61bb      	str	r3, [r7, #24]
	msg.flags  = I2C_M_STOP | I2C_M_RD;
  400d1a:	f248 0301 	movw	r3, #32769	; 0x8001
  400d1e:	82fb      	strh	r3, [r7, #22]
	msg.buffer = buf;
  400d20:	68bb      	ldr	r3, [r7, #8]
  400d22:	61fb      	str	r3, [r7, #28]

	ret = _i2c_m_sync_transfer(&i2c->device, &msg);
  400d24:	6a7b      	ldr	r3, [r7, #36]	; 0x24
  400d26:	f107 0214 	add.w	r2, r7, #20
  400d2a:	4611      	mov	r1, r2
  400d2c:	4618      	mov	r0, r3
  400d2e:	4b06      	ldr	r3, [pc, #24]	; (400d48 <i2c_m_sync_read+0x4c>)
  400d30:	4798      	blx	r3
  400d32:	6238      	str	r0, [r7, #32]

	if (ret) {
  400d34:	6a3b      	ldr	r3, [r7, #32]
  400d36:	2b00      	cmp	r3, #0
  400d38:	d001      	beq.n	400d3e <i2c_m_sync_read+0x42>
		return ret;
  400d3a:	6a3b      	ldr	r3, [r7, #32]
  400d3c:	e000      	b.n	400d40 <i2c_m_sync_read+0x44>
	}

	return n;
  400d3e:	88fb      	ldrh	r3, [r7, #6]
}
  400d40:	4618      	mov	r0, r3
  400d42:	3728      	adds	r7, #40	; 0x28
  400d44:	46bd      	mov	sp, r7
  400d46:	bd80      	pop	{r7, pc}
  400d48:	00401df1 	.word	0x00401df1

00400d4c <i2c_m_sync_write>:

/**
 * \brief Sync version of I2C I/O write
 */
static int32_t i2c_m_sync_write(struct io_descriptor *io, const uint8_t *buf, const uint16_t n)
{
  400d4c:	b580      	push	{r7, lr}
  400d4e:	b08a      	sub	sp, #40	; 0x28
  400d50:	af00      	add	r7, sp, #0
  400d52:	60f8      	str	r0, [r7, #12]
  400d54:	60b9      	str	r1, [r7, #8]
  400d56:	4613      	mov	r3, r2
  400d58:	80fb      	strh	r3, [r7, #6]
	struct i2c_m_sync_desc *i2c = CONTAINER_OF(io, struct i2c_m_sync_desc, io);
  400d5a:	68fb      	ldr	r3, [r7, #12]
  400d5c:	3b14      	subs	r3, #20
  400d5e:	627b      	str	r3, [r7, #36]	; 0x24
	struct _i2c_m_msg       msg;
	int32_t                 ret;

	msg.addr   = i2c->slave_addr;
  400d60:	6a7b      	ldr	r3, [r7, #36]	; 0x24
  400d62:	8b9b      	ldrh	r3, [r3, #28]
  400d64:	82bb      	strh	r3, [r7, #20]
	msg.len    = n;
  400d66:	88fb      	ldrh	r3, [r7, #6]
  400d68:	61bb      	str	r3, [r7, #24]
	msg.flags  = I2C_M_STOP;
  400d6a:	f44f 4300 	mov.w	r3, #32768	; 0x8000
  400d6e:	82fb      	strh	r3, [r7, #22]
	msg.buffer = (uint8_t *)buf;
  400d70:	68bb      	ldr	r3, [r7, #8]
  400d72:	61fb      	str	r3, [r7, #28]

	ret = _i2c_m_sync_transfer(&i2c->device, &msg);
  400d74:	6a7b      	ldr	r3, [r7, #36]	; 0x24
  400d76:	f107 0214 	add.w	r2, r7, #20
  400d7a:	4611      	mov	r1, r2
  400d7c:	4618      	mov	r0, r3
  400d7e:	4b06      	ldr	r3, [pc, #24]	; (400d98 <i2c_m_sync_write+0x4c>)
  400d80:	4798      	blx	r3
  400d82:	6238      	str	r0, [r7, #32]

	if (ret) {
  400d84:	6a3b      	ldr	r3, [r7, #32]
  400d86:	2b00      	cmp	r3, #0
  400d88:	d001      	beq.n	400d8e <i2c_m_sync_write+0x42>
		return ret;
  400d8a:	6a3b      	ldr	r3, [r7, #32]
  400d8c:	e000      	b.n	400d90 <i2c_m_sync_write+0x44>
	}

	return n;
  400d8e:	88fb      	ldrh	r3, [r7, #6]
}
  400d90:	4618      	mov	r0, r3
  400d92:	3728      	adds	r7, #40	; 0x28
  400d94:	46bd      	mov	sp, r7
  400d96:	bd80      	pop	{r7, pc}
  400d98:	00401df1 	.word	0x00401df1

00400d9c <i2c_m_sync_init>:

/**
 * \brief Sync version of i2c initialize
 */
int32_t i2c_m_sync_init(struct i2c_m_sync_desc *i2c, void *hw)
{
  400d9c:	b580      	push	{r7, lr}
  400d9e:	b084      	sub	sp, #16
  400da0:	af00      	add	r7, sp, #0
  400da2:	6078      	str	r0, [r7, #4]
  400da4:	6039      	str	r1, [r7, #0]
	int32_t init_status;
	ASSERT(i2c);
  400da6:	687b      	ldr	r3, [r7, #4]
  400da8:	2b00      	cmp	r3, #0
  400daa:	bf14      	ite	ne
  400dac:	2301      	movne	r3, #1
  400dae:	2300      	moveq	r3, #0
  400db0:	b2db      	uxtb	r3, r3
  400db2:	225e      	movs	r2, #94	; 0x5e
  400db4:	490c      	ldr	r1, [pc, #48]	; (400de8 <i2c_m_sync_init+0x4c>)
  400db6:	4618      	mov	r0, r3
  400db8:	4b0c      	ldr	r3, [pc, #48]	; (400dec <i2c_m_sync_init+0x50>)
  400dba:	4798      	blx	r3

	init_status = _i2c_m_sync_init(&i2c->device, hw);
  400dbc:	687b      	ldr	r3, [r7, #4]
  400dbe:	6839      	ldr	r1, [r7, #0]
  400dc0:	4618      	mov	r0, r3
  400dc2:	4b0b      	ldr	r3, [pc, #44]	; (400df0 <i2c_m_sync_init+0x54>)
  400dc4:	4798      	blx	r3
  400dc6:	60f8      	str	r0, [r7, #12]
	if (init_status) {
  400dc8:	68fb      	ldr	r3, [r7, #12]
  400dca:	2b00      	cmp	r3, #0
  400dcc:	d001      	beq.n	400dd2 <i2c_m_sync_init+0x36>
		return init_status;
  400dce:	68fb      	ldr	r3, [r7, #12]
  400dd0:	e006      	b.n	400de0 <i2c_m_sync_init+0x44>
	}

	/* Init I/O */
	i2c->io.read  = i2c_m_sync_read;
  400dd2:	687b      	ldr	r3, [r7, #4]
  400dd4:	4a07      	ldr	r2, [pc, #28]	; (400df4 <i2c_m_sync_init+0x58>)
  400dd6:	619a      	str	r2, [r3, #24]
	i2c->io.write = i2c_m_sync_write;
  400dd8:	687b      	ldr	r3, [r7, #4]
  400dda:	4a07      	ldr	r2, [pc, #28]	; (400df8 <i2c_m_sync_init+0x5c>)
  400ddc:	615a      	str	r2, [r3, #20]

	return ERR_NONE;
  400dde:	2300      	movs	r3, #0
}
  400de0:	4618      	mov	r0, r3
  400de2:	3710      	adds	r7, #16
  400de4:	46bd      	mov	sp, r7
  400de6:	bd80      	pop	{r7, pc}
  400de8:	004025ec 	.word	0x004025ec
  400dec:	00401195 	.word	0x00401195
  400df0:	00401d4d 	.word	0x00401d4d
  400df4:	00400cfd 	.word	0x00400cfd
  400df8:	00400d4d 	.word	0x00400d4d

00400dfc <spi_m_sync_set_func_ptr>:

/**
 *  \brief Initialize the SPI HAL instance function pointer for HPL APIs.
 */
void spi_m_sync_set_func_ptr(struct spi_m_sync_descriptor *spi, void *const func)
{
  400dfc:	b580      	push	{r7, lr}
  400dfe:	b082      	sub	sp, #8
  400e00:	af00      	add	r7, sp, #0
  400e02:	6078      	str	r0, [r7, #4]
  400e04:	6039      	str	r1, [r7, #0]
	ASSERT(spi);
  400e06:	687b      	ldr	r3, [r7, #4]
  400e08:	2b00      	cmp	r3, #0
  400e0a:	bf14      	ite	ne
  400e0c:	2301      	movne	r3, #1
  400e0e:	2300      	moveq	r3, #0
  400e10:	b2db      	uxtb	r3, r3
  400e12:	2239      	movs	r2, #57	; 0x39
  400e14:	4905      	ldr	r1, [pc, #20]	; (400e2c <spi_m_sync_set_func_ptr+0x30>)
  400e16:	4618      	mov	r0, r3
  400e18:	4b05      	ldr	r3, [pc, #20]	; (400e30 <spi_m_sync_set_func_ptr+0x34>)
  400e1a:	4798      	blx	r3
	spi->func = (struct _spi_m_sync_hpl_interface *)func;
  400e1c:	687b      	ldr	r3, [r7, #4]
  400e1e:	683a      	ldr	r2, [r7, #0]
  400e20:	601a      	str	r2, [r3, #0]
}
  400e22:	bf00      	nop
  400e24:	3708      	adds	r7, #8
  400e26:	46bd      	mov	sp, r7
  400e28:	bd80      	pop	{r7, pc}
  400e2a:	bf00      	nop
  400e2c:	00402620 	.word	0x00402620
  400e30:	00401195 	.word	0x00401195

00400e34 <spi_m_sync_init>:

int32_t spi_m_sync_init(struct spi_m_sync_descriptor *spi, void *const hw)
{
  400e34:	b580      	push	{r7, lr}
  400e36:	b084      	sub	sp, #16
  400e38:	af00      	add	r7, sp, #0
  400e3a:	6078      	str	r0, [r7, #4]
  400e3c:	6039      	str	r1, [r7, #0]
	int32_t rc = 0;
  400e3e:	2300      	movs	r3, #0
  400e40:	60fb      	str	r3, [r7, #12]
	ASSERT(spi && hw);
  400e42:	687b      	ldr	r3, [r7, #4]
  400e44:	2b00      	cmp	r3, #0
  400e46:	d004      	beq.n	400e52 <spi_m_sync_init+0x1e>
  400e48:	683b      	ldr	r3, [r7, #0]
  400e4a:	2b00      	cmp	r3, #0
  400e4c:	d001      	beq.n	400e52 <spi_m_sync_init+0x1e>
  400e4e:	2301      	movs	r3, #1
  400e50:	e000      	b.n	400e54 <spi_m_sync_init+0x20>
  400e52:	2300      	movs	r3, #0
  400e54:	f003 0301 	and.w	r3, r3, #1
  400e58:	b2db      	uxtb	r3, r3
  400e5a:	2240      	movs	r2, #64	; 0x40
  400e5c:	4910      	ldr	r1, [pc, #64]	; (400ea0 <spi_m_sync_init+0x6c>)
  400e5e:	4618      	mov	r0, r3
  400e60:	4b10      	ldr	r3, [pc, #64]	; (400ea4 <spi_m_sync_init+0x70>)
  400e62:	4798      	blx	r3
	spi->dev.prvt = (void *)hw;
  400e64:	687b      	ldr	r3, [r7, #4]
  400e66:	683a      	ldr	r2, [r7, #0]
  400e68:	605a      	str	r2, [r3, #4]
	rc            = _spi_m_sync_init(&spi->dev, hw);
  400e6a:	687b      	ldr	r3, [r7, #4]
  400e6c:	3304      	adds	r3, #4
  400e6e:	6839      	ldr	r1, [r7, #0]
  400e70:	4618      	mov	r0, r3
  400e72:	4b0d      	ldr	r3, [pc, #52]	; (400ea8 <spi_m_sync_init+0x74>)
  400e74:	4798      	blx	r3
  400e76:	60f8      	str	r0, [r7, #12]

	if (rc < 0) {
  400e78:	68fb      	ldr	r3, [r7, #12]
  400e7a:	2b00      	cmp	r3, #0
  400e7c:	da01      	bge.n	400e82 <spi_m_sync_init+0x4e>
		return rc;
  400e7e:	68fb      	ldr	r3, [r7, #12]
  400e80:	e00a      	b.n	400e98 <spi_m_sync_init+0x64>
	}

	spi->flags    = SPI_DEACTIVATE_NEXT;
  400e82:	687b      	ldr	r3, [r7, #4]
  400e84:	f44f 4200 	mov.w	r2, #32768	; 0x8000
  400e88:	829a      	strh	r2, [r3, #20]
	spi->io.read  = _spi_m_sync_io_read;
  400e8a:	687b      	ldr	r3, [r7, #4]
  400e8c:	4a07      	ldr	r2, [pc, #28]	; (400eac <spi_m_sync_init+0x78>)
  400e8e:	611a      	str	r2, [r3, #16]
	spi->io.write = _spi_m_sync_io_write;
  400e90:	687b      	ldr	r3, [r7, #4]
  400e92:	4a07      	ldr	r2, [pc, #28]	; (400eb0 <spi_m_sync_init+0x7c>)
  400e94:	60da      	str	r2, [r3, #12]

	return ERR_NONE;
  400e96:	2300      	movs	r3, #0
}
  400e98:	4618      	mov	r0, r3
  400e9a:	3710      	adds	r7, #16
  400e9c:	46bd      	mov	sp, r7
  400e9e:	bd80      	pop	{r7, pc}
  400ea0:	00402620 	.word	0x00402620
  400ea4:	00401195 	.word	0x00401195
  400ea8:	0040183d 	.word	0x0040183d
  400eac:	00400eb5 	.word	0x00400eb5
  400eb0:	00400f0d 	.word	0x00400f0d

00400eb4 <_spi_m_sync_io_read>:
 *  \return Operation status.
 *  \retval size Success.
 *  \retval >=0 Time out, with number of characters read.
 */
static int32_t _spi_m_sync_io_read(struct io_descriptor *io, uint8_t *buf, const uint16_t length)
{
  400eb4:	b580      	push	{r7, lr}
  400eb6:	b088      	sub	sp, #32
  400eb8:	af00      	add	r7, sp, #0
  400eba:	60f8      	str	r0, [r7, #12]
  400ebc:	60b9      	str	r1, [r7, #8]
  400ebe:	4613      	mov	r3, r2
  400ec0:	80fb      	strh	r3, [r7, #6]
	ASSERT(io);
  400ec2:	68fb      	ldr	r3, [r7, #12]
  400ec4:	2b00      	cmp	r3, #0
  400ec6:	bf14      	ite	ne
  400ec8:	2301      	movne	r3, #1
  400eca:	2300      	moveq	r3, #0
  400ecc:	b2db      	uxtb	r3, r3
  400ece:	2287      	movs	r2, #135	; 0x87
  400ed0:	490b      	ldr	r1, [pc, #44]	; (400f00 <_spi_m_sync_io_read+0x4c>)
  400ed2:	4618      	mov	r0, r3
  400ed4:	4b0b      	ldr	r3, [pc, #44]	; (400f04 <_spi_m_sync_io_read+0x50>)
  400ed6:	4798      	blx	r3

	struct spi_m_sync_descriptor *spi = CONTAINER_OF(io, struct spi_m_sync_descriptor, io);
  400ed8:	68fb      	ldr	r3, [r7, #12]
  400eda:	3b0c      	subs	r3, #12
  400edc:	61fb      	str	r3, [r7, #28]
	struct spi_xfer               xfer;

	xfer.rxbuf = buf;
  400ede:	68bb      	ldr	r3, [r7, #8]
  400ee0:	617b      	str	r3, [r7, #20]
	xfer.txbuf = 0;
  400ee2:	2300      	movs	r3, #0
  400ee4:	613b      	str	r3, [r7, #16]
	xfer.size  = length;
  400ee6:	88fb      	ldrh	r3, [r7, #6]
  400ee8:	61bb      	str	r3, [r7, #24]

	return spi_m_sync_transfer(spi, &xfer);
  400eea:	f107 0310 	add.w	r3, r7, #16
  400eee:	4619      	mov	r1, r3
  400ef0:	69f8      	ldr	r0, [r7, #28]
  400ef2:	4b05      	ldr	r3, [pc, #20]	; (400f08 <_spi_m_sync_io_read+0x54>)
  400ef4:	4798      	blx	r3
  400ef6:	4603      	mov	r3, r0
}
  400ef8:	4618      	mov	r0, r3
  400efa:	3720      	adds	r7, #32
  400efc:	46bd      	mov	sp, r7
  400efe:	bd80      	pop	{r7, pc}
  400f00:	00402620 	.word	0x00402620
  400f04:	00401195 	.word	0x00401195
  400f08:	00400f65 	.word	0x00400f65

00400f0c <_spi_m_sync_io_write>:
 *  \return Operation status.
 *  \retval size Success.
 *  \retval >=0 Timeout, with number of characters transferred.
 */
static int32_t _spi_m_sync_io_write(struct io_descriptor *const io, const uint8_t *const buf, const uint16_t length)
{
  400f0c:	b580      	push	{r7, lr}
  400f0e:	b088      	sub	sp, #32
  400f10:	af00      	add	r7, sp, #0
  400f12:	60f8      	str	r0, [r7, #12]
  400f14:	60b9      	str	r1, [r7, #8]
  400f16:	4613      	mov	r3, r2
  400f18:	80fb      	strh	r3, [r7, #6]
	ASSERT(io);
  400f1a:	68fb      	ldr	r3, [r7, #12]
  400f1c:	2b00      	cmp	r3, #0
  400f1e:	bf14      	ite	ne
  400f20:	2301      	movne	r3, #1
  400f22:	2300      	moveq	r3, #0
  400f24:	b2db      	uxtb	r3, r3
  400f26:	22a3      	movs	r2, #163	; 0xa3
  400f28:	490b      	ldr	r1, [pc, #44]	; (400f58 <_spi_m_sync_io_write+0x4c>)
  400f2a:	4618      	mov	r0, r3
  400f2c:	4b0b      	ldr	r3, [pc, #44]	; (400f5c <_spi_m_sync_io_write+0x50>)
  400f2e:	4798      	blx	r3

	struct spi_m_sync_descriptor *spi = CONTAINER_OF(io, struct spi_m_sync_descriptor, io);
  400f30:	68fb      	ldr	r3, [r7, #12]
  400f32:	3b0c      	subs	r3, #12
  400f34:	61fb      	str	r3, [r7, #28]
	struct spi_xfer               xfer;

	xfer.rxbuf = 0;
  400f36:	2300      	movs	r3, #0
  400f38:	617b      	str	r3, [r7, #20]
	xfer.txbuf = (uint8_t *)buf;
  400f3a:	68bb      	ldr	r3, [r7, #8]
  400f3c:	613b      	str	r3, [r7, #16]
	xfer.size  = length;
  400f3e:	88fb      	ldrh	r3, [r7, #6]
  400f40:	61bb      	str	r3, [r7, #24]

	return spi_m_sync_transfer(spi, &xfer);
  400f42:	f107 0310 	add.w	r3, r7, #16
  400f46:	4619      	mov	r1, r3
  400f48:	69f8      	ldr	r0, [r7, #28]
  400f4a:	4b05      	ldr	r3, [pc, #20]	; (400f60 <_spi_m_sync_io_write+0x54>)
  400f4c:	4798      	blx	r3
  400f4e:	4603      	mov	r3, r0
}
  400f50:	4618      	mov	r0, r3
  400f52:	3720      	adds	r7, #32
  400f54:	46bd      	mov	sp, r7
  400f56:	bd80      	pop	{r7, pc}
  400f58:	00402620 	.word	0x00402620
  400f5c:	00401195 	.word	0x00401195
  400f60:	00400f65 	.word	0x00400f65

00400f64 <spi_m_sync_transfer>:

int32_t spi_m_sync_transfer(struct spi_m_sync_descriptor *spi, const struct spi_xfer *p_xfer)
{
  400f64:	b580      	push	{r7, lr}
  400f66:	b086      	sub	sp, #24
  400f68:	af00      	add	r7, sp, #0
  400f6a:	6078      	str	r0, [r7, #4]
  400f6c:	6039      	str	r1, [r7, #0]
	struct spi_msg msg;

	ASSERT(spi && p_xfer);
  400f6e:	687b      	ldr	r3, [r7, #4]
  400f70:	2b00      	cmp	r3, #0
  400f72:	d004      	beq.n	400f7e <spi_m_sync_transfer+0x1a>
  400f74:	683b      	ldr	r3, [r7, #0]
  400f76:	2b00      	cmp	r3, #0
  400f78:	d001      	beq.n	400f7e <spi_m_sync_transfer+0x1a>
  400f7a:	2301      	movs	r3, #1
  400f7c:	e000      	b.n	400f80 <spi_m_sync_transfer+0x1c>
  400f7e:	2300      	movs	r3, #0
  400f80:	f003 0301 	and.w	r3, r3, #1
  400f84:	b2db      	uxtb	r3, r3
  400f86:	22b3      	movs	r2, #179	; 0xb3
  400f88:	490c      	ldr	r1, [pc, #48]	; (400fbc <spi_m_sync_transfer+0x58>)
  400f8a:	4618      	mov	r0, r3
  400f8c:	4b0c      	ldr	r3, [pc, #48]	; (400fc0 <spi_m_sync_transfer+0x5c>)
  400f8e:	4798      	blx	r3

	msg.txbuf = p_xfer->txbuf;
  400f90:	683b      	ldr	r3, [r7, #0]
  400f92:	681b      	ldr	r3, [r3, #0]
  400f94:	60fb      	str	r3, [r7, #12]
	msg.rxbuf = p_xfer->rxbuf;
  400f96:	683b      	ldr	r3, [r7, #0]
  400f98:	685b      	ldr	r3, [r3, #4]
  400f9a:	613b      	str	r3, [r7, #16]
	msg.size  = p_xfer->size;
  400f9c:	683b      	ldr	r3, [r7, #0]
  400f9e:	689b      	ldr	r3, [r3, #8]
  400fa0:	617b      	str	r3, [r7, #20]
	return _spi_m_sync_trans(&spi->dev, &msg);
  400fa2:	687b      	ldr	r3, [r7, #4]
  400fa4:	3304      	adds	r3, #4
  400fa6:	f107 020c 	add.w	r2, r7, #12
  400faa:	4611      	mov	r1, r2
  400fac:	4618      	mov	r0, r3
  400fae:	4b05      	ldr	r3, [pc, #20]	; (400fc4 <spi_m_sync_transfer+0x60>)
  400fb0:	4798      	blx	r3
  400fb2:	4603      	mov	r3, r0
}
  400fb4:	4618      	mov	r0, r3
  400fb6:	3718      	adds	r7, #24
  400fb8:	46bd      	mov	sp, r7
  400fba:	bd80      	pop	{r7, pc}
  400fbc:	00402620 	.word	0x00402620
  400fc0:	00401195 	.word	0x00401195
  400fc4:	00401a81 	.word	0x00401a81

00400fc8 <usart_sync_init>:

/**
 * \brief Initialize usart interface
 */
int32_t usart_sync_init(struct usart_sync_descriptor *const descr, void *const hw, void *const func)
{
  400fc8:	b580      	push	{r7, lr}
  400fca:	b086      	sub	sp, #24
  400fcc:	af00      	add	r7, sp, #0
  400fce:	60f8      	str	r0, [r7, #12]
  400fd0:	60b9      	str	r1, [r7, #8]
  400fd2:	607a      	str	r2, [r7, #4]
	int32_t init_status;
	ASSERT(descr && hw);
  400fd4:	68fb      	ldr	r3, [r7, #12]
  400fd6:	2b00      	cmp	r3, #0
  400fd8:	d004      	beq.n	400fe4 <usart_sync_init+0x1c>
  400fda:	68bb      	ldr	r3, [r7, #8]
  400fdc:	2b00      	cmp	r3, #0
  400fde:	d001      	beq.n	400fe4 <usart_sync_init+0x1c>
  400fe0:	2301      	movs	r3, #1
  400fe2:	e000      	b.n	400fe6 <usart_sync_init+0x1e>
  400fe4:	2300      	movs	r3, #0
  400fe6:	f003 0301 	and.w	r3, r3, #1
  400fea:	b2db      	uxtb	r3, r3
  400fec:	2234      	movs	r2, #52	; 0x34
  400fee:	490d      	ldr	r1, [pc, #52]	; (401024 <usart_sync_init+0x5c>)
  400ff0:	4618      	mov	r0, r3
  400ff2:	4b0d      	ldr	r3, [pc, #52]	; (401028 <usart_sync_init+0x60>)
  400ff4:	4798      	blx	r3
	init_status = _usart_sync_init(&descr->device, hw);
  400ff6:	68fb      	ldr	r3, [r7, #12]
  400ff8:	3308      	adds	r3, #8
  400ffa:	68b9      	ldr	r1, [r7, #8]
  400ffc:	4618      	mov	r0, r3
  400ffe:	4b0b      	ldr	r3, [pc, #44]	; (40102c <usart_sync_init+0x64>)
  401000:	4798      	blx	r3
  401002:	6178      	str	r0, [r7, #20]
	if (init_status) {
  401004:	697b      	ldr	r3, [r7, #20]
  401006:	2b00      	cmp	r3, #0
  401008:	d001      	beq.n	40100e <usart_sync_init+0x46>
		return init_status;
  40100a:	697b      	ldr	r3, [r7, #20]
  40100c:	e006      	b.n	40101c <usart_sync_init+0x54>
	}

	descr->io.read  = usart_sync_read;
  40100e:	68fb      	ldr	r3, [r7, #12]
  401010:	4a07      	ldr	r2, [pc, #28]	; (401030 <usart_sync_init+0x68>)
  401012:	605a      	str	r2, [r3, #4]
	descr->io.write = usart_sync_write;
  401014:	68fb      	ldr	r3, [r7, #12]
  401016:	4a07      	ldr	r2, [pc, #28]	; (401034 <usart_sync_init+0x6c>)
  401018:	601a      	str	r2, [r3, #0]

	return ERR_NONE;
  40101a:	2300      	movs	r3, #0
}
  40101c:	4618      	mov	r0, r3
  40101e:	3718      	adds	r7, #24
  401020:	46bd      	mov	sp, r7
  401022:	bd80      	pop	{r7, pc}
  401024:	00402654 	.word	0x00402654
  401028:	00401195 	.word	0x00401195
  40102c:	00402219 	.word	0x00402219
  401030:	00401101 	.word	0x00401101
  401034:	00401039 	.word	0x00401039

00401038 <usart_sync_write>:
 * \param[in] length The number of bytes to write
 *
 * \return The number of bytes written.
 */
static int32_t usart_sync_write(struct io_descriptor *const io_descr, const uint8_t *const buf, const uint16_t length)
{
  401038:	b580      	push	{r7, lr}
  40103a:	b086      	sub	sp, #24
  40103c:	af00      	add	r7, sp, #0
  40103e:	60f8      	str	r0, [r7, #12]
  401040:	60b9      	str	r1, [r7, #8]
  401042:	4613      	mov	r3, r2
  401044:	80fb      	strh	r3, [r7, #6]
	uint32_t                      offset = 0;
  401046:	2300      	movs	r3, #0
  401048:	617b      	str	r3, [r7, #20]
	struct usart_sync_descriptor *descr  = CONTAINER_OF(io_descr, struct usart_sync_descriptor, io);
  40104a:	68fb      	ldr	r3, [r7, #12]
  40104c:	613b      	str	r3, [r7, #16]

	ASSERT(io_descr && buf && length);
  40104e:	68fb      	ldr	r3, [r7, #12]
  401050:	2b00      	cmp	r3, #0
  401052:	d007      	beq.n	401064 <usart_sync_write+0x2c>
  401054:	68bb      	ldr	r3, [r7, #8]
  401056:	2b00      	cmp	r3, #0
  401058:	d004      	beq.n	401064 <usart_sync_write+0x2c>
  40105a:	88fb      	ldrh	r3, [r7, #6]
  40105c:	2b00      	cmp	r3, #0
  40105e:	d001      	beq.n	401064 <usart_sync_write+0x2c>
  401060:	2301      	movs	r3, #1
  401062:	e000      	b.n	401066 <usart_sync_write+0x2e>
  401064:	2300      	movs	r3, #0
  401066:	f003 0301 	and.w	r3, r3, #1
  40106a:	b2db      	uxtb	r3, r3
  40106c:	22f1      	movs	r2, #241	; 0xf1
  40106e:	491f      	ldr	r1, [pc, #124]	; (4010ec <usart_sync_write+0xb4>)
  401070:	4618      	mov	r0, r3
  401072:	4b1f      	ldr	r3, [pc, #124]	; (4010f0 <usart_sync_write+0xb8>)
  401074:	4798      	blx	r3
	while (!_usart_sync_is_ready_to_send(&descr->device))
  401076:	bf00      	nop
  401078:	693b      	ldr	r3, [r7, #16]
  40107a:	3308      	adds	r3, #8
  40107c:	4618      	mov	r0, r3
  40107e:	4b1d      	ldr	r3, [pc, #116]	; (4010f4 <usart_sync_write+0xbc>)
  401080:	4798      	blx	r3
  401082:	4603      	mov	r3, r0
  401084:	f083 0301 	eor.w	r3, r3, #1
  401088:	b2db      	uxtb	r3, r3
  40108a:	2b00      	cmp	r3, #0
  40108c:	d1f4      	bne.n	401078 <usart_sync_write+0x40>
		;
	do {
		_usart_sync_write_byte(&descr->device, buf[offset]);
  40108e:	693b      	ldr	r3, [r7, #16]
  401090:	f103 0008 	add.w	r0, r3, #8
  401094:	68ba      	ldr	r2, [r7, #8]
  401096:	697b      	ldr	r3, [r7, #20]
  401098:	4413      	add	r3, r2
  40109a:	781b      	ldrb	r3, [r3, #0]
  40109c:	4619      	mov	r1, r3
  40109e:	4b16      	ldr	r3, [pc, #88]	; (4010f8 <usart_sync_write+0xc0>)
  4010a0:	4798      	blx	r3
		while (!_usart_sync_is_ready_to_send(&descr->device))
  4010a2:	bf00      	nop
  4010a4:	693b      	ldr	r3, [r7, #16]
  4010a6:	3308      	adds	r3, #8
  4010a8:	4618      	mov	r0, r3
  4010aa:	4b12      	ldr	r3, [pc, #72]	; (4010f4 <usart_sync_write+0xbc>)
  4010ac:	4798      	blx	r3
  4010ae:	4603      	mov	r3, r0
  4010b0:	f083 0301 	eor.w	r3, r3, #1
  4010b4:	b2db      	uxtb	r3, r3
  4010b6:	2b00      	cmp	r3, #0
  4010b8:	d1f4      	bne.n	4010a4 <usart_sync_write+0x6c>
			;
	} while (++offset < length);
  4010ba:	697b      	ldr	r3, [r7, #20]
  4010bc:	3301      	adds	r3, #1
  4010be:	617b      	str	r3, [r7, #20]
  4010c0:	88fb      	ldrh	r3, [r7, #6]
  4010c2:	697a      	ldr	r2, [r7, #20]
  4010c4:	429a      	cmp	r2, r3
  4010c6:	d3e2      	bcc.n	40108e <usart_sync_write+0x56>
	while (!_usart_sync_is_transmit_done(&descr->device))
  4010c8:	bf00      	nop
  4010ca:	693b      	ldr	r3, [r7, #16]
  4010cc:	3308      	adds	r3, #8
  4010ce:	4618      	mov	r0, r3
  4010d0:	4b0a      	ldr	r3, [pc, #40]	; (4010fc <usart_sync_write+0xc4>)
  4010d2:	4798      	blx	r3
  4010d4:	4603      	mov	r3, r0
  4010d6:	f083 0301 	eor.w	r3, r3, #1
  4010da:	b2db      	uxtb	r3, r3
  4010dc:	2b00      	cmp	r3, #0
  4010de:	d1f4      	bne.n	4010ca <usart_sync_write+0x92>
		;
	return (int32_t)offset;
  4010e0:	697b      	ldr	r3, [r7, #20]
}
  4010e2:	4618      	mov	r0, r3
  4010e4:	3718      	adds	r7, #24
  4010e6:	46bd      	mov	sp, r7
  4010e8:	bd80      	pop	{r7, pc}
  4010ea:	bf00      	nop
  4010ec:	00402654 	.word	0x00402654
  4010f0:	00401195 	.word	0x00401195
  4010f4:	004022fd 	.word	0x004022fd
  4010f8:	00402271 	.word	0x00402271
  4010fc:	0040233d 	.word	0x0040233d

00401100 <usart_sync_read>:
 * \param[in] length The size of a buffer
 *
 * \return The number of bytes read.
 */
static int32_t usart_sync_read(struct io_descriptor *const io_descr, uint8_t *const buf, const uint16_t length)
{
  401100:	b590      	push	{r4, r7, lr}
  401102:	b087      	sub	sp, #28
  401104:	af00      	add	r7, sp, #0
  401106:	60f8      	str	r0, [r7, #12]
  401108:	60b9      	str	r1, [r7, #8]
  40110a:	4613      	mov	r3, r2
  40110c:	80fb      	strh	r3, [r7, #6]
	uint32_t                      offset = 0;
  40110e:	2300      	movs	r3, #0
  401110:	617b      	str	r3, [r7, #20]
	struct usart_sync_descriptor *descr  = CONTAINER_OF(io_descr, struct usart_sync_descriptor, io);
  401112:	68fb      	ldr	r3, [r7, #12]
  401114:	613b      	str	r3, [r7, #16]

	ASSERT(io_descr && buf && length);
  401116:	68fb      	ldr	r3, [r7, #12]
  401118:	2b00      	cmp	r3, #0
  40111a:	d007      	beq.n	40112c <usart_sync_read+0x2c>
  40111c:	68bb      	ldr	r3, [r7, #8]
  40111e:	2b00      	cmp	r3, #0
  401120:	d004      	beq.n	40112c <usart_sync_read+0x2c>
  401122:	88fb      	ldrh	r3, [r7, #6]
  401124:	2b00      	cmp	r3, #0
  401126:	d001      	beq.n	40112c <usart_sync_read+0x2c>
  401128:	2301      	movs	r3, #1
  40112a:	e000      	b.n	40112e <usart_sync_read+0x2e>
  40112c:	2300      	movs	r3, #0
  40112e:	f003 0301 	and.w	r3, r3, #1
  401132:	b2db      	uxtb	r3, r3
  401134:	f44f 7286 	mov.w	r2, #268	; 0x10c
  401138:	4912      	ldr	r1, [pc, #72]	; (401184 <usart_sync_read+0x84>)
  40113a:	4618      	mov	r0, r3
  40113c:	4b12      	ldr	r3, [pc, #72]	; (401188 <usart_sync_read+0x88>)
  40113e:	4798      	blx	r3
	do {
		while (!_usart_sync_is_byte_received(&descr->device))
  401140:	bf00      	nop
  401142:	693b      	ldr	r3, [r7, #16]
  401144:	3308      	adds	r3, #8
  401146:	4618      	mov	r0, r3
  401148:	4b10      	ldr	r3, [pc, #64]	; (40118c <usart_sync_read+0x8c>)
  40114a:	4798      	blx	r3
  40114c:	4603      	mov	r3, r0
  40114e:	f083 0301 	eor.w	r3, r3, #1
  401152:	b2db      	uxtb	r3, r3
  401154:	2b00      	cmp	r3, #0
  401156:	d1f4      	bne.n	401142 <usart_sync_read+0x42>
			;
		buf[offset] = _usart_sync_read_byte(&descr->device);
  401158:	68ba      	ldr	r2, [r7, #8]
  40115a:	697b      	ldr	r3, [r7, #20]
  40115c:	18d4      	adds	r4, r2, r3
  40115e:	693b      	ldr	r3, [r7, #16]
  401160:	3308      	adds	r3, #8
  401162:	4618      	mov	r0, r3
  401164:	4b0a      	ldr	r3, [pc, #40]	; (401190 <usart_sync_read+0x90>)
  401166:	4798      	blx	r3
  401168:	4603      	mov	r3, r0
  40116a:	7023      	strb	r3, [r4, #0]
	} while (++offset < length);
  40116c:	697b      	ldr	r3, [r7, #20]
  40116e:	3301      	adds	r3, #1
  401170:	617b      	str	r3, [r7, #20]
  401172:	88fb      	ldrh	r3, [r7, #6]
  401174:	697a      	ldr	r2, [r7, #20]
  401176:	429a      	cmp	r2, r3
  401178:	d3e2      	bcc.n	401140 <usart_sync_read+0x40>

	return (int32_t)offset;
  40117a:	697b      	ldr	r3, [r7, #20]
}
  40117c:	4618      	mov	r0, r3
  40117e:	371c      	adds	r7, #28
  401180:	46bd      	mov	sp, r7
  401182:	bd90      	pop	{r4, r7, pc}
  401184:	00402654 	.word	0x00402654
  401188:	00401195 	.word	0x00401195
  40118c:	0040237d 	.word	0x0040237d
  401190:	004022b9 	.word	0x004022b9

00401194 <assert>:

/**
 * \brief Assert function
 */
void assert(const bool condition, const char *const file, const int line)
{
  401194:	b480      	push	{r7}
  401196:	b085      	sub	sp, #20
  401198:	af00      	add	r7, sp, #0
  40119a:	4603      	mov	r3, r0
  40119c:	60b9      	str	r1, [r7, #8]
  40119e:	607a      	str	r2, [r7, #4]
  4011a0:	73fb      	strb	r3, [r7, #15]
	if (!(condition)) {
  4011a2:	7bfb      	ldrb	r3, [r7, #15]
  4011a4:	f083 0301 	eor.w	r3, r3, #1
  4011a8:	b2db      	uxtb	r3, r3
  4011aa:	2b00      	cmp	r3, #0
  4011ac:	d000      	beq.n	4011b0 <assert+0x1c>
		__asm("BKPT #0");
  4011ae:	be00      	bkpt	0x0000
	}
	(void)file;
	(void)line;
}
  4011b0:	bf00      	nop
  4011b2:	3714      	adds	r7, #20
  4011b4:	46bd      	mov	sp, r7
  4011b6:	f85d 7b04 	ldr.w	r7, [sp], #4
  4011ba:	4770      	bx	lr

004011bc <_get_cycles_for_ms_internal>:

/**
 * \brief Retrieve the amount of cycles to delay for the given amount of ms
 */
static inline uint32_t _get_cycles_for_ms_internal(const uint16_t ms, const uint32_t freq, const uint8_t power)
{
  4011bc:	b480      	push	{r7}
  4011be:	b083      	sub	sp, #12
  4011c0:	af00      	add	r7, sp, #0
  4011c2:	4603      	mov	r3, r0
  4011c4:	6039      	str	r1, [r7, #0]
  4011c6:	80fb      	strh	r3, [r7, #6]
  4011c8:	4613      	mov	r3, r2
  4011ca:	717b      	strb	r3, [r7, #5]
	switch (power) {
  4011cc:	797b      	ldrb	r3, [r7, #5]
  4011ce:	3b05      	subs	r3, #5
  4011d0:	2b04      	cmp	r3, #4
  4011d2:	d84b      	bhi.n	40126c <_get_cycles_for_ms_internal+0xb0>
  4011d4:	a201      	add	r2, pc, #4	; (adr r2, 4011dc <_get_cycles_for_ms_internal+0x20>)
  4011d6:	f852 f023 	ldr.w	pc, [r2, r3, lsl #2]
  4011da:	bf00      	nop
  4011dc:	00401251 	.word	0x00401251
  4011e0:	0040123f 	.word	0x0040123f
  4011e4:	00401225 	.word	0x00401225
  4011e8:	0040120b 	.word	0x0040120b
  4011ec:	004011f1 	.word	0x004011f1
	case 9:
		return (ms * (freq / 1000000) * 1000);
  4011f0:	88fb      	ldrh	r3, [r7, #6]
  4011f2:	683a      	ldr	r2, [r7, #0]
  4011f4:	4925      	ldr	r1, [pc, #148]	; (40128c <_get_cycles_for_ms_internal+0xd0>)
  4011f6:	fba1 1202 	umull	r1, r2, r1, r2
  4011fa:	0c92      	lsrs	r2, r2, #18
  4011fc:	fb02 f303 	mul.w	r3, r2, r3
  401200:	f44f 727a 	mov.w	r2, #1000	; 0x3e8
  401204:	fb02 f303 	mul.w	r3, r2, r3
  401208:	e03a      	b.n	401280 <_get_cycles_for_ms_internal+0xc4>
	case 8:
		return (ms * (freq / 100000) * 100);
  40120a:	88fb      	ldrh	r3, [r7, #6]
  40120c:	683a      	ldr	r2, [r7, #0]
  40120e:	0952      	lsrs	r2, r2, #5
  401210:	491f      	ldr	r1, [pc, #124]	; (401290 <_get_cycles_for_ms_internal+0xd4>)
  401212:	fba1 1202 	umull	r1, r2, r1, r2
  401216:	09d2      	lsrs	r2, r2, #7
  401218:	fb02 f303 	mul.w	r3, r2, r3
  40121c:	2264      	movs	r2, #100	; 0x64
  40121e:	fb02 f303 	mul.w	r3, r2, r3
  401222:	e02d      	b.n	401280 <_get_cycles_for_ms_internal+0xc4>
	case 7:
		return (ms * (freq / 10000) * 10);
  401224:	88fb      	ldrh	r3, [r7, #6]
  401226:	683a      	ldr	r2, [r7, #0]
  401228:	491a      	ldr	r1, [pc, #104]	; (401294 <_get_cycles_for_ms_internal+0xd8>)
  40122a:	fba1 1202 	umull	r1, r2, r1, r2
  40122e:	0b52      	lsrs	r2, r2, #13
  401230:	fb02 f203 	mul.w	r2, r2, r3
  401234:	4613      	mov	r3, r2
  401236:	009b      	lsls	r3, r3, #2
  401238:	4413      	add	r3, r2
  40123a:	005b      	lsls	r3, r3, #1
  40123c:	e020      	b.n	401280 <_get_cycles_for_ms_internal+0xc4>
	case 6:
		return (ms * (freq / 1000));
  40123e:	88fb      	ldrh	r3, [r7, #6]
  401240:	683a      	ldr	r2, [r7, #0]
  401242:	4915      	ldr	r1, [pc, #84]	; (401298 <_get_cycles_for_ms_internal+0xdc>)
  401244:	fba1 1202 	umull	r1, r2, r1, r2
  401248:	0992      	lsrs	r2, r2, #6
  40124a:	fb02 f303 	mul.w	r3, r2, r3
  40124e:	e017      	b.n	401280 <_get_cycles_for_ms_internal+0xc4>
	case 5:
		return (ms * (freq / 100) + 9) / 10;
  401250:	88fb      	ldrh	r3, [r7, #6]
  401252:	683a      	ldr	r2, [r7, #0]
  401254:	4911      	ldr	r1, [pc, #68]	; (40129c <_get_cycles_for_ms_internal+0xe0>)
  401256:	fba1 1202 	umull	r1, r2, r1, r2
  40125a:	0952      	lsrs	r2, r2, #5
  40125c:	fb02 f303 	mul.w	r3, r2, r3
  401260:	3309      	adds	r3, #9
  401262:	4a0f      	ldr	r2, [pc, #60]	; (4012a0 <_get_cycles_for_ms_internal+0xe4>)
  401264:	fba2 2303 	umull	r2, r3, r2, r3
  401268:	08db      	lsrs	r3, r3, #3
  40126a:	e009      	b.n	401280 <_get_cycles_for_ms_internal+0xc4>
	default:
		return (ms * (freq / 1) + 999) / 1000;
  40126c:	88fb      	ldrh	r3, [r7, #6]
  40126e:	683a      	ldr	r2, [r7, #0]
  401270:	fb02 f303 	mul.w	r3, r2, r3
  401274:	f203 33e7 	addw	r3, r3, #999	; 0x3e7
  401278:	4a07      	ldr	r2, [pc, #28]	; (401298 <_get_cycles_for_ms_internal+0xdc>)
  40127a:	fba2 2303 	umull	r2, r3, r2, r3
  40127e:	099b      	lsrs	r3, r3, #6
	}
}
  401280:	4618      	mov	r0, r3
  401282:	370c      	adds	r7, #12
  401284:	46bd      	mov	sp, r7
  401286:	f85d 7b04 	ldr.w	r7, [sp], #4
  40128a:	4770      	bx	lr
  40128c:	431bde83 	.word	0x431bde83
  401290:	0a7c5ac5 	.word	0x0a7c5ac5
  401294:	d1b71759 	.word	0xd1b71759
  401298:	10624dd3 	.word	0x10624dd3
  40129c:	51eb851f 	.word	0x51eb851f
  4012a0:	cccccccd 	.word	0xcccccccd

004012a4 <_get_cycles_for_ms>:

/**
 * \brief Retrieve the amount of cycles to delay for the given amount of ms
 */
uint32_t _get_cycles_for_ms(const uint16_t ms)
{
  4012a4:	b580      	push	{r7, lr}
  4012a6:	b082      	sub	sp, #8
  4012a8:	af00      	add	r7, sp, #0
  4012aa:	4603      	mov	r3, r0
  4012ac:	80fb      	strh	r3, [r7, #6]
	return _get_cycles_for_ms_internal(ms, CONF_HCLK_FREQUENCY, HCLK_FREQ_POWER);
  4012ae:	88fb      	ldrh	r3, [r7, #6]
  4012b0:	2209      	movs	r2, #9
  4012b2:	4904      	ldr	r1, [pc, #16]	; (4012c4 <_get_cycles_for_ms+0x20>)
  4012b4:	4618      	mov	r0, r3
  4012b6:	4b04      	ldr	r3, [pc, #16]	; (4012c8 <_get_cycles_for_ms+0x24>)
  4012b8:	4798      	blx	r3
  4012ba:	4603      	mov	r3, r0
}
  4012bc:	4618      	mov	r0, r3
  4012be:	3708      	adds	r7, #8
  4012c0:	46bd      	mov	sp, r7
  4012c2:	bd80      	pop	{r7, pc}
  4012c4:	11e1a300 	.word	0x11e1a300
  4012c8:	004011bd 	.word	0x004011bd

004012cc <_delay_cycles>:
 * \note In theory, a single loop runs take 2 cycles or more. But we find it
 * really only needs 1 cycle through debugging.
 *
 */
void _delay_cycles(void *const hw, uint32_t cycles)
{
  4012cc:	b480      	push	{r7}
  4012ce:	b083      	sub	sp, #12
  4012d0:	af00      	add	r7, sp, #0
  4012d2:	6078      	str	r0, [r7, #4]
  4012d4:	6039      	str	r1, [r7, #0]

004012d6 <__delay>:
#ifndef _UNIT_TEST_
	(void)hw;
	(void)cycles;
#if defined __GNUC__
	__asm("__delay:\n"
  4012d6:	3901      	subs	r1, #1
  4012d8:	d8fd      	bhi.n	4012d6 <__delay>
	__asm("__delay:\n"
	      "subs r1, r1, #1\n"
	      "bhi __delay\n");
#endif
#endif
}
  4012da:	bf00      	nop
  4012dc:	370c      	adds	r7, #12
  4012de:	46bd      	mov	sp, r7
  4012e0:	f85d 7b04 	ldr.w	r7, [sp], #4
  4012e4:	4770      	bx	lr

004012e6 <hri_efc_write_EEFC_FMR_FWS_bf>:
	tmp = (tmp & EEFC_FMR_FWS(mask)) >> EEFC_FMR_FWS_Pos;
	return tmp;
}

static inline void hri_efc_write_EEFC_FMR_FWS_bf(const void *const hw, hri_efc_eefc_fmr_reg_t data)
{
  4012e6:	b480      	push	{r7}
  4012e8:	b085      	sub	sp, #20
  4012ea:	af00      	add	r7, sp, #0
  4012ec:	6078      	str	r0, [r7, #4]
  4012ee:	6039      	str	r1, [r7, #0]
	uint32_t tmp;
	EFC_CRITICAL_SECTION_ENTER();
	tmp = ((Efc *)hw)->EEFC_FMR;
  4012f0:	687b      	ldr	r3, [r7, #4]
  4012f2:	681b      	ldr	r3, [r3, #0]
  4012f4:	60fb      	str	r3, [r7, #12]
	tmp &= ~EEFC_FMR_FWS_Msk;
  4012f6:	68fb      	ldr	r3, [r7, #12]
  4012f8:	f423 6370 	bic.w	r3, r3, #3840	; 0xf00
  4012fc:	60fb      	str	r3, [r7, #12]
	tmp |= EEFC_FMR_FWS(data);
  4012fe:	683b      	ldr	r3, [r7, #0]
  401300:	021b      	lsls	r3, r3, #8
  401302:	f403 6370 	and.w	r3, r3, #3840	; 0xf00
  401306:	68fa      	ldr	r2, [r7, #12]
  401308:	4313      	orrs	r3, r2
  40130a:	60fb      	str	r3, [r7, #12]
	((Efc *)hw)->EEFC_FMR = tmp;
  40130c:	687b      	ldr	r3, [r7, #4]
  40130e:	68fa      	ldr	r2, [r7, #12]
  401310:	601a      	str	r2, [r3, #0]
	EFC_CRITICAL_SECTION_LEAVE();
}
  401312:	bf00      	nop
  401314:	3714      	adds	r7, #20
  401316:	46bd      	mov	sp, r7
  401318:	f85d 7b04 	ldr.w	r7, [sp], #4
  40131c:	4770      	bx	lr
	...

00401320 <_fpu_enable>:

/**
 * \brief Enable FPU
 */
static inline void _fpu_enable(void)
{
  401320:	b580      	push	{r7, lr}
  401322:	b082      	sub	sp, #8
  401324:	af00      	add	r7, sp, #0
	CRITICAL_SECTION_ENTER()
  401326:	1d3b      	adds	r3, r7, #4
  401328:	4618      	mov	r0, r3
  40132a:	4b0b      	ldr	r3, [pc, #44]	; (401358 <_fpu_enable+0x38>)
  40132c:	4798      	blx	r3
	/** Set bits 20-23 to enable CP10 and CP11 coprocessors */
	SCB->CPACR |= (0xFu << 20);
  40132e:	4a0b      	ldr	r2, [pc, #44]	; (40135c <_fpu_enable+0x3c>)
  401330:	4b0a      	ldr	r3, [pc, #40]	; (40135c <_fpu_enable+0x3c>)
  401332:	f8d3 3088 	ldr.w	r3, [r3, #136]	; 0x88
  401336:	f443 0370 	orr.w	r3, r3, #15728640	; 0xf00000
  40133a:	f8c2 3088 	str.w	r3, [r2, #136]	; 0x88
  __ASM volatile ("dsb 0xF":::"memory");
  40133e:	f3bf 8f4f 	dsb	sy
  __ASM volatile ("isb 0xF":::"memory");
  401342:	f3bf 8f6f 	isb	sy
	__DSB();
	__ISB();
	CRITICAL_SECTION_LEAVE()
  401346:	1d3b      	adds	r3, r7, #4
  401348:	4618      	mov	r0, r3
  40134a:	4b05      	ldr	r3, [pc, #20]	; (401360 <_fpu_enable+0x40>)
  40134c:	4798      	blx	r3
}
  40134e:	bf00      	nop
  401350:	3708      	adds	r7, #8
  401352:	46bd      	mov	sp, r7
  401354:	bd80      	pop	{r7, pc}
  401356:	bf00      	nop
  401358:	00400c7d 	.word	0x00400c7d
  40135c:	e000ed00 	.word	0xe000ed00
  401360:	00400ca3 	.word	0x00400ca3

00401364 <_init_chip>:

/**
 * \brief Initialize the hardware abstraction layer
 */
void _init_chip(void)
{
  401364:	b580      	push	{r7, lr}
  401366:	af00      	add	r7, sp, #0
	_fpu_enable();
  401368:	4b04      	ldr	r3, [pc, #16]	; (40137c <_init_chip+0x18>)
  40136a:	4798      	blx	r3
	hri_efc_write_EEFC_FMR_FWS_bf(EFC, CONF_EFC_WAIT_STATE);
  40136c:	2106      	movs	r1, #6
  40136e:	4804      	ldr	r0, [pc, #16]	; (401380 <_init_chip+0x1c>)
  401370:	4b04      	ldr	r3, [pc, #16]	; (401384 <_init_chip+0x20>)
  401372:	4798      	blx	r3
#if CONF_DMA_ENABLE
	_pmc_enable_periph_clock(ID_XDMAC);
	_dma_init();

#endif
	_pmc_init();
  401374:	4b04      	ldr	r3, [pc, #16]	; (401388 <_init_chip+0x24>)
  401376:	4798      	blx	r3
}
  401378:	bf00      	nop
  40137a:	bd80      	pop	{r7, pc}
  40137c:	00401321 	.word	0x00401321
  401380:	400e0c00 	.word	0x400e0c00
  401384:	004012e7 	.word	0x004012e7
  401388:	0040168d 	.word	0x0040168d

0040138c <hri_pmc_get_SR_MOSCXTS_bit>:
{
  40138c:	b480      	push	{r7}
  40138e:	b083      	sub	sp, #12
  401390:	af00      	add	r7, sp, #0
  401392:	6078      	str	r0, [r7, #4]
	return (((Pmc *)hw)->PMC_SR & PMC_SR_MOSCXTS) > 0;
  401394:	687b      	ldr	r3, [r7, #4]
  401396:	6e9b      	ldr	r3, [r3, #104]	; 0x68
  401398:	f003 0301 	and.w	r3, r3, #1
  40139c:	2b00      	cmp	r3, #0
  40139e:	bf14      	ite	ne
  4013a0:	2301      	movne	r3, #1
  4013a2:	2300      	moveq	r3, #0
  4013a4:	b2db      	uxtb	r3, r3
}
  4013a6:	4618      	mov	r0, r3
  4013a8:	370c      	adds	r7, #12
  4013aa:	46bd      	mov	sp, r7
  4013ac:	f85d 7b04 	ldr.w	r7, [sp], #4
  4013b0:	4770      	bx	lr

004013b2 <hri_pmc_get_SR_LOCKA_bit>:
{
  4013b2:	b480      	push	{r7}
  4013b4:	b083      	sub	sp, #12
  4013b6:	af00      	add	r7, sp, #0
  4013b8:	6078      	str	r0, [r7, #4]
	return (((Pmc *)hw)->PMC_SR & PMC_SR_LOCKA) > 0;
  4013ba:	687b      	ldr	r3, [r7, #4]
  4013bc:	6e9b      	ldr	r3, [r3, #104]	; 0x68
  4013be:	f003 0302 	and.w	r3, r3, #2
  4013c2:	2b00      	cmp	r3, #0
  4013c4:	bf14      	ite	ne
  4013c6:	2301      	movne	r3, #1
  4013c8:	2300      	moveq	r3, #0
  4013ca:	b2db      	uxtb	r3, r3
}
  4013cc:	4618      	mov	r0, r3
  4013ce:	370c      	adds	r7, #12
  4013d0:	46bd      	mov	sp, r7
  4013d2:	f85d 7b04 	ldr.w	r7, [sp], #4
  4013d6:	4770      	bx	lr

004013d8 <hri_pmc_get_SR_MCKRDY_bit>:
{
  4013d8:	b480      	push	{r7}
  4013da:	b083      	sub	sp, #12
  4013dc:	af00      	add	r7, sp, #0
  4013de:	6078      	str	r0, [r7, #4]
	return (((Pmc *)hw)->PMC_SR & PMC_SR_MCKRDY) > 0;
  4013e0:	687b      	ldr	r3, [r7, #4]
  4013e2:	6e9b      	ldr	r3, [r3, #104]	; 0x68
  4013e4:	f003 0308 	and.w	r3, r3, #8
  4013e8:	2b00      	cmp	r3, #0
  4013ea:	bf14      	ite	ne
  4013ec:	2301      	movne	r3, #1
  4013ee:	2300      	moveq	r3, #0
  4013f0:	b2db      	uxtb	r3, r3
}
  4013f2:	4618      	mov	r0, r3
  4013f4:	370c      	adds	r7, #12
  4013f6:	46bd      	mov	sp, r7
  4013f8:	f85d 7b04 	ldr.w	r7, [sp], #4
  4013fc:	4770      	bx	lr

004013fe <hri_pmc_set_CKGR_MOR_reg>:
{
  4013fe:	b480      	push	{r7}
  401400:	b083      	sub	sp, #12
  401402:	af00      	add	r7, sp, #0
  401404:	6078      	str	r0, [r7, #4]
  401406:	6039      	str	r1, [r7, #0]
	((Pmc *)hw)->CKGR_MOR |= mask;
  401408:	687b      	ldr	r3, [r7, #4]
  40140a:	6a1a      	ldr	r2, [r3, #32]
  40140c:	683b      	ldr	r3, [r7, #0]
  40140e:	431a      	orrs	r2, r3
  401410:	687b      	ldr	r3, [r7, #4]
  401412:	621a      	str	r2, [r3, #32]
}
  401414:	bf00      	nop
  401416:	370c      	adds	r7, #12
  401418:	46bd      	mov	sp, r7
  40141a:	f85d 7b04 	ldr.w	r7, [sp], #4
  40141e:	4770      	bx	lr

00401420 <hri_pmc_write_CKGR_MOR_reg>:
{
  401420:	b480      	push	{r7}
  401422:	b083      	sub	sp, #12
  401424:	af00      	add	r7, sp, #0
  401426:	6078      	str	r0, [r7, #4]
  401428:	6039      	str	r1, [r7, #0]
	((Pmc *)hw)->CKGR_MOR = data;
  40142a:	687b      	ldr	r3, [r7, #4]
  40142c:	683a      	ldr	r2, [r7, #0]
  40142e:	621a      	str	r2, [r3, #32]
}
  401430:	bf00      	nop
  401432:	370c      	adds	r7, #12
  401434:	46bd      	mov	sp, r7
  401436:	f85d 7b04 	ldr.w	r7, [sp], #4
  40143a:	4770      	bx	lr

0040143c <hri_pmc_read_CKGR_MOR_reg>:
{
  40143c:	b480      	push	{r7}
  40143e:	b083      	sub	sp, #12
  401440:	af00      	add	r7, sp, #0
  401442:	6078      	str	r0, [r7, #4]
	return ((Pmc *)hw)->CKGR_MOR;
  401444:	687b      	ldr	r3, [r7, #4]
  401446:	6a1b      	ldr	r3, [r3, #32]
}
  401448:	4618      	mov	r0, r3
  40144a:	370c      	adds	r7, #12
  40144c:	46bd      	mov	sp, r7
  40144e:	f85d 7b04 	ldr.w	r7, [sp], #4
  401452:	4770      	bx	lr

00401454 <hri_pmc_write_CKGR_PLLAR_MULA_bf>:
{
  401454:	b480      	push	{r7}
  401456:	b085      	sub	sp, #20
  401458:	af00      	add	r7, sp, #0
  40145a:	6078      	str	r0, [r7, #4]
  40145c:	6039      	str	r1, [r7, #0]
	tmp = ((Pmc *)hw)->CKGR_PLLAR;
  40145e:	687b      	ldr	r3, [r7, #4]
  401460:	6a9b      	ldr	r3, [r3, #40]	; 0x28
  401462:	60fb      	str	r3, [r7, #12]
	tmp &= ~CKGR_PLLAR_MULA_Msk;
  401464:	68fa      	ldr	r2, [r7, #12]
  401466:	4b09      	ldr	r3, [pc, #36]	; (40148c <hri_pmc_write_CKGR_PLLAR_MULA_bf+0x38>)
  401468:	4013      	ands	r3, r2
  40146a:	60fb      	str	r3, [r7, #12]
	tmp |= CKGR_PLLAR_MULA(data);
  40146c:	683b      	ldr	r3, [r7, #0]
  40146e:	041a      	lsls	r2, r3, #16
  401470:	4b07      	ldr	r3, [pc, #28]	; (401490 <hri_pmc_write_CKGR_PLLAR_MULA_bf+0x3c>)
  401472:	4013      	ands	r3, r2
  401474:	68fa      	ldr	r2, [r7, #12]
  401476:	4313      	orrs	r3, r2
  401478:	60fb      	str	r3, [r7, #12]
	((Pmc *)hw)->CKGR_PLLAR = tmp;
  40147a:	687b      	ldr	r3, [r7, #4]
  40147c:	68fa      	ldr	r2, [r7, #12]
  40147e:	629a      	str	r2, [r3, #40]	; 0x28
}
  401480:	bf00      	nop
  401482:	3714      	adds	r7, #20
  401484:	46bd      	mov	sp, r7
  401486:	f85d 7b04 	ldr.w	r7, [sp], #4
  40148a:	4770      	bx	lr
  40148c:	f800ffff 	.word	0xf800ffff
  401490:	07ff0000 	.word	0x07ff0000

00401494 <hri_pmc_write_CKGR_PLLAR_reg>:
{
  401494:	b480      	push	{r7}
  401496:	b083      	sub	sp, #12
  401498:	af00      	add	r7, sp, #0
  40149a:	6078      	str	r0, [r7, #4]
  40149c:	6039      	str	r1, [r7, #0]
	((Pmc *)hw)->CKGR_PLLAR = data;
  40149e:	687b      	ldr	r3, [r7, #4]
  4014a0:	683a      	ldr	r2, [r7, #0]
  4014a2:	629a      	str	r2, [r3, #40]	; 0x28
}
  4014a4:	bf00      	nop
  4014a6:	370c      	adds	r7, #12
  4014a8:	46bd      	mov	sp, r7
  4014aa:	f85d 7b04 	ldr.w	r7, [sp], #4
  4014ae:	4770      	bx	lr

004014b0 <hri_pmc_write_MCKR_CSS_bf>:
{
  4014b0:	b480      	push	{r7}
  4014b2:	b085      	sub	sp, #20
  4014b4:	af00      	add	r7, sp, #0
  4014b6:	6078      	str	r0, [r7, #4]
  4014b8:	6039      	str	r1, [r7, #0]
	tmp = ((Pmc *)hw)->PMC_MCKR;
  4014ba:	687b      	ldr	r3, [r7, #4]
  4014bc:	6b1b      	ldr	r3, [r3, #48]	; 0x30
  4014be:	60fb      	str	r3, [r7, #12]
	tmp &= ~PMC_MCKR_CSS_Msk;
  4014c0:	68fb      	ldr	r3, [r7, #12]
  4014c2:	f023 0303 	bic.w	r3, r3, #3
  4014c6:	60fb      	str	r3, [r7, #12]
	tmp |= PMC_MCKR_CSS(data);
  4014c8:	683b      	ldr	r3, [r7, #0]
  4014ca:	f003 0303 	and.w	r3, r3, #3
  4014ce:	68fa      	ldr	r2, [r7, #12]
  4014d0:	4313      	orrs	r3, r2
  4014d2:	60fb      	str	r3, [r7, #12]
	((Pmc *)hw)->PMC_MCKR = tmp;
  4014d4:	687b      	ldr	r3, [r7, #4]
  4014d6:	68fa      	ldr	r2, [r7, #12]
  4014d8:	631a      	str	r2, [r3, #48]	; 0x30
}
  4014da:	bf00      	nop
  4014dc:	3714      	adds	r7, #20
  4014de:	46bd      	mov	sp, r7
  4014e0:	f85d 7b04 	ldr.w	r7, [sp], #4
  4014e4:	4770      	bx	lr

004014e6 <hri_pmc_write_MCKR_PRES_bf>:
{
  4014e6:	b480      	push	{r7}
  4014e8:	b085      	sub	sp, #20
  4014ea:	af00      	add	r7, sp, #0
  4014ec:	6078      	str	r0, [r7, #4]
  4014ee:	6039      	str	r1, [r7, #0]
	tmp = ((Pmc *)hw)->PMC_MCKR;
  4014f0:	687b      	ldr	r3, [r7, #4]
  4014f2:	6b1b      	ldr	r3, [r3, #48]	; 0x30
  4014f4:	60fb      	str	r3, [r7, #12]
	tmp &= ~PMC_MCKR_PRES_Msk;
  4014f6:	68fb      	ldr	r3, [r7, #12]
  4014f8:	f023 0370 	bic.w	r3, r3, #112	; 0x70
  4014fc:	60fb      	str	r3, [r7, #12]
	tmp |= PMC_MCKR_PRES(data);
  4014fe:	683b      	ldr	r3, [r7, #0]
  401500:	011b      	lsls	r3, r3, #4
  401502:	f003 0370 	and.w	r3, r3, #112	; 0x70
  401506:	68fa      	ldr	r2, [r7, #12]
  401508:	4313      	orrs	r3, r2
  40150a:	60fb      	str	r3, [r7, #12]
	((Pmc *)hw)->PMC_MCKR = tmp;
  40150c:	687b      	ldr	r3, [r7, #4]
  40150e:	68fa      	ldr	r2, [r7, #12]
  401510:	631a      	str	r2, [r3, #48]	; 0x30
}
  401512:	bf00      	nop
  401514:	3714      	adds	r7, #20
  401516:	46bd      	mov	sp, r7
  401518:	f85d 7b04 	ldr.w	r7, [sp], #4
  40151c:	4770      	bx	lr

0040151e <hri_pmc_write_MCKR_MDIV_bf>:
{
  40151e:	b480      	push	{r7}
  401520:	b085      	sub	sp, #20
  401522:	af00      	add	r7, sp, #0
  401524:	6078      	str	r0, [r7, #4]
  401526:	6039      	str	r1, [r7, #0]
	tmp = ((Pmc *)hw)->PMC_MCKR;
  401528:	687b      	ldr	r3, [r7, #4]
  40152a:	6b1b      	ldr	r3, [r3, #48]	; 0x30
  40152c:	60fb      	str	r3, [r7, #12]
	tmp &= ~PMC_MCKR_MDIV_Msk;
  40152e:	68fb      	ldr	r3, [r7, #12]
  401530:	f423 7340 	bic.w	r3, r3, #768	; 0x300
  401534:	60fb      	str	r3, [r7, #12]
	tmp |= PMC_MCKR_MDIV(data);
  401536:	683b      	ldr	r3, [r7, #0]
  401538:	021b      	lsls	r3, r3, #8
  40153a:	f403 7340 	and.w	r3, r3, #768	; 0x300
  40153e:	68fa      	ldr	r2, [r7, #12]
  401540:	4313      	orrs	r3, r2
  401542:	60fb      	str	r3, [r7, #12]
	((Pmc *)hw)->PMC_MCKR = tmp;
  401544:	687b      	ldr	r3, [r7, #4]
  401546:	68fa      	ldr	r2, [r7, #12]
  401548:	631a      	str	r2, [r3, #48]	; 0x30
}
  40154a:	bf00      	nop
  40154c:	3714      	adds	r7, #20
  40154e:	46bd      	mov	sp, r7
  401550:	f85d 7b04 	ldr.w	r7, [sp], #4
  401554:	4770      	bx	lr
	...

00401558 <_pmc_init_sources>:
 * \brief Initializes clock generators
 *
 * All clock sources are running when this function returns.
 */
static void _pmc_init_sources(void)
{
  401558:	b580      	push	{r7, lr}
  40155a:	b082      	sub	sp, #8
  40155c:	af00      	add	r7, sp, #0
	uint32_t data = 0;
  40155e:	2300      	movs	r3, #0
  401560:	607b      	str	r3, [r7, #4]
	/* Enable Main XTAL oscillator */
	data = hri_pmc_read_CKGR_MOR_reg(PMC) & ~CKGR_MOR_MOSCXTEN;
	data |= CKGR_MOR_KEY_PASSWD | CKGR_MOR_MOSCXTBY | CKGR_MOR_MOSCSEL;
	hri_pmc_write_CKGR_MOR_reg(PMC, data);
#else
	data = hri_pmc_read_CKGR_MOR_reg(PMC) & ~CKGR_MOR_MOSCXTBY;
  401562:	481c      	ldr	r0, [pc, #112]	; (4015d4 <_pmc_init_sources+0x7c>)
  401564:	4b1c      	ldr	r3, [pc, #112]	; (4015d8 <_pmc_init_sources+0x80>)
  401566:	4798      	blx	r3
  401568:	4603      	mov	r3, r0
  40156a:	f023 0302 	bic.w	r3, r3, #2
  40156e:	607b      	str	r3, [r7, #4]
	data |= CKGR_MOR_KEY_PASSWD | CKGR_MOR_MOSCXTEN | CKGR_MOR_MOSCXTST(CONF_XOSC20M_STARTUP_TIME);
  401570:	687a      	ldr	r2, [r7, #4]
  401572:	4b1a      	ldr	r3, [pc, #104]	; (4015dc <_pmc_init_sources+0x84>)
  401574:	4313      	orrs	r3, r2
  401576:	607b      	str	r3, [r7, #4]
	hri_pmc_write_CKGR_MOR_reg(PMC, data);
  401578:	6879      	ldr	r1, [r7, #4]
  40157a:	4816      	ldr	r0, [pc, #88]	; (4015d4 <_pmc_init_sources+0x7c>)
  40157c:	4b18      	ldr	r3, [pc, #96]	; (4015e0 <_pmc_init_sources+0x88>)
  40157e:	4798      	blx	r3
	while (!hri_pmc_get_SR_MOSCXTS_bit(PMC)) {
  401580:	bf00      	nop
  401582:	4814      	ldr	r0, [pc, #80]	; (4015d4 <_pmc_init_sources+0x7c>)
  401584:	4b17      	ldr	r3, [pc, #92]	; (4015e4 <_pmc_init_sources+0x8c>)
  401586:	4798      	blx	r3
  401588:	4603      	mov	r3, r0
  40158a:	f083 0301 	eor.w	r3, r3, #1
  40158e:	b2db      	uxtb	r3, r3
  401590:	2b00      	cmp	r3, #0
  401592:	d1f6      	bne.n	401582 <_pmc_init_sources+0x2a>
		/* Wait until the XTAL to stabilize */
	}
	hri_pmc_set_CKGR_MOR_reg(PMC, CKGR_MOR_KEY_PASSWD | CKGR_MOR_MOSCSEL);
  401594:	4914      	ldr	r1, [pc, #80]	; (4015e8 <_pmc_init_sources+0x90>)
  401596:	480f      	ldr	r0, [pc, #60]	; (4015d4 <_pmc_init_sources+0x7c>)
  401598:	4b14      	ldr	r3, [pc, #80]	; (4015ec <_pmc_init_sources+0x94>)
  40159a:	4798      	blx	r3
#endif
#endif
#endif

#if (CONF_PLLACK_ENABLE == 1)
	data = CKGR_PLLAR_MULA(CONF_PLLACK_MUL - 1) | CKGR_PLLAR_DIVA(CONF_PLLACK_DIV) | CKGR_PLLAR_PLLACOUNT(PLL_COUNT);
  40159c:	4b14      	ldr	r3, [pc, #80]	; (4015f0 <_pmc_init_sources+0x98>)
  40159e:	607b      	str	r3, [r7, #4]
	/* Stop PLL first */
	hri_pmc_write_CKGR_PLLAR_MULA_bf(PMC, 0);
  4015a0:	2100      	movs	r1, #0
  4015a2:	480c      	ldr	r0, [pc, #48]	; (4015d4 <_pmc_init_sources+0x7c>)
  4015a4:	4b13      	ldr	r3, [pc, #76]	; (4015f4 <_pmc_init_sources+0x9c>)
  4015a6:	4798      	blx	r3
	hri_pmc_write_CKGR_PLLAR_reg(PMC, (CKGR_PLLAR_ONE | data));
  4015a8:	687b      	ldr	r3, [r7, #4]
  4015aa:	f043 5300 	orr.w	r3, r3, #536870912	; 0x20000000
  4015ae:	4619      	mov	r1, r3
  4015b0:	4808      	ldr	r0, [pc, #32]	; (4015d4 <_pmc_init_sources+0x7c>)
  4015b2:	4b11      	ldr	r3, [pc, #68]	; (4015f8 <_pmc_init_sources+0xa0>)
  4015b4:	4798      	blx	r3
	while (!hri_pmc_get_SR_LOCKA_bit(PMC)) {
  4015b6:	bf00      	nop
  4015b8:	4806      	ldr	r0, [pc, #24]	; (4015d4 <_pmc_init_sources+0x7c>)
  4015ba:	4b10      	ldr	r3, [pc, #64]	; (4015fc <_pmc_init_sources+0xa4>)
  4015bc:	4798      	blx	r3
  4015be:	4603      	mov	r3, r0
  4015c0:	f083 0301 	eor.w	r3, r3, #1
  4015c4:	b2db      	uxtb	r3, r3
  4015c6:	2b00      	cmp	r3, #0
  4015c8:	d1f6      	bne.n	4015b8 <_pmc_init_sources+0x60>
#if (CONF_CLK_CFDEN_ENABLE == 1)
	/* Enable main clock failure detection */
	hri_pmc_set_CKGR_MOR_CFDEN_bit(PMC);
#endif
#endif
}
  4015ca:	bf00      	nop
  4015cc:	3708      	adds	r7, #8
  4015ce:	46bd      	mov	sp, r7
  4015d0:	bd80      	pop	{r7, pc}
  4015d2:	bf00      	nop
  4015d4:	400e0600 	.word	0x400e0600
  4015d8:	0040143d 	.word	0x0040143d
  4015dc:	00373e01 	.word	0x00373e01
  4015e0:	00401421 	.word	0x00401421
  4015e4:	0040138d 	.word	0x0040138d
  4015e8:	01370000 	.word	0x01370000
  4015ec:	004013ff 	.word	0x004013ff
  4015f0:	00183f01 	.word	0x00183f01
  4015f4:	00401455 	.word	0x00401455
  4015f8:	00401495 	.word	0x00401495
  4015fc:	004013b3 	.word	0x004013b3

00401600 <_pmc_init_master_clock>:
 * \brief Initializes master clock generators
 *
 * Master clock are running when this function returns.
 */
static void _pmc_init_master_clock(void)
{
  401600:	b580      	push	{r7, lr}
  401602:	af00      	add	r7, sp, #0
	hri_pmc_write_MCKR_MDIV_bf(PMC, CONF_MCK_DIV);
	while (!hri_pmc_get_SR_MCKRDY_bit(PMC)) {
		/* Wait until master clock is ready */
	}
#elif ((CONF_CLK_GEN_MCKR_SRC == CLK_SRC_OPTION_PLLACK) || (CONF_CLK_GEN_MCKR_SRC == CLK_SRC_OPTION_UPLLCKDIV))
	hri_pmc_write_MCKR_PRES_bf(PMC, CONF_MCKR_PRESC);
  401604:	2100      	movs	r1, #0
  401606:	4815      	ldr	r0, [pc, #84]	; (40165c <_pmc_init_master_clock+0x5c>)
  401608:	4b15      	ldr	r3, [pc, #84]	; (401660 <_pmc_init_master_clock+0x60>)
  40160a:	4798      	blx	r3
	while (!hri_pmc_get_SR_MCKRDY_bit(PMC)) {
  40160c:	bf00      	nop
  40160e:	4813      	ldr	r0, [pc, #76]	; (40165c <_pmc_init_master_clock+0x5c>)
  401610:	4b14      	ldr	r3, [pc, #80]	; (401664 <_pmc_init_master_clock+0x64>)
  401612:	4798      	blx	r3
  401614:	4603      	mov	r3, r0
  401616:	f083 0301 	eor.w	r3, r3, #1
  40161a:	b2db      	uxtb	r3, r3
  40161c:	2b00      	cmp	r3, #0
  40161e:	d1f6      	bne.n	40160e <_pmc_init_master_clock+0xe>
		/* Wait until master clock is ready */
	}
	hri_pmc_write_MCKR_MDIV_bf(PMC, CONF_MCK_DIV);
  401620:	2101      	movs	r1, #1
  401622:	480e      	ldr	r0, [pc, #56]	; (40165c <_pmc_init_master_clock+0x5c>)
  401624:	4b10      	ldr	r3, [pc, #64]	; (401668 <_pmc_init_master_clock+0x68>)
  401626:	4798      	blx	r3
	while (!hri_pmc_get_SR_MCKRDY_bit(PMC)) {
  401628:	bf00      	nop
  40162a:	480c      	ldr	r0, [pc, #48]	; (40165c <_pmc_init_master_clock+0x5c>)
  40162c:	4b0d      	ldr	r3, [pc, #52]	; (401664 <_pmc_init_master_clock+0x64>)
  40162e:	4798      	blx	r3
  401630:	4603      	mov	r3, r0
  401632:	f083 0301 	eor.w	r3, r3, #1
  401636:	b2db      	uxtb	r3, r3
  401638:	2b00      	cmp	r3, #0
  40163a:	d1f6      	bne.n	40162a <_pmc_init_master_clock+0x2a>
		/* Wait until master clock is ready */
	}
	hri_pmc_write_MCKR_CSS_bf(PMC, CONF_CLK_GEN_MCKR_SRC);
  40163c:	2102      	movs	r1, #2
  40163e:	4807      	ldr	r0, [pc, #28]	; (40165c <_pmc_init_master_clock+0x5c>)
  401640:	4b0a      	ldr	r3, [pc, #40]	; (40166c <_pmc_init_master_clock+0x6c>)
  401642:	4798      	blx	r3
	while (!hri_pmc_get_SR_MCKRDY_bit(PMC)) {
  401644:	bf00      	nop
  401646:	4805      	ldr	r0, [pc, #20]	; (40165c <_pmc_init_master_clock+0x5c>)
  401648:	4b06      	ldr	r3, [pc, #24]	; (401664 <_pmc_init_master_clock+0x64>)
  40164a:	4798      	blx	r3
  40164c:	4603      	mov	r3, r0
  40164e:	f083 0301 	eor.w	r3, r3, #1
  401652:	b2db      	uxtb	r3, r3
  401654:	2b00      	cmp	r3, #0
  401656:	d1f6      	bne.n	401646 <_pmc_init_master_clock+0x46>
		/* Wait until master clock is ready */
	}
#endif
#endif
}
  401658:	bf00      	nop
  40165a:	bd80      	pop	{r7, pc}
  40165c:	400e0600 	.word	0x400e0600
  401660:	004014e7 	.word	0x004014e7
  401664:	004013d9 	.word	0x004013d9
  401668:	0040151f 	.word	0x0040151f
  40166c:	004014b1 	.word	0x004014b1

00401670 <_pmc_init_program_clock>:
 * \brief Initializes programmable clock generators
 *
 * Programmable clock are running when this function returns.
 */
static void _pmc_init_program_clock(void)
{
  401670:	b480      	push	{r7}
  401672:	af00      	add	r7, sp, #0
	while (!hri_pmc_get_SR_PCKRDY6_bit(PMC)) {
		/* Wait until PCK6 clock is ready */
	}
	hri_pmc_write_SCER_reg(PMC, PMC_SCER_PCK6);
#endif
}
  401674:	bf00      	nop
  401676:	46bd      	mov	sp, r7
  401678:	f85d 7b04 	ldr.w	r7, [sp], #4
  40167c:	4770      	bx	lr

0040167e <_pmc_init_fs_clock>:
 * \brief Initializes USB FS clock generators
 *
 * USB FS clock are running when this function returns.
 */
static void _pmc_init_fs_clock(void)
{
  40167e:	b480      	push	{r7}
  401680:	af00      	add	r7, sp, #0
	}
	data |= PMC_USB_USBDIV(CONF_USB_48M_DIV - 1);
	hri_pmc_write_USB_reg(PMC, data);
	hri_pmc_write_SCER_reg(PMC, PMC_SCER_USBCLK);
#endif
}
  401682:	bf00      	nop
  401684:	46bd      	mov	sp, r7
  401686:	f85d 7b04 	ldr.w	r7, [sp], #4
  40168a:	4770      	bx	lr

0040168c <_pmc_init>:
/**
 * \brief Initializes cortex M7 core clock
 *
 */
void _pmc_init(void)
{
  40168c:	b580      	push	{r7, lr}
  40168e:	af00      	add	r7, sp, #0
	_pmc_init_sources();
  401690:	4b04      	ldr	r3, [pc, #16]	; (4016a4 <_pmc_init+0x18>)
  401692:	4798      	blx	r3
	_pmc_init_master_clock();
  401694:	4b04      	ldr	r3, [pc, #16]	; (4016a8 <_pmc_init+0x1c>)
  401696:	4798      	blx	r3
	_pmc_init_program_clock();
  401698:	4b04      	ldr	r3, [pc, #16]	; (4016ac <_pmc_init+0x20>)
  40169a:	4798      	blx	r3
	_pmc_init_fs_clock();
  40169c:	4b04      	ldr	r3, [pc, #16]	; (4016b0 <_pmc_init+0x24>)
  40169e:	4798      	blx	r3
}
  4016a0:	bf00      	nop
  4016a2:	bd80      	pop	{r7, pc}
  4016a4:	00401559 	.word	0x00401559
  4016a8:	00401601 	.word	0x00401601
  4016ac:	00401671 	.word	0x00401671
  4016b0:	0040167f 	.word	0x0040167f

004016b4 <hri_spi_read_RDR_RD_bf>:
{
	return (((Spi *)hw)->SPI_RDR & SPI_RDR_RD(mask)) >> SPI_RDR_RD_Pos;
}

static inline hri_spi_rdr_reg_t hri_spi_read_RDR_RD_bf(const void *const hw)
{
  4016b4:	b480      	push	{r7}
  4016b6:	b083      	sub	sp, #12
  4016b8:	af00      	add	r7, sp, #0
  4016ba:	6078      	str	r0, [r7, #4]
	return (((Spi *)hw)->SPI_RDR & SPI_RDR_RD_Msk) >> SPI_RDR_RD_Pos;
  4016bc:	687b      	ldr	r3, [r7, #4]
  4016be:	689b      	ldr	r3, [r3, #8]
  4016c0:	b29b      	uxth	r3, r3
}
  4016c2:	4618      	mov	r0, r3
  4016c4:	370c      	adds	r7, #12
  4016c6:	46bd      	mov	sp, r7
  4016c8:	f85d 7b04 	ldr.w	r7, [sp], #4
  4016cc:	4770      	bx	lr

004016ce <hri_spi_get_SR_SPIENS_bit>:
{
	return (((Spi *)hw)->SPI_SR & SPI_SR_UNDES) > 0;
}

static inline bool hri_spi_get_SR_SPIENS_bit(const void *const hw)
{
  4016ce:	b480      	push	{r7}
  4016d0:	b083      	sub	sp, #12
  4016d2:	af00      	add	r7, sp, #0
  4016d4:	6078      	str	r0, [r7, #4]
	return (((Spi *)hw)->SPI_SR & SPI_SR_SPIENS) > 0;
  4016d6:	687b      	ldr	r3, [r7, #4]
  4016d8:	691b      	ldr	r3, [r3, #16]
  4016da:	f403 3380 	and.w	r3, r3, #65536	; 0x10000
  4016de:	2b00      	cmp	r3, #0
  4016e0:	bf14      	ite	ne
  4016e2:	2301      	movne	r3, #1
  4016e4:	2300      	moveq	r3, #0
  4016e6:	b2db      	uxtb	r3, r3
}
  4016e8:	4618      	mov	r0, r3
  4016ea:	370c      	adds	r7, #12
  4016ec:	46bd      	mov	sp, r7
  4016ee:	f85d 7b04 	ldr.w	r7, [sp], #4
  4016f2:	4770      	bx	lr

004016f4 <hri_spi_get_SR_reg>:

static inline hri_spi_sr_reg_t hri_spi_get_SR_reg(const void *const hw, hri_spi_sr_reg_t mask)
{
  4016f4:	b480      	push	{r7}
  4016f6:	b085      	sub	sp, #20
  4016f8:	af00      	add	r7, sp, #0
  4016fa:	6078      	str	r0, [r7, #4]
  4016fc:	6039      	str	r1, [r7, #0]
	uint32_t tmp;
	tmp = ((Spi *)hw)->SPI_SR;
  4016fe:	687b      	ldr	r3, [r7, #4]
  401700:	691b      	ldr	r3, [r3, #16]
  401702:	60fb      	str	r3, [r7, #12]
	tmp &= mask;
  401704:	68fa      	ldr	r2, [r7, #12]
  401706:	683b      	ldr	r3, [r7, #0]
  401708:	4013      	ands	r3, r2
  40170a:	60fb      	str	r3, [r7, #12]
	return tmp;
  40170c:	68fb      	ldr	r3, [r7, #12]
}
  40170e:	4618      	mov	r0, r3
  401710:	3714      	adds	r7, #20
  401712:	46bd      	mov	sp, r7
  401714:	f85d 7b04 	ldr.w	r7, [sp], #4
  401718:	4770      	bx	lr

0040171a <hri_spi_read_SR_reg>:

static inline hri_spi_sr_reg_t hri_spi_read_SR_reg(const void *const hw)
{
  40171a:	b480      	push	{r7}
  40171c:	b083      	sub	sp, #12
  40171e:	af00      	add	r7, sp, #0
  401720:	6078      	str	r0, [r7, #4]
	return ((Spi *)hw)->SPI_SR;
  401722:	687b      	ldr	r3, [r7, #4]
  401724:	691b      	ldr	r3, [r3, #16]
}
  401726:	4618      	mov	r0, r3
  401728:	370c      	adds	r7, #12
  40172a:	46bd      	mov	sp, r7
  40172c:	f85d 7b04 	ldr.w	r7, [sp], #4
  401730:	4770      	bx	lr

00401732 <hri_spi_write_MR_reg>:
	tmp &= mask;
	return tmp;
}

static inline void hri_spi_write_MR_reg(const void *const hw, hri_spi_mr_reg_t data)
{
  401732:	b480      	push	{r7}
  401734:	b083      	sub	sp, #12
  401736:	af00      	add	r7, sp, #0
  401738:	6078      	str	r0, [r7, #4]
  40173a:	6039      	str	r1, [r7, #0]
	SPI_CRITICAL_SECTION_ENTER();
	((Spi *)hw)->SPI_MR = data;
  40173c:	687b      	ldr	r3, [r7, #4]
  40173e:	683a      	ldr	r2, [r7, #0]
  401740:	605a      	str	r2, [r3, #4]
	SPI_CRITICAL_SECTION_LEAVE();
}
  401742:	bf00      	nop
  401744:	370c      	adds	r7, #12
  401746:	46bd      	mov	sp, r7
  401748:	f85d 7b04 	ldr.w	r7, [sp], #4
  40174c:	4770      	bx	lr

0040174e <hri_spi_write_CSR_reg>:
	tmp &= mask;
	return tmp;
}

static inline void hri_spi_write_CSR_reg(const void *const hw, uint8_t index, hri_spi_csr_reg_t data)
{
  40174e:	b480      	push	{r7}
  401750:	b085      	sub	sp, #20
  401752:	af00      	add	r7, sp, #0
  401754:	60f8      	str	r0, [r7, #12]
  401756:	460b      	mov	r3, r1
  401758:	607a      	str	r2, [r7, #4]
  40175a:	72fb      	strb	r3, [r7, #11]
	SPI_CRITICAL_SECTION_ENTER();
	((Spi *)hw)->SPI_CSR[index] = data;
  40175c:	7afa      	ldrb	r2, [r7, #11]
  40175e:	68fb      	ldr	r3, [r7, #12]
  401760:	320c      	adds	r2, #12
  401762:	6879      	ldr	r1, [r7, #4]
  401764:	f843 1022 	str.w	r1, [r3, r2, lsl #2]
	SPI_CRITICAL_SECTION_LEAVE();
}
  401768:	bf00      	nop
  40176a:	3714      	adds	r7, #20
  40176c:	46bd      	mov	sp, r7
  40176e:	f85d 7b04 	ldr.w	r7, [sp], #4
  401772:	4770      	bx	lr

00401774 <hri_spi_write_CR_reg>:
{
	return ((Spi *)hw)->SPI_WPMR;
}

static inline void hri_spi_write_CR_reg(const void *const hw, hri_spi_cr_reg_t data)
{
  401774:	b480      	push	{r7}
  401776:	b083      	sub	sp, #12
  401778:	af00      	add	r7, sp, #0
  40177a:	6078      	str	r0, [r7, #4]
  40177c:	6039      	str	r1, [r7, #0]
	SPI_CRITICAL_SECTION_ENTER();
	((Spi *)hw)->SPI_CR = data;
  40177e:	687b      	ldr	r3, [r7, #4]
  401780:	683a      	ldr	r2, [r7, #0]
  401782:	601a      	str	r2, [r3, #0]
	SPI_CRITICAL_SECTION_LEAVE();
}
  401784:	bf00      	nop
  401786:	370c      	adds	r7, #12
  401788:	46bd      	mov	sp, r7
  40178a:	f85d 7b04 	ldr.w	r7, [sp], #4
  40178e:	4770      	bx	lr

00401790 <hri_spi_write_TDR_reg>:

static inline void hri_spi_write_TDR_reg(const void *const hw, hri_spi_tdr_reg_t data)
{
  401790:	b480      	push	{r7}
  401792:	b083      	sub	sp, #12
  401794:	af00      	add	r7, sp, #0
  401796:	6078      	str	r0, [r7, #4]
  401798:	6039      	str	r1, [r7, #0]
	SPI_CRITICAL_SECTION_ENTER();
	((Spi *)hw)->SPI_TDR = data;
  40179a:	687b      	ldr	r3, [r7, #4]
  40179c:	683a      	ldr	r2, [r7, #0]
  40179e:	60da      	str	r2, [r3, #12]
	SPI_CRITICAL_SECTION_LEAVE();
}
  4017a0:	bf00      	nop
  4017a2:	370c      	adds	r7, #12
  4017a4:	46bd      	mov	sp, r7
  4017a6:	f85d 7b04 	ldr.w	r7, [sp], #4
  4017aa:	4770      	bx	lr

004017ac <_spi_get_hardware_index>:

/**
 * \brief Retrieve ordinal number of the given SPI hardware instance
 */
static uint8_t _spi_get_hardware_index(const void *const hw)
{
  4017ac:	b480      	push	{r7}
  4017ae:	b085      	sub	sp, #20
  4017b0:	af00      	add	r7, sp, #0
  4017b2:	6078      	str	r0, [r7, #4]

	uint8_t index = ((uint32_t)hw - (uint32_t)SPI0) >> 16;
  4017b4:	687a      	ldr	r2, [r7, #4]
  4017b6:	4b08      	ldr	r3, [pc, #32]	; (4017d8 <_spi_get_hardware_index+0x2c>)
  4017b8:	4413      	add	r3, r2
  4017ba:	0c1b      	lsrs	r3, r3, #16
  4017bc:	73fb      	strb	r3, [r7, #15]

	if (index == 5) {
  4017be:	7bfb      	ldrb	r3, [r7, #15]
  4017c0:	2b05      	cmp	r3, #5
  4017c2:	d101      	bne.n	4017c8 <_spi_get_hardware_index+0x1c>
		return 1;
  4017c4:	2301      	movs	r3, #1
  4017c6:	e000      	b.n	4017ca <_spi_get_hardware_index+0x1e>
	} else {
		return 0;
  4017c8:	2300      	movs	r3, #0
	}
}
  4017ca:	4618      	mov	r0, r3
  4017cc:	3714      	adds	r7, #20
  4017ce:	46bd      	mov	sp, r7
  4017d0:	f85d 7b04 	ldr.w	r7, [sp], #4
  4017d4:	4770      	bx	lr
  4017d6:	bf00      	nop
  4017d8:	bfff8000 	.word	0xbfff8000

004017dc <_spi_get_regs>:
/** \brief Return the pointer to register settings of specific SPI
 *  \param[in] hw_addr The hardware register base address.
 *  \return Pointer to register settings of specific SERCOM.
 */
static inline const struct spi_regs_cfg *_spi_get_regs(const uint32_t hw_addr)
{
  4017dc:	b580      	push	{r7, lr}
  4017de:	b084      	sub	sp, #16
  4017e0:	af00      	add	r7, sp, #0
  4017e2:	6078      	str	r0, [r7, #4]
	uint8_t n = _spi_get_hardware_index((const void *)hw_addr);
  4017e4:	687b      	ldr	r3, [r7, #4]
  4017e6:	4618      	mov	r0, r3
  4017e8:	4b12      	ldr	r3, [pc, #72]	; (401834 <_spi_get_regs+0x58>)
  4017ea:	4798      	blx	r3
  4017ec:	4603      	mov	r3, r0
  4017ee:	73bb      	strb	r3, [r7, #14]
	uint8_t i;

	for (i = 0; i < sizeof(spi_regs) / sizeof(struct spi_regs_cfg); i++) {
  4017f0:	2300      	movs	r3, #0
  4017f2:	73fb      	strb	r3, [r7, #15]
  4017f4:	e015      	b.n	401822 <_spi_get_regs+0x46>
		if (spi_regs[i].number == n) {
  4017f6:	7bfa      	ldrb	r2, [r7, #15]
  4017f8:	490f      	ldr	r1, [pc, #60]	; (401838 <_spi_get_regs+0x5c>)
  4017fa:	4613      	mov	r3, r2
  4017fc:	009b      	lsls	r3, r3, #2
  4017fe:	4413      	add	r3, r2
  401800:	009b      	lsls	r3, r3, #2
  401802:	440b      	add	r3, r1
  401804:	781b      	ldrb	r3, [r3, #0]
  401806:	7bba      	ldrb	r2, [r7, #14]
  401808:	429a      	cmp	r2, r3
  40180a:	d107      	bne.n	40181c <_spi_get_regs+0x40>
			return &spi_regs[i];
  40180c:	7bfa      	ldrb	r2, [r7, #15]
  40180e:	4613      	mov	r3, r2
  401810:	009b      	lsls	r3, r3, #2
  401812:	4413      	add	r3, r2
  401814:	009b      	lsls	r3, r3, #2
  401816:	4a08      	ldr	r2, [pc, #32]	; (401838 <_spi_get_regs+0x5c>)
  401818:	4413      	add	r3, r2
  40181a:	e006      	b.n	40182a <_spi_get_regs+0x4e>
	for (i = 0; i < sizeof(spi_regs) / sizeof(struct spi_regs_cfg); i++) {
  40181c:	7bfb      	ldrb	r3, [r7, #15]
  40181e:	3301      	adds	r3, #1
  401820:	73fb      	strb	r3, [r7, #15]
  401822:	7bfb      	ldrb	r3, [r7, #15]
  401824:	2b00      	cmp	r3, #0
  401826:	d0e6      	beq.n	4017f6 <_spi_get_regs+0x1a>
		}
	}

	return NULL;
  401828:	2300      	movs	r3, #0
}
  40182a:	4618      	mov	r0, r3
  40182c:	3710      	adds	r7, #16
  40182e:	46bd      	mov	sp, r7
  401830:	bd80      	pop	{r7, pc}
  401832:	bf00      	nop
  401834:	004017ad 	.word	0x004017ad
  401838:	00402688 	.word	0x00402688

0040183c <_spi_m_sync_init>:

int32_t _spi_m_sync_init(struct _spi_m_sync_dev *dev, void *const hw)
{
  40183c:	b580      	push	{r7, lr}
  40183e:	b084      	sub	sp, #16
  401840:	af00      	add	r7, sp, #0
  401842:	6078      	str	r0, [r7, #4]
  401844:	6039      	str	r1, [r7, #0]
	const struct spi_regs_cfg *regs = _spi_get_regs((uint32_t)hw);
  401846:	683b      	ldr	r3, [r7, #0]
  401848:	4618      	mov	r0, r3
  40184a:	4b2a      	ldr	r3, [pc, #168]	; (4018f4 <_spi_m_sync_init+0xb8>)
  40184c:	4798      	blx	r3
  40184e:	60f8      	str	r0, [r7, #12]

	ASSERT(dev && hw);
  401850:	687b      	ldr	r3, [r7, #4]
  401852:	2b00      	cmp	r3, #0
  401854:	d004      	beq.n	401860 <_spi_m_sync_init+0x24>
  401856:	683b      	ldr	r3, [r7, #0]
  401858:	2b00      	cmp	r3, #0
  40185a:	d001      	beq.n	401860 <_spi_m_sync_init+0x24>
  40185c:	2301      	movs	r3, #1
  40185e:	e000      	b.n	401862 <_spi_m_sync_init+0x26>
  401860:	2300      	movs	r3, #0
  401862:	f003 0301 	and.w	r3, r3, #1
  401866:	b2db      	uxtb	r3, r3
  401868:	f44f 729a 	mov.w	r2, #308	; 0x134
  40186c:	4922      	ldr	r1, [pc, #136]	; (4018f8 <_spi_m_sync_init+0xbc>)
  40186e:	4618      	mov	r0, r3
  401870:	4b22      	ldr	r3, [pc, #136]	; (4018fc <_spi_m_sync_init+0xc0>)
  401872:	4798      	blx	r3

	if (regs == NULL) {
  401874:	68fb      	ldr	r3, [r7, #12]
  401876:	2b00      	cmp	r3, #0
  401878:	d102      	bne.n	401880 <_spi_m_sync_init+0x44>
		return ERR_INVALID_ARG;
  40187a:	f06f 030c 	mvn.w	r3, #12
  40187e:	e035      	b.n	4018ec <_spi_m_sync_init+0xb0>
	}

	if (hri_spi_get_SR_SPIENS_bit(hw)) {
  401880:	6838      	ldr	r0, [r7, #0]
  401882:	4b1f      	ldr	r3, [pc, #124]	; (401900 <_spi_m_sync_init+0xc4>)
  401884:	4798      	blx	r3
  401886:	4603      	mov	r3, r0
  401888:	2b00      	cmp	r3, #0
  40188a:	d002      	beq.n	401892 <_spi_m_sync_init+0x56>
		return ERR_DENIED;
  40188c:	f06f 0310 	mvn.w	r3, #16
  401890:	e02c      	b.n	4018ec <_spi_m_sync_init+0xb0>
	}
	hri_spi_write_CR_reg(hw, SPI_CR_SWRST);
  401892:	2180      	movs	r1, #128	; 0x80
  401894:	6838      	ldr	r0, [r7, #0]
  401896:	4b1b      	ldr	r3, [pc, #108]	; (401904 <_spi_m_sync_init+0xc8>)
  401898:	4798      	blx	r3
	dev->prvt = hw;
  40189a:	687b      	ldr	r3, [r7, #4]
  40189c:	683a      	ldr	r2, [r7, #0]
  40189e:	601a      	str	r2, [r3, #0]
	hri_spi_write_CR_reg(hw, (regs->cr & ~(SPI_CR_SPIEN | SPI_CR_SPIDIS | SPI_CR_SWRST | SPI_CR_LASTXFER)));
  4018a0:	68fb      	ldr	r3, [r7, #12]
  4018a2:	685a      	ldr	r2, [r3, #4]
  4018a4:	4b18      	ldr	r3, [pc, #96]	; (401908 <_spi_m_sync_init+0xcc>)
  4018a6:	4013      	ands	r3, r2
  4018a8:	4619      	mov	r1, r3
  4018aa:	6838      	ldr	r0, [r7, #0]
  4018ac:	4b15      	ldr	r3, [pc, #84]	; (401904 <_spi_m_sync_init+0xc8>)
  4018ae:	4798      	blx	r3
	hri_spi_write_MR_reg(hw, ((regs->mr | SPI_MR_PCS(0x0E) | SPI_MR_MODFDIS) & ~SPI_MR_LLB));
  4018b0:	68fb      	ldr	r3, [r7, #12]
  4018b2:	689a      	ldr	r2, [r3, #8]
  4018b4:	4b15      	ldr	r3, [pc, #84]	; (40190c <_spi_m_sync_init+0xd0>)
  4018b6:	4013      	ands	r3, r2
  4018b8:	4a15      	ldr	r2, [pc, #84]	; (401910 <_spi_m_sync_init+0xd4>)
  4018ba:	431a      	orrs	r2, r3
  4018bc:	4611      	mov	r1, r2
  4018be:	6838      	ldr	r0, [r7, #0]
  4018c0:	4b14      	ldr	r3, [pc, #80]	; (401914 <_spi_m_sync_init+0xd8>)
  4018c2:	4798      	blx	r3
	hri_spi_write_CSR_reg(hw, 0, regs->csr);
  4018c4:	68fb      	ldr	r3, [r7, #12]
  4018c6:	68db      	ldr	r3, [r3, #12]
  4018c8:	461a      	mov	r2, r3
  4018ca:	2100      	movs	r1, #0
  4018cc:	6838      	ldr	r0, [r7, #0]
  4018ce:	4b12      	ldr	r3, [pc, #72]	; (401918 <_spi_m_sync_init+0xdc>)
  4018d0:	4798      	blx	r3

	dev->dummy_byte = regs->dummy_byte;
  4018d2:	68fb      	ldr	r3, [r7, #12]
  4018d4:	8a1a      	ldrh	r2, [r3, #16]
  4018d6:	687b      	ldr	r3, [r7, #4]
  4018d8:	80da      	strh	r2, [r3, #6]
	dev->char_size  = regs->csr & SPI_CSR_BITS_Msk;
  4018da:	68fb      	ldr	r3, [r7, #12]
  4018dc:	68db      	ldr	r3, [r3, #12]
  4018de:	b2db      	uxtb	r3, r3
  4018e0:	f023 030f 	bic.w	r3, r3, #15
  4018e4:	b2da      	uxtb	r2, r3
  4018e6:	687b      	ldr	r3, [r7, #4]
  4018e8:	711a      	strb	r2, [r3, #4]

	return ERR_NONE;
  4018ea:	2300      	movs	r3, #0
}
  4018ec:	4618      	mov	r0, r3
  4018ee:	3710      	adds	r7, #16
  4018f0:	46bd      	mov	sp, r7
  4018f2:	bd80      	pop	{r7, pc}
  4018f4:	004017dd 	.word	0x004017dd
  4018f8:	0040269c 	.word	0x0040269c
  4018fc:	00401195 	.word	0x00401195
  401900:	004016cf 	.word	0x004016cf
  401904:	00401775 	.word	0x00401775
  401908:	feffff7c 	.word	0xfeffff7c
  40190c:	fff1ff6f 	.word	0xfff1ff6f
  401910:	000e0010 	.word	0x000e0010
  401914:	00401733 	.word	0x00401733
  401918:	0040174f 	.word	0x0040174f

0040191c <_spi_wait_bus_idle>:
	return _spi_set_char_size(dev->prvt, char_size, &dev->char_size);
}

/** Wait until SPI bus idle. */
static inline void _spi_wait_bus_idle(void *const hw)
{
  40191c:	b580      	push	{r7, lr}
  40191e:	b082      	sub	sp, #8
  401920:	af00      	add	r7, sp, #0
  401922:	6078      	str	r0, [r7, #4]
	while (!(hri_spi_get_SR_reg(hw, SPI_SR_TXEMPTY))) {
  401924:	bf00      	nop
  401926:	f44f 7100 	mov.w	r1, #512	; 0x200
  40192a:	6878      	ldr	r0, [r7, #4]
  40192c:	4b04      	ldr	r3, [pc, #16]	; (401940 <_spi_wait_bus_idle+0x24>)
  40192e:	4798      	blx	r3
  401930:	4603      	mov	r3, r0
  401932:	2b00      	cmp	r3, #0
  401934:	d0f7      	beq.n	401926 <_spi_wait_bus_idle+0xa>
	}
}
  401936:	bf00      	nop
  401938:	3708      	adds	r7, #8
  40193a:	46bd      	mov	sp, r7
  40193c:	bd80      	pop	{r7, pc}
  40193e:	bf00      	nop
  401940:	004016f5 	.word	0x004016f5

00401944 <_spi_rx_check_and_receive>:
	uint8_t char_size;
};

/** Check flag of RXC and update transaction runtime information. */
static inline bool _spi_rx_check_and_receive(void *const hw, struct _spi_trans_ctrl *ctrl)
{
  401944:	b580      	push	{r7, lr}
  401946:	b084      	sub	sp, #16
  401948:	af00      	add	r7, sp, #0
  40194a:	6078      	str	r0, [r7, #4]
  40194c:	6039      	str	r1, [r7, #0]
	uint32_t data;

	if (!(hri_spi_read_SR_reg(hw) & SPI_SR_RDRF)) {
  40194e:	6878      	ldr	r0, [r7, #4]
  401950:	4b17      	ldr	r3, [pc, #92]	; (4019b0 <_spi_rx_check_and_receive+0x6c>)
  401952:	4798      	blx	r3
  401954:	4603      	mov	r3, r0
  401956:	f003 0301 	and.w	r3, r3, #1
  40195a:	2b00      	cmp	r3, #0
  40195c:	d101      	bne.n	401962 <_spi_rx_check_and_receive+0x1e>
		return false;
  40195e:	2300      	movs	r3, #0
  401960:	e022      	b.n	4019a8 <_spi_rx_check_and_receive+0x64>
	}

	data = hri_spi_read_RDR_RD_bf(hw);
  401962:	6878      	ldr	r0, [r7, #4]
  401964:	4b13      	ldr	r3, [pc, #76]	; (4019b4 <_spi_rx_check_and_receive+0x70>)
  401966:	4798      	blx	r3
  401968:	60f8      	str	r0, [r7, #12]

	if (ctrl->rxbuf) {
  40196a:	683b      	ldr	r3, [r7, #0]
  40196c:	685b      	ldr	r3, [r3, #4]
  40196e:	2b00      	cmp	r3, #0
  401970:	d014      	beq.n	40199c <_spi_rx_check_and_receive+0x58>
		*ctrl->rxbuf++ = (uint8_t)data;
  401972:	683b      	ldr	r3, [r7, #0]
  401974:	685b      	ldr	r3, [r3, #4]
  401976:	1c59      	adds	r1, r3, #1
  401978:	683a      	ldr	r2, [r7, #0]
  40197a:	6051      	str	r1, [r2, #4]
  40197c:	68fa      	ldr	r2, [r7, #12]
  40197e:	b2d2      	uxtb	r2, r2
  401980:	701a      	strb	r2, [r3, #0]

		if (ctrl->char_size > 1) {
  401982:	683b      	ldr	r3, [r7, #0]
  401984:	7c1b      	ldrb	r3, [r3, #16]
  401986:	2b01      	cmp	r3, #1
  401988:	d908      	bls.n	40199c <_spi_rx_check_and_receive+0x58>
			*ctrl->rxbuf++ = (uint8_t)(data >> 8);
  40198a:	683b      	ldr	r3, [r7, #0]
  40198c:	685b      	ldr	r3, [r3, #4]
  40198e:	1c59      	adds	r1, r3, #1
  401990:	683a      	ldr	r2, [r7, #0]
  401992:	6051      	str	r1, [r2, #4]
  401994:	68fa      	ldr	r2, [r7, #12]
  401996:	0a12      	lsrs	r2, r2, #8
  401998:	b2d2      	uxtb	r2, r2
  40199a:	701a      	strb	r2, [r3, #0]
		}
	}

	ctrl->rxcnt++;
  40199c:	683b      	ldr	r3, [r7, #0]
  40199e:	68db      	ldr	r3, [r3, #12]
  4019a0:	1c5a      	adds	r2, r3, #1
  4019a2:	683b      	ldr	r3, [r7, #0]
  4019a4:	60da      	str	r2, [r3, #12]

	return true;
  4019a6:	2301      	movs	r3, #1
}
  4019a8:	4618      	mov	r0, r3
  4019aa:	3710      	adds	r7, #16
  4019ac:	46bd      	mov	sp, r7
  4019ae:	bd80      	pop	{r7, pc}
  4019b0:	0040171b 	.word	0x0040171b
  4019b4:	004016b5 	.word	0x004016b5

004019b8 <_spi_tx_check_and_send>:

/** Check flag of DRE and update transaction runtime information. */
static inline bool _spi_tx_check_and_send(void *const hw, struct _spi_trans_ctrl *ctrl, uint16_t dummy)
{
  4019b8:	b580      	push	{r7, lr}
  4019ba:	b086      	sub	sp, #24
  4019bc:	af00      	add	r7, sp, #0
  4019be:	60f8      	str	r0, [r7, #12]
  4019c0:	60b9      	str	r1, [r7, #8]
  4019c2:	4613      	mov	r3, r2
  4019c4:	80fb      	strh	r3, [r7, #6]
	uint32_t data;

	if (!(hri_spi_read_SR_reg(hw) & SPI_SR_TDRE)) {
  4019c6:	68f8      	ldr	r0, [r7, #12]
  4019c8:	4b1a      	ldr	r3, [pc, #104]	; (401a34 <_spi_tx_check_and_send+0x7c>)
  4019ca:	4798      	blx	r3
  4019cc:	4603      	mov	r3, r0
  4019ce:	f003 0302 	and.w	r3, r3, #2
  4019d2:	2b00      	cmp	r3, #0
  4019d4:	d101      	bne.n	4019da <_spi_tx_check_and_send+0x22>
		return false;
  4019d6:	2300      	movs	r3, #0
  4019d8:	e028      	b.n	401a2c <_spi_tx_check_and_send+0x74>
	}

	if (ctrl->txbuf) {
  4019da:	68bb      	ldr	r3, [r7, #8]
  4019dc:	681b      	ldr	r3, [r3, #0]
  4019de:	2b00      	cmp	r3, #0
  4019e0:	d018      	beq.n	401a14 <_spi_tx_check_and_send+0x5c>
		data = *ctrl->txbuf++;
  4019e2:	68bb      	ldr	r3, [r7, #8]
  4019e4:	681b      	ldr	r3, [r3, #0]
  4019e6:	1c59      	adds	r1, r3, #1
  4019e8:	68ba      	ldr	r2, [r7, #8]
  4019ea:	6011      	str	r1, [r2, #0]
  4019ec:	781b      	ldrb	r3, [r3, #0]
  4019ee:	617b      	str	r3, [r7, #20]

		if (ctrl->char_size > 1) {
  4019f0:	68bb      	ldr	r3, [r7, #8]
  4019f2:	7c1b      	ldrb	r3, [r3, #16]
  4019f4:	2b01      	cmp	r3, #1
  4019f6:	d90f      	bls.n	401a18 <_spi_tx_check_and_send+0x60>
			data |= (*ctrl->txbuf) << 8;
  4019f8:	68bb      	ldr	r3, [r7, #8]
  4019fa:	681b      	ldr	r3, [r3, #0]
  4019fc:	781b      	ldrb	r3, [r3, #0]
  4019fe:	021b      	lsls	r3, r3, #8
  401a00:	461a      	mov	r2, r3
  401a02:	697b      	ldr	r3, [r7, #20]
  401a04:	4313      	orrs	r3, r2
  401a06:	617b      	str	r3, [r7, #20]
			ctrl->txbuf++;
  401a08:	68bb      	ldr	r3, [r7, #8]
  401a0a:	681b      	ldr	r3, [r3, #0]
  401a0c:	1c5a      	adds	r2, r3, #1
  401a0e:	68bb      	ldr	r3, [r7, #8]
  401a10:	601a      	str	r2, [r3, #0]
  401a12:	e001      	b.n	401a18 <_spi_tx_check_and_send+0x60>
		}
	} else {
		data = dummy;
  401a14:	88fb      	ldrh	r3, [r7, #6]
  401a16:	617b      	str	r3, [r7, #20]
	}

	ctrl->txcnt++;
  401a18:	68bb      	ldr	r3, [r7, #8]
  401a1a:	689b      	ldr	r3, [r3, #8]
  401a1c:	1c5a      	adds	r2, r3, #1
  401a1e:	68bb      	ldr	r3, [r7, #8]
  401a20:	609a      	str	r2, [r3, #8]
	hri_spi_write_TDR_reg(hw, data);
  401a22:	6979      	ldr	r1, [r7, #20]
  401a24:	68f8      	ldr	r0, [r7, #12]
  401a26:	4b04      	ldr	r3, [pc, #16]	; (401a38 <_spi_tx_check_and_send+0x80>)
  401a28:	4798      	blx	r3
	return true;
  401a2a:	2301      	movs	r3, #1
}
  401a2c:	4618      	mov	r0, r3
  401a2e:	3718      	adds	r7, #24
  401a30:	46bd      	mov	sp, r7
  401a32:	bd80      	pop	{r7, pc}
  401a34:	0040171b 	.word	0x0040171b
  401a38:	00401791 	.word	0x00401791

00401a3c <_spi_err_check>:

/** Check interrupt flag of ERROR and update transaction runtime information. */
static inline int32_t _spi_err_check(const uint32_t iflag, void *const hw)
{
  401a3c:	b580      	push	{r7, lr}
  401a3e:	b082      	sub	sp, #8
  401a40:	af00      	add	r7, sp, #0
  401a42:	6078      	str	r0, [r7, #4]
  401a44:	6039      	str	r1, [r7, #0]
	ASSERT(hw);
  401a46:	683b      	ldr	r3, [r7, #0]
  401a48:	2b00      	cmp	r3, #0
  401a4a:	bf14      	ite	ne
  401a4c:	2301      	movne	r3, #1
  401a4e:	2300      	moveq	r3, #0
  401a50:	b2db      	uxtb	r3, r3
  401a52:	f240 2222 	movw	r2, #546	; 0x222
  401a56:	4908      	ldr	r1, [pc, #32]	; (401a78 <_spi_err_check+0x3c>)
  401a58:	4618      	mov	r0, r3
  401a5a:	4b08      	ldr	r3, [pc, #32]	; (401a7c <_spi_err_check+0x40>)
  401a5c:	4798      	blx	r3

	if (SPI_SR_OVRES & iflag) {
  401a5e:	687b      	ldr	r3, [r7, #4]
  401a60:	f003 0308 	and.w	r3, r3, #8
  401a64:	2b00      	cmp	r3, #0
  401a66:	d002      	beq.n	401a6e <_spi_err_check+0x32>
		return ERR_OVERFLOW;
  401a68:	f06f 0312 	mvn.w	r3, #18
  401a6c:	e000      	b.n	401a70 <_spi_err_check+0x34>
	}

	return ERR_NONE;
  401a6e:	2300      	movs	r3, #0
}
  401a70:	4618      	mov	r0, r3
  401a72:	3708      	adds	r7, #8
  401a74:	46bd      	mov	sp, r7
  401a76:	bd80      	pop	{r7, pc}
  401a78:	0040269c 	.word	0x0040269c
  401a7c:	00401195 	.word	0x00401195

00401a80 <_spi_m_sync_trans>:

int32_t _spi_m_sync_trans(struct _spi_m_sync_dev *dev, const struct spi_msg *msg)
{
  401a80:	b580      	push	{r7, lr}
  401a82:	b08a      	sub	sp, #40	; 0x28
  401a84:	af00      	add	r7, sp, #0
  401a86:	6078      	str	r0, [r7, #4]
  401a88:	6039      	str	r1, [r7, #0]
	void *                 hw   = dev->prvt;
  401a8a:	687b      	ldr	r3, [r7, #4]
  401a8c:	681b      	ldr	r3, [r3, #0]
  401a8e:	623b      	str	r3, [r7, #32]
	int32_t                rc   = 0;
  401a90:	2300      	movs	r3, #0
  401a92:	627b      	str	r3, [r7, #36]	; 0x24
	struct _spi_trans_ctrl ctrl = {msg->txbuf, msg->rxbuf, 0, 0, dev->char_size};
  401a94:	683b      	ldr	r3, [r7, #0]
  401a96:	681b      	ldr	r3, [r3, #0]
  401a98:	60fb      	str	r3, [r7, #12]
  401a9a:	683b      	ldr	r3, [r7, #0]
  401a9c:	685b      	ldr	r3, [r3, #4]
  401a9e:	613b      	str	r3, [r7, #16]
  401aa0:	2300      	movs	r3, #0
  401aa2:	617b      	str	r3, [r7, #20]
  401aa4:	2300      	movs	r3, #0
  401aa6:	61bb      	str	r3, [r7, #24]
  401aa8:	687b      	ldr	r3, [r7, #4]
  401aaa:	791b      	ldrb	r3, [r3, #4]
  401aac:	773b      	strb	r3, [r7, #28]

	ASSERT(dev && hw);
  401aae:	687b      	ldr	r3, [r7, #4]
  401ab0:	2b00      	cmp	r3, #0
  401ab2:	d004      	beq.n	401abe <_spi_m_sync_trans+0x3e>
  401ab4:	6a3b      	ldr	r3, [r7, #32]
  401ab6:	2b00      	cmp	r3, #0
  401ab8:	d001      	beq.n	401abe <_spi_m_sync_trans+0x3e>
  401aba:	2301      	movs	r3, #1
  401abc:	e000      	b.n	401ac0 <_spi_m_sync_trans+0x40>
  401abe:	2300      	movs	r3, #0
  401ac0:	f003 0301 	and.w	r3, r3, #1
  401ac4:	b2db      	uxtb	r3, r3
  401ac6:	f240 2231 	movw	r2, #561	; 0x231
  401aca:	4925      	ldr	r1, [pc, #148]	; (401b60 <_spi_m_sync_trans+0xe0>)
  401acc:	4618      	mov	r0, r3
  401ace:	4b25      	ldr	r3, [pc, #148]	; (401b64 <_spi_m_sync_trans+0xe4>)
  401ad0:	4798      	blx	r3

	/* SPI must be enabled to start synchronous transfer */
	if (!hri_spi_get_SR_SPIENS_bit(hw)) {
  401ad2:	6a38      	ldr	r0, [r7, #32]
  401ad4:	4b24      	ldr	r3, [pc, #144]	; (401b68 <_spi_m_sync_trans+0xe8>)
  401ad6:	4798      	blx	r3
  401ad8:	4603      	mov	r3, r0
  401ada:	f083 0301 	eor.w	r3, r3, #1
  401ade:	b2db      	uxtb	r3, r3
  401ae0:	2b00      	cmp	r3, #0
  401ae2:	d002      	beq.n	401aea <_spi_m_sync_trans+0x6a>
		return ERR_NOT_INITIALIZED;
  401ae4:	f06f 0313 	mvn.w	r3, #19
  401ae8:	e035      	b.n	401b56 <_spi_m_sync_trans+0xd6>
	}

	for (;;) {
		if (!_spi_rx_check_and_receive(hw, &ctrl)) {
  401aea:	f107 030c 	add.w	r3, r7, #12
  401aee:	4619      	mov	r1, r3
  401af0:	6a38      	ldr	r0, [r7, #32]
  401af2:	4b1e      	ldr	r3, [pc, #120]	; (401b6c <_spi_m_sync_trans+0xec>)
  401af4:	4798      	blx	r3
  401af6:	4603      	mov	r3, r0
  401af8:	f083 0301 	eor.w	r3, r3, #1
  401afc:	b2db      	uxtb	r3, r3
  401afe:	2b00      	cmp	r3, #0
  401b00:	d00b      	beq.n	401b1a <_spi_m_sync_trans+0x9a>
			/* In master mode, do not start next byte before previous byte received
			 * to make better output waveform */
			if (ctrl.rxcnt >= ctrl.txcnt) {
  401b02:	69ba      	ldr	r2, [r7, #24]
  401b04:	697b      	ldr	r3, [r7, #20]
  401b06:	429a      	cmp	r2, r3
  401b08:	d307      	bcc.n	401b1a <_spi_m_sync_trans+0x9a>
				_spi_tx_check_and_send(hw, &ctrl, dev->dummy_byte);
  401b0a:	687b      	ldr	r3, [r7, #4]
  401b0c:	88da      	ldrh	r2, [r3, #6]
  401b0e:	f107 030c 	add.w	r3, r7, #12
  401b12:	4619      	mov	r1, r3
  401b14:	6a38      	ldr	r0, [r7, #32]
  401b16:	4b16      	ldr	r3, [pc, #88]	; (401b70 <_spi_m_sync_trans+0xf0>)
  401b18:	4798      	blx	r3
			}
		}
		rc = _spi_err_check(hri_spi_read_SR_reg(hw), hw);
  401b1a:	6a38      	ldr	r0, [r7, #32]
  401b1c:	4b15      	ldr	r3, [pc, #84]	; (401b74 <_spi_m_sync_trans+0xf4>)
  401b1e:	4798      	blx	r3
  401b20:	4603      	mov	r3, r0
  401b22:	6a39      	ldr	r1, [r7, #32]
  401b24:	4618      	mov	r0, r3
  401b26:	4b14      	ldr	r3, [pc, #80]	; (401b78 <_spi_m_sync_trans+0xf8>)
  401b28:	4798      	blx	r3
  401b2a:	6278      	str	r0, [r7, #36]	; 0x24
		if (rc < 0) {
  401b2c:	6a7b      	ldr	r3, [r7, #36]	; 0x24
  401b2e:	2b00      	cmp	r3, #0
  401b30:	db0c      	blt.n	401b4c <_spi_m_sync_trans+0xcc>
			break;
		}
		if (ctrl.txcnt >= msg->size && ctrl.rxcnt >= msg->size) {
  401b32:	697a      	ldr	r2, [r7, #20]
  401b34:	683b      	ldr	r3, [r7, #0]
  401b36:	689b      	ldr	r3, [r3, #8]
  401b38:	429a      	cmp	r2, r3
  401b3a:	d3d6      	bcc.n	401aea <_spi_m_sync_trans+0x6a>
  401b3c:	69ba      	ldr	r2, [r7, #24]
  401b3e:	683b      	ldr	r3, [r7, #0]
  401b40:	689b      	ldr	r3, [r3, #8]
  401b42:	429a      	cmp	r2, r3
  401b44:	d3d1      	bcc.n	401aea <_spi_m_sync_trans+0x6a>
			rc = ctrl.txcnt;
  401b46:	697b      	ldr	r3, [r7, #20]
  401b48:	627b      	str	r3, [r7, #36]	; 0x24
			break;
  401b4a:	e000      	b.n	401b4e <_spi_m_sync_trans+0xce>
			break;
  401b4c:	bf00      	nop
		}
	}

	/* Wait until SPI bus idle */
	_spi_wait_bus_idle(hw);
  401b4e:	6a38      	ldr	r0, [r7, #32]
  401b50:	4b0a      	ldr	r3, [pc, #40]	; (401b7c <_spi_m_sync_trans+0xfc>)
  401b52:	4798      	blx	r3

	return rc;
  401b54:	6a7b      	ldr	r3, [r7, #36]	; 0x24
}
  401b56:	4618      	mov	r0, r3
  401b58:	3728      	adds	r7, #40	; 0x28
  401b5a:	46bd      	mov	sp, r7
  401b5c:	bd80      	pop	{r7, pc}
  401b5e:	bf00      	nop
  401b60:	0040269c 	.word	0x0040269c
  401b64:	00401195 	.word	0x00401195
  401b68:	004016cf 	.word	0x004016cf
  401b6c:	00401945 	.word	0x00401945
  401b70:	004019b9 	.word	0x004019b9
  401b74:	0040171b 	.word	0x0040171b
  401b78:	00401a3d 	.word	0x00401a3d
  401b7c:	0040191d 	.word	0x0040191d

00401b80 <_spi_get_spi_m_sync>:

/**
 * \brief Retrieve usart sync helper functions
 */
void *_spi_get_spi_m_sync(void)
{
  401b80:	b480      	push	{r7}
  401b82:	af00      	add	r7, sp, #0
	return (void *)NULL;
  401b84:	2300      	movs	r3, #0
}
  401b86:	4618      	mov	r0, r3
  401b88:	46bd      	mov	sp, r7
  401b8a:	f85d 7b04 	ldr.w	r7, [sp], #4
  401b8e:	4770      	bx	lr

00401b90 <hri_twihs_get_SR_TXCOMP_bit>:
{
	((Twihs *)hw)->TWIHS_IDR = mask;
}

static inline bool hri_twihs_get_SR_TXCOMP_bit(const void *const hw)
{
  401b90:	b480      	push	{r7}
  401b92:	b083      	sub	sp, #12
  401b94:	af00      	add	r7, sp, #0
  401b96:	6078      	str	r0, [r7, #4]
	return (((Twihs *)hw)->TWIHS_SR & TWIHS_SR_TXCOMP) > 0;
  401b98:	687b      	ldr	r3, [r7, #4]
  401b9a:	6a1b      	ldr	r3, [r3, #32]
  401b9c:	f003 0301 	and.w	r3, r3, #1
  401ba0:	2b00      	cmp	r3, #0
  401ba2:	bf14      	ite	ne
  401ba4:	2301      	movne	r3, #1
  401ba6:	2300      	moveq	r3, #0
  401ba8:	b2db      	uxtb	r3, r3
}
  401baa:	4618      	mov	r0, r3
  401bac:	370c      	adds	r7, #12
  401bae:	46bd      	mov	sp, r7
  401bb0:	f85d 7b04 	ldr.w	r7, [sp], #4
  401bb4:	4770      	bx	lr

00401bb6 <hri_twihs_get_SR_RXRDY_bit>:

static inline bool hri_twihs_get_SR_RXRDY_bit(const void *const hw)
{
  401bb6:	b480      	push	{r7}
  401bb8:	b083      	sub	sp, #12
  401bba:	af00      	add	r7, sp, #0
  401bbc:	6078      	str	r0, [r7, #4]
	return (((Twihs *)hw)->TWIHS_SR & TWIHS_SR_RXRDY) > 0;
  401bbe:	687b      	ldr	r3, [r7, #4]
  401bc0:	6a1b      	ldr	r3, [r3, #32]
  401bc2:	f003 0302 	and.w	r3, r3, #2
  401bc6:	2b00      	cmp	r3, #0
  401bc8:	bf14      	ite	ne
  401bca:	2301      	movne	r3, #1
  401bcc:	2300      	moveq	r3, #0
  401bce:	b2db      	uxtb	r3, r3
}
  401bd0:	4618      	mov	r0, r3
  401bd2:	370c      	adds	r7, #12
  401bd4:	46bd      	mov	sp, r7
  401bd6:	f85d 7b04 	ldr.w	r7, [sp], #4
  401bda:	4770      	bx	lr

00401bdc <hri_twihs_get_SR_NACK_bit>:
{
	return (((Twihs *)hw)->TWIHS_SR & TWIHS_SR_UNRE) > 0;
}

static inline bool hri_twihs_get_SR_NACK_bit(const void *const hw)
{
  401bdc:	b480      	push	{r7}
  401bde:	b083      	sub	sp, #12
  401be0:	af00      	add	r7, sp, #0
  401be2:	6078      	str	r0, [r7, #4]
	return (((Twihs *)hw)->TWIHS_SR & TWIHS_SR_NACK) > 0;
  401be4:	687b      	ldr	r3, [r7, #4]
  401be6:	6a1b      	ldr	r3, [r3, #32]
  401be8:	f403 7380 	and.w	r3, r3, #256	; 0x100
  401bec:	2b00      	cmp	r3, #0
  401bee:	bf14      	ite	ne
  401bf0:	2301      	movne	r3, #1
  401bf2:	2300      	moveq	r3, #0
  401bf4:	b2db      	uxtb	r3, r3
}
  401bf6:	4618      	mov	r0, r3
  401bf8:	370c      	adds	r7, #12
  401bfa:	46bd      	mov	sp, r7
  401bfc:	f85d 7b04 	ldr.w	r7, [sp], #4
  401c00:	4770      	bx	lr

00401c02 <hri_twihs_read_SR_reg>:
	tmp &= mask;
	return tmp;
}

static inline hri_twihs_sr_reg_t hri_twihs_read_SR_reg(const void *const hw)
{
  401c02:	b480      	push	{r7}
  401c04:	b083      	sub	sp, #12
  401c06:	af00      	add	r7, sp, #0
  401c08:	6078      	str	r0, [r7, #4]
	return ((Twihs *)hw)->TWIHS_SR;
  401c0a:	687b      	ldr	r3, [r7, #4]
  401c0c:	6a1b      	ldr	r3, [r3, #32]
}
  401c0e:	4618      	mov	r0, r3
  401c10:	370c      	adds	r7, #12
  401c12:	46bd      	mov	sp, r7
  401c14:	f85d 7b04 	ldr.w	r7, [sp], #4
  401c18:	4770      	bx	lr

00401c1a <hri_twihs_read_RHR_reg>:
	tmp &= mask;
	return tmp;
}

static inline hri_twihs_rhr_reg_t hri_twihs_read_RHR_reg(const void *const hw)
{
  401c1a:	b480      	push	{r7}
  401c1c:	b083      	sub	sp, #12
  401c1e:	af00      	add	r7, sp, #0
  401c20:	6078      	str	r0, [r7, #4]
	return ((Twihs *)hw)->TWIHS_RHR;
  401c22:	687b      	ldr	r3, [r7, #4]
  401c24:	6b1b      	ldr	r3, [r3, #48]	; 0x30
}
  401c26:	4618      	mov	r0, r3
  401c28:	370c      	adds	r7, #12
  401c2a:	46bd      	mov	sp, r7
  401c2c:	f85d 7b04 	ldr.w	r7, [sp], #4
  401c30:	4770      	bx	lr

00401c32 <hri_twihs_write_MMR_reg>:
	tmp &= mask;
	return tmp;
}

static inline void hri_twihs_write_MMR_reg(const void *const hw, hri_twihs_mmr_reg_t data)
{
  401c32:	b480      	push	{r7}
  401c34:	b083      	sub	sp, #12
  401c36:	af00      	add	r7, sp, #0
  401c38:	6078      	str	r0, [r7, #4]
  401c3a:	6039      	str	r1, [r7, #0]
	TWIHS_CRITICAL_SECTION_ENTER();
	((Twihs *)hw)->TWIHS_MMR = data;
  401c3c:	687b      	ldr	r3, [r7, #4]
  401c3e:	683a      	ldr	r2, [r7, #0]
  401c40:	605a      	str	r2, [r3, #4]
	TWIHS_CRITICAL_SECTION_LEAVE();
}
  401c42:	bf00      	nop
  401c44:	370c      	adds	r7, #12
  401c46:	46bd      	mov	sp, r7
  401c48:	f85d 7b04 	ldr.w	r7, [sp], #4
  401c4c:	4770      	bx	lr

00401c4e <hri_twihs_write_IADR_reg>:
	tmp &= mask;
	return tmp;
}

static inline void hri_twihs_write_IADR_reg(const void *const hw, hri_twihs_iadr_reg_t data)
{
  401c4e:	b480      	push	{r7}
  401c50:	b083      	sub	sp, #12
  401c52:	af00      	add	r7, sp, #0
  401c54:	6078      	str	r0, [r7, #4]
  401c56:	6039      	str	r1, [r7, #0]
	TWIHS_CRITICAL_SECTION_ENTER();
	((Twihs *)hw)->TWIHS_IADR = data;
  401c58:	687b      	ldr	r3, [r7, #4]
  401c5a:	683a      	ldr	r2, [r7, #0]
  401c5c:	60da      	str	r2, [r3, #12]
	TWIHS_CRITICAL_SECTION_LEAVE();
}
  401c5e:	bf00      	nop
  401c60:	370c      	adds	r7, #12
  401c62:	46bd      	mov	sp, r7
  401c64:	f85d 7b04 	ldr.w	r7, [sp], #4
  401c68:	4770      	bx	lr

00401c6a <hri_twihs_write_CWGR_reg>:
	tmp &= mask;
	return tmp;
}

static inline void hri_twihs_write_CWGR_reg(const void *const hw, hri_twihs_cwgr_reg_t data)
{
  401c6a:	b480      	push	{r7}
  401c6c:	b083      	sub	sp, #12
  401c6e:	af00      	add	r7, sp, #0
  401c70:	6078      	str	r0, [r7, #4]
  401c72:	6039      	str	r1, [r7, #0]
	TWIHS_CRITICAL_SECTION_ENTER();
	((Twihs *)hw)->TWIHS_CWGR = data;
  401c74:	687b      	ldr	r3, [r7, #4]
  401c76:	683a      	ldr	r2, [r7, #0]
  401c78:	611a      	str	r2, [r3, #16]
	TWIHS_CRITICAL_SECTION_LEAVE();
}
  401c7a:	bf00      	nop
  401c7c:	370c      	adds	r7, #12
  401c7e:	46bd      	mov	sp, r7
  401c80:	f85d 7b04 	ldr.w	r7, [sp], #4
  401c84:	4770      	bx	lr

00401c86 <hri_twihs_write_SMBTR_reg>:
	tmp &= mask;
	return tmp;
}

static inline void hri_twihs_write_SMBTR_reg(const void *const hw, hri_twihs_smbtr_reg_t data)
{
  401c86:	b480      	push	{r7}
  401c88:	b083      	sub	sp, #12
  401c8a:	af00      	add	r7, sp, #0
  401c8c:	6078      	str	r0, [r7, #4]
  401c8e:	6039      	str	r1, [r7, #0]
	TWIHS_CRITICAL_SECTION_ENTER();
	((Twihs *)hw)->TWIHS_SMBTR = data;
  401c90:	687b      	ldr	r3, [r7, #4]
  401c92:	683a      	ldr	r2, [r7, #0]
  401c94:	639a      	str	r2, [r3, #56]	; 0x38
	TWIHS_CRITICAL_SECTION_LEAVE();
}
  401c96:	bf00      	nop
  401c98:	370c      	adds	r7, #12
  401c9a:	46bd      	mov	sp, r7
  401c9c:	f85d 7b04 	ldr.w	r7, [sp], #4
  401ca0:	4770      	bx	lr

00401ca2 <hri_twihs_write_FILTR_reg>:
	tmp &= mask;
	return tmp;
}

static inline void hri_twihs_write_FILTR_reg(const void *const hw, hri_twihs_filtr_reg_t data)
{
  401ca2:	b480      	push	{r7}
  401ca4:	b083      	sub	sp, #12
  401ca6:	af00      	add	r7, sp, #0
  401ca8:	6078      	str	r0, [r7, #4]
  401caa:	6039      	str	r1, [r7, #0]
	TWIHS_CRITICAL_SECTION_ENTER();
	((Twihs *)hw)->TWIHS_FILTR = data;
  401cac:	687b      	ldr	r3, [r7, #4]
  401cae:	683a      	ldr	r2, [r7, #0]
  401cb0:	645a      	str	r2, [r3, #68]	; 0x44
	TWIHS_CRITICAL_SECTION_LEAVE();
}
  401cb2:	bf00      	nop
  401cb4:	370c      	adds	r7, #12
  401cb6:	46bd      	mov	sp, r7
  401cb8:	f85d 7b04 	ldr.w	r7, [sp], #4
  401cbc:	4770      	bx	lr

00401cbe <hri_twihs_write_CR_reg>:
{
	return ((Twihs *)hw)->TWIHS_WPMR;
}

static inline void hri_twihs_write_CR_reg(const void *const hw, hri_twihs_cr_reg_t data)
{
  401cbe:	b480      	push	{r7}
  401cc0:	b083      	sub	sp, #12
  401cc2:	af00      	add	r7, sp, #0
  401cc4:	6078      	str	r0, [r7, #4]
  401cc6:	6039      	str	r1, [r7, #0]
	TWIHS_CRITICAL_SECTION_ENTER();
	((Twihs *)hw)->TWIHS_CR = data;
  401cc8:	687b      	ldr	r3, [r7, #4]
  401cca:	683a      	ldr	r2, [r7, #0]
  401ccc:	601a      	str	r2, [r3, #0]
	TWIHS_CRITICAL_SECTION_LEAVE();
}
  401cce:	bf00      	nop
  401cd0:	370c      	adds	r7, #12
  401cd2:	46bd      	mov	sp, r7
  401cd4:	f85d 7b04 	ldr.w	r7, [sp], #4
  401cd8:	4770      	bx	lr

00401cda <hri_twihs_write_THR_reg>:

static inline void hri_twihs_write_THR_reg(const void *const hw, hri_twihs_thr_reg_t data)
{
  401cda:	b480      	push	{r7}
  401cdc:	b083      	sub	sp, #12
  401cde:	af00      	add	r7, sp, #0
  401ce0:	6078      	str	r0, [r7, #4]
  401ce2:	6039      	str	r1, [r7, #0]
	TWIHS_CRITICAL_SECTION_ENTER();
	((Twihs *)hw)->TWIHS_THR = data;
  401ce4:	687b      	ldr	r3, [r7, #4]
  401ce6:	683a      	ldr	r2, [r7, #0]
  401ce8:	635a      	str	r2, [r3, #52]	; 0x34
	TWIHS_CRITICAL_SECTION_LEAVE();
}
  401cea:	bf00      	nop
  401cec:	370c      	adds	r7, #12
  401cee:	46bd      	mov	sp, r7
  401cf0:	f85d 7b04 	ldr.w	r7, [sp], #4
  401cf4:	4770      	bx	lr
	...

00401cf8 <_get_i2cm_sync_cfg>:

/**
 * \berif Retrieve I2C Master Sync configuration instance
 */
static const struct _i2cm_sync_cfg *_get_i2cm_sync_cfg(void *hw)
{
  401cf8:	b480      	push	{r7}
  401cfa:	b085      	sub	sp, #20
  401cfc:	af00      	add	r7, sp, #0
  401cfe:	6078      	str	r0, [r7, #4]
	uint8_t i;

	for (i = 0; i < ARRAY_SIZE(_i2cm_sync_cfgs); i++) {
  401d00:	2300      	movs	r3, #0
  401d02:	73fb      	strb	r3, [r7, #15]
  401d04:	e015      	b.n	401d32 <_get_i2cm_sync_cfg+0x3a>
		if (_i2cm_sync_cfgs[i].hw == hw) {
  401d06:	7bfa      	ldrb	r2, [r7, #15]
  401d08:	490f      	ldr	r1, [pc, #60]	; (401d48 <_get_i2cm_sync_cfg+0x50>)
  401d0a:	4613      	mov	r3, r2
  401d0c:	005b      	lsls	r3, r3, #1
  401d0e:	4413      	add	r3, r2
  401d10:	00db      	lsls	r3, r3, #3
  401d12:	440b      	add	r3, r1
  401d14:	681a      	ldr	r2, [r3, #0]
  401d16:	687b      	ldr	r3, [r7, #4]
  401d18:	429a      	cmp	r2, r3
  401d1a:	d107      	bne.n	401d2c <_get_i2cm_sync_cfg+0x34>
			return &(_i2cm_sync_cfgs[i]);
  401d1c:	7bfa      	ldrb	r2, [r7, #15]
  401d1e:	4613      	mov	r3, r2
  401d20:	005b      	lsls	r3, r3, #1
  401d22:	4413      	add	r3, r2
  401d24:	00db      	lsls	r3, r3, #3
  401d26:	4a08      	ldr	r2, [pc, #32]	; (401d48 <_get_i2cm_sync_cfg+0x50>)
  401d28:	4413      	add	r3, r2
  401d2a:	e006      	b.n	401d3a <_get_i2cm_sync_cfg+0x42>
	for (i = 0; i < ARRAY_SIZE(_i2cm_sync_cfgs); i++) {
  401d2c:	7bfb      	ldrb	r3, [r7, #15]
  401d2e:	3301      	adds	r3, #1
  401d30:	73fb      	strb	r3, [r7, #15]
  401d32:	7bfb      	ldrb	r3, [r7, #15]
  401d34:	2b01      	cmp	r3, #1
  401d36:	d9e6      	bls.n	401d06 <_get_i2cm_sync_cfg+0xe>
		}
	}
	return NULL;
  401d38:	2300      	movs	r3, #0
}
  401d3a:	4618      	mov	r0, r3
  401d3c:	3714      	adds	r7, #20
  401d3e:	46bd      	mov	sp, r7
  401d40:	f85d 7b04 	ldr.w	r7, [sp], #4
  401d44:	4770      	bx	lr
  401d46:	bf00      	nop
  401d48:	004026c8 	.word	0x004026c8

00401d4c <_i2c_m_sync_init>:

int32_t _i2c_m_sync_init(struct _i2c_m_sync_device *const dev, void *const hw)
{
  401d4c:	b580      	push	{r7, lr}
  401d4e:	b084      	sub	sp, #16
  401d50:	af00      	add	r7, sp, #0
  401d52:	6078      	str	r0, [r7, #4]
  401d54:	6039      	str	r1, [r7, #0]
	ASSERT(dev && hw);
  401d56:	687b      	ldr	r3, [r7, #4]
  401d58:	2b00      	cmp	r3, #0
  401d5a:	d004      	beq.n	401d66 <_i2c_m_sync_init+0x1a>
  401d5c:	683b      	ldr	r3, [r7, #0]
  401d5e:	2b00      	cmp	r3, #0
  401d60:	d001      	beq.n	401d66 <_i2c_m_sync_init+0x1a>
  401d62:	2301      	movs	r3, #1
  401d64:	e000      	b.n	401d68 <_i2c_m_sync_init+0x1c>
  401d66:	2300      	movs	r3, #0
  401d68:	f003 0301 	and.w	r3, r3, #1
  401d6c:	b2db      	uxtb	r3, r3
  401d6e:	227e      	movs	r2, #126	; 0x7e
  401d70:	4918      	ldr	r1, [pc, #96]	; (401dd4 <_i2c_m_sync_init+0x88>)
  401d72:	4618      	mov	r0, r3
  401d74:	4b18      	ldr	r3, [pc, #96]	; (401dd8 <_i2c_m_sync_init+0x8c>)
  401d76:	4798      	blx	r3

	const struct _i2cm_sync_cfg *cfg;

	dev->hw = hw;
  401d78:	687b      	ldr	r3, [r7, #4]
  401d7a:	683a      	ldr	r2, [r7, #0]
  401d7c:	611a      	str	r2, [r3, #16]
	cfg     = _get_i2cm_sync_cfg(dev->hw);
  401d7e:	687b      	ldr	r3, [r7, #4]
  401d80:	691b      	ldr	r3, [r3, #16]
  401d82:	4618      	mov	r0, r3
  401d84:	4b15      	ldr	r3, [pc, #84]	; (401ddc <_i2c_m_sync_init+0x90>)
  401d86:	4798      	blx	r3
  401d88:	60f8      	str	r0, [r7, #12]

	// hri_twihs_write_CR_reg(hw, TWIHS_CR_SWRST);
	// hri_twihs_read_RHR_reg(hw);
	hri_twihs_write_CR_reg(dev->hw, cfg->ctrl);
  401d8a:	687b      	ldr	r3, [r7, #4]
  401d8c:	691a      	ldr	r2, [r3, #16]
  401d8e:	68fb      	ldr	r3, [r7, #12]
  401d90:	685b      	ldr	r3, [r3, #4]
  401d92:	4619      	mov	r1, r3
  401d94:	4610      	mov	r0, r2
  401d96:	4b12      	ldr	r3, [pc, #72]	; (401de0 <_i2c_m_sync_init+0x94>)
  401d98:	4798      	blx	r3
	hri_twihs_write_SMBTR_reg(dev->hw, cfg->smbtr);
  401d9a:	687b      	ldr	r3, [r7, #4]
  401d9c:	691a      	ldr	r2, [r3, #16]
  401d9e:	68fb      	ldr	r3, [r7, #12]
  401da0:	689b      	ldr	r3, [r3, #8]
  401da2:	4619      	mov	r1, r3
  401da4:	4610      	mov	r0, r2
  401da6:	4b0f      	ldr	r3, [pc, #60]	; (401de4 <_i2c_m_sync_init+0x98>)
  401da8:	4798      	blx	r3
	hri_twihs_write_FILTR_reg(dev->hw, cfg->filtr);
  401daa:	687b      	ldr	r3, [r7, #4]
  401dac:	691a      	ldr	r2, [r3, #16]
  401dae:	68fb      	ldr	r3, [r7, #12]
  401db0:	68db      	ldr	r3, [r3, #12]
  401db2:	4619      	mov	r1, r3
  401db4:	4610      	mov	r0, r2
  401db6:	4b0c      	ldr	r3, [pc, #48]	; (401de8 <_i2c_m_sync_init+0x9c>)
  401db8:	4798      	blx	r3
	hri_twihs_write_CWGR_reg(dev->hw, cfg->cwgr);
  401dba:	687b      	ldr	r3, [r7, #4]
  401dbc:	691a      	ldr	r2, [r3, #16]
  401dbe:	68fb      	ldr	r3, [r7, #12]
  401dc0:	691b      	ldr	r3, [r3, #16]
  401dc2:	4619      	mov	r1, r3
  401dc4:	4610      	mov	r0, r2
  401dc6:	4b09      	ldr	r3, [pc, #36]	; (401dec <_i2c_m_sync_init+0xa0>)
  401dc8:	4798      	blx	r3

	return ERR_NONE;
  401dca:	2300      	movs	r3, #0
}
  401dcc:	4618      	mov	r0, r3
  401dce:	3710      	adds	r7, #16
  401dd0:	46bd      	mov	sp, r7
  401dd2:	bd80      	pop	{r7, pc}
  401dd4:	004026f8 	.word	0x004026f8
  401dd8:	00401195 	.word	0x00401195
  401ddc:	00401cf9 	.word	0x00401cf9
  401de0:	00401cbf 	.word	0x00401cbf
  401de4:	00401c87 	.word	0x00401c87
  401de8:	00401ca3 	.word	0x00401ca3
  401dec:	00401c6b 	.word	0x00401c6b

00401df0 <_i2c_m_sync_transfer>:

	return ERR_NONE;
}

int32_t _i2c_m_sync_transfer(struct _i2c_m_sync_device *const dev, struct _i2c_m_msg *msg)
{
  401df0:	b580      	push	{r7, lr}
  401df2:	b082      	sub	sp, #8
  401df4:	af00      	add	r7, sp, #0
  401df6:	6078      	str	r0, [r7, #4]
  401df8:	6039      	str	r1, [r7, #0]
	ASSERT(dev && msg);
  401dfa:	687b      	ldr	r3, [r7, #4]
  401dfc:	2b00      	cmp	r3, #0
  401dfe:	d004      	beq.n	401e0a <_i2c_m_sync_transfer+0x1a>
  401e00:	683b      	ldr	r3, [r7, #0]
  401e02:	2b00      	cmp	r3, #0
  401e04:	d001      	beq.n	401e0a <_i2c_m_sync_transfer+0x1a>
  401e06:	2301      	movs	r3, #1
  401e08:	e000      	b.n	401e0c <_i2c_m_sync_transfer+0x1c>
  401e0a:	2300      	movs	r3, #0
  401e0c:	f003 0301 	and.w	r3, r3, #1
  401e10:	b2db      	uxtb	r3, r3
  401e12:	22c0      	movs	r2, #192	; 0xc0
  401e14:	4911      	ldr	r1, [pc, #68]	; (401e5c <_i2c_m_sync_transfer+0x6c>)
  401e16:	4618      	mov	r0, r3
  401e18:	4b11      	ldr	r3, [pc, #68]	; (401e60 <_i2c_m_sync_transfer+0x70>)
  401e1a:	4798      	blx	r3

	if (dev->service.msg.flags & I2C_M_BUSY) {
  401e1c:	687b      	ldr	r3, [r7, #4]
  401e1e:	885b      	ldrh	r3, [r3, #2]
  401e20:	b29b      	uxth	r3, r3
  401e22:	f403 7380 	and.w	r3, r3, #256	; 0x100
  401e26:	2b00      	cmp	r3, #0
  401e28:	d002      	beq.n	401e30 <_i2c_m_sync_transfer+0x40>
		return I2C_ERR_BUSY;
  401e2a:	f06f 0305 	mvn.w	r3, #5
  401e2e:	e011      	b.n	401e54 <_i2c_m_sync_transfer+0x64>
	}

	if (msg->flags & I2C_M_RD) {
  401e30:	683b      	ldr	r3, [r7, #0]
  401e32:	885b      	ldrh	r3, [r3, #2]
  401e34:	b29b      	uxth	r3, r3
  401e36:	f003 0301 	and.w	r3, r3, #1
  401e3a:	2b00      	cmp	r3, #0
  401e3c:	d005      	beq.n	401e4a <_i2c_m_sync_transfer+0x5a>
		return _i2c_m_sync_read(dev, msg);
  401e3e:	6839      	ldr	r1, [r7, #0]
  401e40:	6878      	ldr	r0, [r7, #4]
  401e42:	4b08      	ldr	r3, [pc, #32]	; (401e64 <_i2c_m_sync_transfer+0x74>)
  401e44:	4798      	blx	r3
  401e46:	4603      	mov	r3, r0
  401e48:	e004      	b.n	401e54 <_i2c_m_sync_transfer+0x64>
	} else {
		return _i2c_m_sync_write(dev, msg);
  401e4a:	6839      	ldr	r1, [r7, #0]
  401e4c:	6878      	ldr	r0, [r7, #4]
  401e4e:	4b06      	ldr	r3, [pc, #24]	; (401e68 <_i2c_m_sync_transfer+0x78>)
  401e50:	4798      	blx	r3
  401e52:	4603      	mov	r3, r0
	}
}
  401e54:	4618      	mov	r0, r3
  401e56:	3708      	adds	r7, #8
  401e58:	46bd      	mov	sp, r7
  401e5a:	bd80      	pop	{r7, pc}
  401e5c:	004026f8 	.word	0x004026f8
  401e60:	00401195 	.word	0x00401195
  401e64:	00401fa5 	.word	0x00401fa5
  401e68:	00401e6d 	.word	0x00401e6d

00401e6c <_i2c_m_sync_write>:

static inline int32_t _i2c_m_sync_write(struct _i2c_m_sync_device *const dev, struct _i2c_m_msg *msg)
{
  401e6c:	b580      	push	{r7, lr}
  401e6e:	b086      	sub	sp, #24
  401e70:	af00      	add	r7, sp, #0
  401e72:	6078      	str	r0, [r7, #4]
  401e74:	6039      	str	r1, [r7, #0]
	uint32_t i;
	uint32_t sr;
	int      ret = ERR_NONE;
  401e76:	2300      	movs	r3, #0
  401e78:	613b      	str	r3, [r7, #16]

	msg->flags |= I2C_M_BUSY;
  401e7a:	683b      	ldr	r3, [r7, #0]
  401e7c:	885b      	ldrh	r3, [r3, #2]
  401e7e:	b29b      	uxth	r3, r3
  401e80:	f443 7380 	orr.w	r3, r3, #256	; 0x100
  401e84:	b29a      	uxth	r2, r3
  401e86:	683b      	ldr	r3, [r7, #0]
  401e88:	805a      	strh	r2, [r3, #2]

	if (msg->addr & I2C_M_TEN) {
  401e8a:	683b      	ldr	r3, [r7, #0]
  401e8c:	881b      	ldrh	r3, [r3, #0]
  401e8e:	f403 6380 	and.w	r3, r3, #1024	; 0x400
  401e92:	2b00      	cmp	r3, #0
  401e94:	d01b      	beq.n	401ece <_i2c_m_sync_write+0x62>
		hri_twihs_write_MMR_reg(dev->hw, TWIHS_MMR_DADR(0x78 | (msg->addr >> 8)) | TWIHS_MMR_IADRSZ(1));
  401e96:	687b      	ldr	r3, [r7, #4]
  401e98:	691a      	ldr	r2, [r3, #16]
  401e9a:	683b      	ldr	r3, [r7, #0]
  401e9c:	881b      	ldrh	r3, [r3, #0]
  401e9e:	0a1b      	lsrs	r3, r3, #8
  401ea0:	b29b      	uxth	r3, r3
  401ea2:	f043 0378 	orr.w	r3, r3, #120	; 0x78
  401ea6:	b29b      	uxth	r3, r3
  401ea8:	041b      	lsls	r3, r3, #16
  401eaa:	f403 03fe 	and.w	r3, r3, #8323072	; 0x7f0000
  401eae:	f443 7380 	orr.w	r3, r3, #256	; 0x100
  401eb2:	4619      	mov	r1, r3
  401eb4:	4610      	mov	r0, r2
  401eb6:	4b35      	ldr	r3, [pc, #212]	; (401f8c <_i2c_m_sync_write+0x120>)
  401eb8:	4798      	blx	r3
		hri_twihs_write_IADR_reg(dev->hw, msg->addr & 0xff);
  401eba:	687b      	ldr	r3, [r7, #4]
  401ebc:	691a      	ldr	r2, [r3, #16]
  401ebe:	683b      	ldr	r3, [r7, #0]
  401ec0:	881b      	ldrh	r3, [r3, #0]
  401ec2:	b2db      	uxtb	r3, r3
  401ec4:	4619      	mov	r1, r3
  401ec6:	4610      	mov	r0, r2
  401ec8:	4b31      	ldr	r3, [pc, #196]	; (401f90 <_i2c_m_sync_write+0x124>)
  401eca:	4798      	blx	r3
  401ecc:	e00a      	b.n	401ee4 <_i2c_m_sync_write+0x78>
	} else {
		hri_twihs_write_MMR_reg(dev->hw, TWIHS_MMR_DADR(msg->addr));
  401ece:	687b      	ldr	r3, [r7, #4]
  401ed0:	691a      	ldr	r2, [r3, #16]
  401ed2:	683b      	ldr	r3, [r7, #0]
  401ed4:	881b      	ldrh	r3, [r3, #0]
  401ed6:	041b      	lsls	r3, r3, #16
  401ed8:	f403 03fe 	and.w	r3, r3, #8323072	; 0x7f0000
  401edc:	4619      	mov	r1, r3
  401ede:	4610      	mov	r0, r2
  401ee0:	4b2a      	ldr	r3, [pc, #168]	; (401f8c <_i2c_m_sync_write+0x120>)
  401ee2:	4798      	blx	r3
	}

	for (i = 0; i < msg->len; i++) {
  401ee4:	2300      	movs	r3, #0
  401ee6:	617b      	str	r3, [r7, #20]
  401ee8:	e023      	b.n	401f32 <_i2c_m_sync_write+0xc6>
		/* Wait for data is transferred from TWIHS_THR or if NACK is detected */
		do {
			sr = hri_twihs_read_SR_reg(dev->hw);
  401eea:	687b      	ldr	r3, [r7, #4]
  401eec:	691b      	ldr	r3, [r3, #16]
  401eee:	4618      	mov	r0, r3
  401ef0:	4b28      	ldr	r3, [pc, #160]	; (401f94 <_i2c_m_sync_write+0x128>)
  401ef2:	4798      	blx	r3
  401ef4:	60f8      	str	r0, [r7, #12]
			if (sr & TWIHS_SR_NACK) {
  401ef6:	68fb      	ldr	r3, [r7, #12]
  401ef8:	f403 7380 	and.w	r3, r3, #256	; 0x100
  401efc:	2b00      	cmp	r3, #0
  401efe:	d003      	beq.n	401f08 <_i2c_m_sync_write+0x9c>
				ret = I2C_NACK;
  401f00:	f06f 0301 	mvn.w	r3, #1
  401f04:	613b      	str	r3, [r7, #16]
				break;
  401f06:	e004      	b.n	401f12 <_i2c_m_sync_write+0xa6>
			}
		} while (!(sr & TWIHS_SR_TXRDY));
  401f08:	68fb      	ldr	r3, [r7, #12]
  401f0a:	f003 0304 	and.w	r3, r3, #4
  401f0e:	2b00      	cmp	r3, #0
  401f10:	d0eb      	beq.n	401eea <_i2c_m_sync_write+0x7e>

		if (ret != ERR_NONE)
  401f12:	693b      	ldr	r3, [r7, #16]
  401f14:	2b00      	cmp	r3, #0
  401f16:	d113      	bne.n	401f40 <_i2c_m_sync_write+0xd4>
			break;
		hri_twihs_write_THR_reg(dev->hw, msg->buffer[i]);
  401f18:	687b      	ldr	r3, [r7, #4]
  401f1a:	6918      	ldr	r0, [r3, #16]
  401f1c:	683b      	ldr	r3, [r7, #0]
  401f1e:	689a      	ldr	r2, [r3, #8]
  401f20:	697b      	ldr	r3, [r7, #20]
  401f22:	4413      	add	r3, r2
  401f24:	781b      	ldrb	r3, [r3, #0]
  401f26:	4619      	mov	r1, r3
  401f28:	4b1b      	ldr	r3, [pc, #108]	; (401f98 <_i2c_m_sync_write+0x12c>)
  401f2a:	4798      	blx	r3
	for (i = 0; i < msg->len; i++) {
  401f2c:	697b      	ldr	r3, [r7, #20]
  401f2e:	3301      	adds	r3, #1
  401f30:	617b      	str	r3, [r7, #20]
  401f32:	683b      	ldr	r3, [r7, #0]
  401f34:	685b      	ldr	r3, [r3, #4]
  401f36:	461a      	mov	r2, r3
  401f38:	697b      	ldr	r3, [r7, #20]
  401f3a:	429a      	cmp	r2, r3
  401f3c:	d8d5      	bhi.n	401eea <_i2c_m_sync_write+0x7e>
  401f3e:	e000      	b.n	401f42 <_i2c_m_sync_write+0xd6>
			break;
  401f40:	bf00      	nop
	}

	if (msg->flags & I2C_M_STOP) {
  401f42:	683b      	ldr	r3, [r7, #0]
  401f44:	885b      	ldrh	r3, [r3, #2]
  401f46:	b29b      	uxth	r3, r3
  401f48:	b21b      	sxth	r3, r3
  401f4a:	2b00      	cmp	r3, #0
  401f4c:	da11      	bge.n	401f72 <_i2c_m_sync_write+0x106>
		hri_twihs_write_CR_reg(dev->hw, TWIHS_CR_STOP);
  401f4e:	687b      	ldr	r3, [r7, #4]
  401f50:	691b      	ldr	r3, [r3, #16]
  401f52:	2102      	movs	r1, #2
  401f54:	4618      	mov	r0, r3
  401f56:	4b11      	ldr	r3, [pc, #68]	; (401f9c <_i2c_m_sync_write+0x130>)
  401f58:	4798      	blx	r3
		while (!hri_twihs_get_SR_TXCOMP_bit(dev->hw)) {
  401f5a:	bf00      	nop
  401f5c:	687b      	ldr	r3, [r7, #4]
  401f5e:	691b      	ldr	r3, [r3, #16]
  401f60:	4618      	mov	r0, r3
  401f62:	4b0f      	ldr	r3, [pc, #60]	; (401fa0 <_i2c_m_sync_write+0x134>)
  401f64:	4798      	blx	r3
  401f66:	4603      	mov	r3, r0
  401f68:	f083 0301 	eor.w	r3, r3, #1
  401f6c:	b2db      	uxtb	r3, r3
  401f6e:	2b00      	cmp	r3, #0
  401f70:	d1f4      	bne.n	401f5c <_i2c_m_sync_write+0xf0>
		};
	}

	dev->service.msg.flags &= ~I2C_M_BUSY;
  401f72:	687b      	ldr	r3, [r7, #4]
  401f74:	885b      	ldrh	r3, [r3, #2]
  401f76:	b29b      	uxth	r3, r3
  401f78:	f423 7380 	bic.w	r3, r3, #256	; 0x100
  401f7c:	b29a      	uxth	r2, r3
  401f7e:	687b      	ldr	r3, [r7, #4]
  401f80:	805a      	strh	r2, [r3, #2]

	return ret;
  401f82:	693b      	ldr	r3, [r7, #16]
}
  401f84:	4618      	mov	r0, r3
  401f86:	3718      	adds	r7, #24
  401f88:	46bd      	mov	sp, r7
  401f8a:	bd80      	pop	{r7, pc}
  401f8c:	00401c33 	.word	0x00401c33
  401f90:	00401c4f 	.word	0x00401c4f
  401f94:	00401c03 	.word	0x00401c03
  401f98:	00401cdb 	.word	0x00401cdb
  401f9c:	00401cbf 	.word	0x00401cbf
  401fa0:	00401b91 	.word	0x00401b91

00401fa4 <_i2c_m_sync_read>:

static inline int32_t _i2c_m_sync_read(struct _i2c_m_sync_device *const dev, struct _i2c_m_msg *msg)
{
  401fa4:	b590      	push	{r4, r7, lr}
  401fa6:	b085      	sub	sp, #20
  401fa8:	af00      	add	r7, sp, #0
  401faa:	6078      	str	r0, [r7, #4]
  401fac:	6039      	str	r1, [r7, #0]
	uint32_t i;

	msg->flags |= I2C_M_BUSY;
  401fae:	683b      	ldr	r3, [r7, #0]
  401fb0:	885b      	ldrh	r3, [r3, #2]
  401fb2:	b29b      	uxth	r3, r3
  401fb4:	f443 7380 	orr.w	r3, r3, #256	; 0x100
  401fb8:	b29a      	uxth	r2, r3
  401fba:	683b      	ldr	r3, [r7, #0]
  401fbc:	805a      	strh	r2, [r3, #2]

	if (msg->addr & I2C_M_TEN) {
  401fbe:	683b      	ldr	r3, [r7, #0]
  401fc0:	881b      	ldrh	r3, [r3, #0]
  401fc2:	f403 6380 	and.w	r3, r3, #1024	; 0x400
  401fc6:	2b00      	cmp	r3, #0
  401fc8:	d01b      	beq.n	402002 <_i2c_m_sync_read+0x5e>
		hri_twihs_write_MMR_reg(dev->hw,
  401fca:	687b      	ldr	r3, [r7, #4]
  401fcc:	691a      	ldr	r2, [r3, #16]
		                        TWIHS_MMR_DADR(0x78 | (msg->addr >> 8)) | TWIHS_MMR_IADRSZ(1) | TWIHS_MMR_MREAD);
  401fce:	683b      	ldr	r3, [r7, #0]
  401fd0:	881b      	ldrh	r3, [r3, #0]
  401fd2:	0a1b      	lsrs	r3, r3, #8
  401fd4:	b29b      	uxth	r3, r3
  401fd6:	f043 0378 	orr.w	r3, r3, #120	; 0x78
  401fda:	b29b      	uxth	r3, r3
  401fdc:	041b      	lsls	r3, r3, #16
  401fde:	f403 03fe 	and.w	r3, r3, #8323072	; 0x7f0000
  401fe2:	f443 5388 	orr.w	r3, r3, #4352	; 0x1100
		hri_twihs_write_MMR_reg(dev->hw,
  401fe6:	4619      	mov	r1, r3
  401fe8:	4610      	mov	r0, r2
  401fea:	4b3d      	ldr	r3, [pc, #244]	; (4020e0 <_i2c_m_sync_read+0x13c>)
  401fec:	4798      	blx	r3
		hri_twihs_write_IADR_reg(dev->hw, msg->addr & 0xff);
  401fee:	687b      	ldr	r3, [r7, #4]
  401ff0:	691a      	ldr	r2, [r3, #16]
  401ff2:	683b      	ldr	r3, [r7, #0]
  401ff4:	881b      	ldrh	r3, [r3, #0]
  401ff6:	b2db      	uxtb	r3, r3
  401ff8:	4619      	mov	r1, r3
  401ffa:	4610      	mov	r0, r2
  401ffc:	4b39      	ldr	r3, [pc, #228]	; (4020e4 <_i2c_m_sync_read+0x140>)
  401ffe:	4798      	blx	r3
  402000:	e00c      	b.n	40201c <_i2c_m_sync_read+0x78>
	} else {
		hri_twihs_write_MMR_reg(dev->hw, TWIHS_MMR_DADR(msg->addr) | TWIHS_MMR_MREAD);
  402002:	687b      	ldr	r3, [r7, #4]
  402004:	691a      	ldr	r2, [r3, #16]
  402006:	683b      	ldr	r3, [r7, #0]
  402008:	881b      	ldrh	r3, [r3, #0]
  40200a:	041b      	lsls	r3, r3, #16
  40200c:	f403 03fe 	and.w	r3, r3, #8323072	; 0x7f0000
  402010:	f443 5380 	orr.w	r3, r3, #4096	; 0x1000
  402014:	4619      	mov	r1, r3
  402016:	4610      	mov	r0, r2
  402018:	4b31      	ldr	r3, [pc, #196]	; (4020e0 <_i2c_m_sync_read+0x13c>)
  40201a:	4798      	blx	r3
	}
	/* In single data byte master read, the START and STOP must both be set */
	hri_twihs_write_CR_reg(dev->hw, TWIHS_CR_START | ((msg->len == 1) ? TWIHS_CR_STOP : 0));
  40201c:	687b      	ldr	r3, [r7, #4]
  40201e:	691a      	ldr	r2, [r3, #16]
  402020:	683b      	ldr	r3, [r7, #0]
  402022:	685b      	ldr	r3, [r3, #4]
  402024:	2b01      	cmp	r3, #1
  402026:	d101      	bne.n	40202c <_i2c_m_sync_read+0x88>
  402028:	2303      	movs	r3, #3
  40202a:	e000      	b.n	40202e <_i2c_m_sync_read+0x8a>
  40202c:	2301      	movs	r3, #1
  40202e:	4619      	mov	r1, r3
  402030:	4610      	mov	r0, r2
  402032:	4b2d      	ldr	r3, [pc, #180]	; (4020e8 <_i2c_m_sync_read+0x144>)
  402034:	4798      	blx	r3

	for (i = 0; i < msg->len; i++) {
  402036:	2300      	movs	r3, #0
  402038:	60fb      	str	r3, [r7, #12]
  40203a:	e031      	b.n	4020a0 <_i2c_m_sync_read+0xfc>
		/* Wait for a byte has been received in TWIHS_RHR since last read */
		while (!hri_twihs_get_SR_RXRDY_bit(dev->hw)) {
			/* Check whether slave acknowledge received after the address byte */
			if (hri_twihs_get_SR_NACK_bit(dev->hw))
  40203c:	687b      	ldr	r3, [r7, #4]
  40203e:	691b      	ldr	r3, [r3, #16]
  402040:	4618      	mov	r0, r3
  402042:	4b2a      	ldr	r3, [pc, #168]	; (4020ec <_i2c_m_sync_read+0x148>)
  402044:	4798      	blx	r3
  402046:	4603      	mov	r3, r0
  402048:	2b00      	cmp	r3, #0
  40204a:	d002      	beq.n	402052 <_i2c_m_sync_read+0xae>
				return I2C_NACK;
  40204c:	f06f 0301 	mvn.w	r3, #1
  402050:	e041      	b.n	4020d6 <_i2c_m_sync_read+0x132>
		while (!hri_twihs_get_SR_RXRDY_bit(dev->hw)) {
  402052:	687b      	ldr	r3, [r7, #4]
  402054:	691b      	ldr	r3, [r3, #16]
  402056:	4618      	mov	r0, r3
  402058:	4b25      	ldr	r3, [pc, #148]	; (4020f0 <_i2c_m_sync_read+0x14c>)
  40205a:	4798      	blx	r3
  40205c:	4603      	mov	r3, r0
  40205e:	f083 0301 	eor.w	r3, r3, #1
  402062:	b2db      	uxtb	r3, r3
  402064:	2b00      	cmp	r3, #0
  402066:	d1e9      	bne.n	40203c <_i2c_m_sync_read+0x98>
		};

		msg->buffer[i] = hri_twihs_read_RHR_reg(dev->hw);
  402068:	683b      	ldr	r3, [r7, #0]
  40206a:	689a      	ldr	r2, [r3, #8]
  40206c:	68fb      	ldr	r3, [r7, #12]
  40206e:	18d4      	adds	r4, r2, r3
  402070:	687b      	ldr	r3, [r7, #4]
  402072:	691b      	ldr	r3, [r3, #16]
  402074:	4618      	mov	r0, r3
  402076:	4b1f      	ldr	r3, [pc, #124]	; (4020f4 <_i2c_m_sync_read+0x150>)
  402078:	4798      	blx	r3
  40207a:	4603      	mov	r3, r0
  40207c:	b2db      	uxtb	r3, r3
  40207e:	7023      	strb	r3, [r4, #0]
		/* In multiple data bytes master read, the STOP must be set after the
		 * last data received but one */
		if (i == (msg->len - 2)) {
  402080:	683b      	ldr	r3, [r7, #0]
  402082:	685b      	ldr	r3, [r3, #4]
  402084:	3b02      	subs	r3, #2
  402086:	461a      	mov	r2, r3
  402088:	68fb      	ldr	r3, [r7, #12]
  40208a:	429a      	cmp	r2, r3
  40208c:	d105      	bne.n	40209a <_i2c_m_sync_read+0xf6>
			hri_twihs_write_CR_reg(dev->hw, TWIHS_CR_STOP);
  40208e:	687b      	ldr	r3, [r7, #4]
  402090:	691b      	ldr	r3, [r3, #16]
  402092:	2102      	movs	r1, #2
  402094:	4618      	mov	r0, r3
  402096:	4b14      	ldr	r3, [pc, #80]	; (4020e8 <_i2c_m_sync_read+0x144>)
  402098:	4798      	blx	r3
	for (i = 0; i < msg->len; i++) {
  40209a:	68fb      	ldr	r3, [r7, #12]
  40209c:	3301      	adds	r3, #1
  40209e:	60fb      	str	r3, [r7, #12]
  4020a0:	683b      	ldr	r3, [r7, #0]
  4020a2:	685b      	ldr	r3, [r3, #4]
  4020a4:	461a      	mov	r2, r3
  4020a6:	68fb      	ldr	r3, [r7, #12]
  4020a8:	429a      	cmp	r2, r3
  4020aa:	d8d2      	bhi.n	402052 <_i2c_m_sync_read+0xae>
		}
	}

	while (!hri_twihs_get_SR_TXCOMP_bit(dev->hw)) {
  4020ac:	bf00      	nop
  4020ae:	687b      	ldr	r3, [r7, #4]
  4020b0:	691b      	ldr	r3, [r3, #16]
  4020b2:	4618      	mov	r0, r3
  4020b4:	4b10      	ldr	r3, [pc, #64]	; (4020f8 <_i2c_m_sync_read+0x154>)
  4020b6:	4798      	blx	r3
  4020b8:	4603      	mov	r3, r0
  4020ba:	f083 0301 	eor.w	r3, r3, #1
  4020be:	b2db      	uxtb	r3, r3
  4020c0:	2b00      	cmp	r3, #0
  4020c2:	d1f4      	bne.n	4020ae <_i2c_m_sync_read+0x10a>
	};
	dev->service.msg.flags &= ~I2C_M_BUSY;
  4020c4:	687b      	ldr	r3, [r7, #4]
  4020c6:	885b      	ldrh	r3, [r3, #2]
  4020c8:	b29b      	uxth	r3, r3
  4020ca:	f423 7380 	bic.w	r3, r3, #256	; 0x100
  4020ce:	b29a      	uxth	r2, r3
  4020d0:	687b      	ldr	r3, [r7, #4]
  4020d2:	805a      	strh	r2, [r3, #2]

	return ERR_NONE;
  4020d4:	2300      	movs	r3, #0
}
  4020d6:	4618      	mov	r0, r3
  4020d8:	3714      	adds	r7, #20
  4020da:	46bd      	mov	sp, r7
  4020dc:	bd90      	pop	{r4, r7, pc}
  4020de:	bf00      	nop
  4020e0:	00401c33 	.word	0x00401c33
  4020e4:	00401c4f 	.word	0x00401c4f
  4020e8:	00401cbf 	.word	0x00401cbf
  4020ec:	00401bdd 	.word	0x00401bdd
  4020f0:	00401bb7 	.word	0x00401bb7
  4020f4:	00401c1b 	.word	0x00401c1b
  4020f8:	00401b91 	.word	0x00401b91

004020fc <hri_uart_get_SR_RXRDY_bit>:
{
	((Uart *)hw)->UART_IDR = mask;
}

static inline bool hri_uart_get_SR_RXRDY_bit(const void *const hw)
{
  4020fc:	b480      	push	{r7}
  4020fe:	b083      	sub	sp, #12
  402100:	af00      	add	r7, sp, #0
  402102:	6078      	str	r0, [r7, #4]
	return (((Uart *)hw)->UART_SR & UART_SR_RXRDY) > 0;
  402104:	687b      	ldr	r3, [r7, #4]
  402106:	695b      	ldr	r3, [r3, #20]
  402108:	f003 0301 	and.w	r3, r3, #1
  40210c:	2b00      	cmp	r3, #0
  40210e:	bf14      	ite	ne
  402110:	2301      	movne	r3, #1
  402112:	2300      	moveq	r3, #0
  402114:	b2db      	uxtb	r3, r3
}
  402116:	4618      	mov	r0, r3
  402118:	370c      	adds	r7, #12
  40211a:	46bd      	mov	sp, r7
  40211c:	f85d 7b04 	ldr.w	r7, [sp], #4
  402120:	4770      	bx	lr

00402122 <hri_uart_get_SR_TXRDY_bit>:

static inline bool hri_uart_get_SR_TXRDY_bit(const void *const hw)
{
  402122:	b480      	push	{r7}
  402124:	b083      	sub	sp, #12
  402126:	af00      	add	r7, sp, #0
  402128:	6078      	str	r0, [r7, #4]
	return (((Uart *)hw)->UART_SR & UART_SR_TXRDY) > 0;
  40212a:	687b      	ldr	r3, [r7, #4]
  40212c:	695b      	ldr	r3, [r3, #20]
  40212e:	f003 0302 	and.w	r3, r3, #2
  402132:	2b00      	cmp	r3, #0
  402134:	bf14      	ite	ne
  402136:	2301      	movne	r3, #1
  402138:	2300      	moveq	r3, #0
  40213a:	b2db      	uxtb	r3, r3
}
  40213c:	4618      	mov	r0, r3
  40213e:	370c      	adds	r7, #12
  402140:	46bd      	mov	sp, r7
  402142:	f85d 7b04 	ldr.w	r7, [sp], #4
  402146:	4770      	bx	lr

00402148 <hri_uart_get_SR_TXEMPTY_bit>:
{
	return (((Uart *)hw)->UART_SR & UART_SR_PARE) > 0;
}

static inline bool hri_uart_get_SR_TXEMPTY_bit(const void *const hw)
{
  402148:	b480      	push	{r7}
  40214a:	b083      	sub	sp, #12
  40214c:	af00      	add	r7, sp, #0
  40214e:	6078      	str	r0, [r7, #4]
	return (((Uart *)hw)->UART_SR & UART_SR_TXEMPTY) > 0;
  402150:	687b      	ldr	r3, [r7, #4]
  402152:	695b      	ldr	r3, [r3, #20]
  402154:	f403 7300 	and.w	r3, r3, #512	; 0x200
  402158:	2b00      	cmp	r3, #0
  40215a:	bf14      	ite	ne
  40215c:	2301      	movne	r3, #1
  40215e:	2300      	moveq	r3, #0
  402160:	b2db      	uxtb	r3, r3
}
  402162:	4618      	mov	r0, r3
  402164:	370c      	adds	r7, #12
  402166:	46bd      	mov	sp, r7
  402168:	f85d 7b04 	ldr.w	r7, [sp], #4
  40216c:	4770      	bx	lr

0040216e <hri_uart_read_RHR_RXCHR_bf>:
{
	return (((Uart *)hw)->UART_RHR & UART_RHR_RXCHR(mask)) >> UART_RHR_RXCHR_Pos;
}

static inline hri_uart_rhr_reg_t hri_uart_read_RHR_RXCHR_bf(const void *const hw)
{
  40216e:	b480      	push	{r7}
  402170:	b083      	sub	sp, #12
  402172:	af00      	add	r7, sp, #0
  402174:	6078      	str	r0, [r7, #4]
	return (((Uart *)hw)->UART_RHR & UART_RHR_RXCHR_Msk) >> UART_RHR_RXCHR_Pos;
  402176:	687b      	ldr	r3, [r7, #4]
  402178:	699b      	ldr	r3, [r3, #24]
  40217a:	b2db      	uxtb	r3, r3
}
  40217c:	4618      	mov	r0, r3
  40217e:	370c      	adds	r7, #12
  402180:	46bd      	mov	sp, r7
  402182:	f85d 7b04 	ldr.w	r7, [sp], #4
  402186:	4770      	bx	lr

00402188 <hri_uart_write_MR_reg>:
	tmp &= mask;
	return tmp;
}

static inline void hri_uart_write_MR_reg(const void *const hw, hri_uart_mr_reg_t data)
{
  402188:	b480      	push	{r7}
  40218a:	b083      	sub	sp, #12
  40218c:	af00      	add	r7, sp, #0
  40218e:	6078      	str	r0, [r7, #4]
  402190:	6039      	str	r1, [r7, #0]
	UART_CRITICAL_SECTION_ENTER();
	((Uart *)hw)->UART_MR = data;
  402192:	687b      	ldr	r3, [r7, #4]
  402194:	683a      	ldr	r2, [r7, #0]
  402196:	605a      	str	r2, [r3, #4]
	UART_CRITICAL_SECTION_LEAVE();
}
  402198:	bf00      	nop
  40219a:	370c      	adds	r7, #12
  40219c:	46bd      	mov	sp, r7
  40219e:	f85d 7b04 	ldr.w	r7, [sp], #4
  4021a2:	4770      	bx	lr

004021a4 <hri_uart_write_BRGR_reg>:
	tmp &= mask;
	return tmp;
}

static inline void hri_uart_write_BRGR_reg(const void *const hw, hri_uart_brgr_reg_t data)
{
  4021a4:	b480      	push	{r7}
  4021a6:	b083      	sub	sp, #12
  4021a8:	af00      	add	r7, sp, #0
  4021aa:	6078      	str	r0, [r7, #4]
  4021ac:	6039      	str	r1, [r7, #0]
	UART_CRITICAL_SECTION_ENTER();
	((Uart *)hw)->UART_BRGR = data;
  4021ae:	687b      	ldr	r3, [r7, #4]
  4021b0:	683a      	ldr	r2, [r7, #0]
  4021b2:	621a      	str	r2, [r3, #32]
	UART_CRITICAL_SECTION_LEAVE();
}
  4021b4:	bf00      	nop
  4021b6:	370c      	adds	r7, #12
  4021b8:	46bd      	mov	sp, r7
  4021ba:	f85d 7b04 	ldr.w	r7, [sp], #4
  4021be:	4770      	bx	lr

004021c0 <hri_uart_write_WPMR_reg>:
	tmp &= mask;
	return tmp;
}

static inline void hri_uart_write_WPMR_reg(const void *const hw, hri_uart_wpmr_reg_t data)
{
  4021c0:	b480      	push	{r7}
  4021c2:	b083      	sub	sp, #12
  4021c4:	af00      	add	r7, sp, #0
  4021c6:	6078      	str	r0, [r7, #4]
  4021c8:	6039      	str	r1, [r7, #0]
	UART_CRITICAL_SECTION_ENTER();
	((Uart *)hw)->UART_WPMR = data;
  4021ca:	687b      	ldr	r3, [r7, #4]
  4021cc:	683a      	ldr	r2, [r7, #0]
  4021ce:	f8c3 20e4 	str.w	r2, [r3, #228]	; 0xe4
	UART_CRITICAL_SECTION_LEAVE();
}
  4021d2:	bf00      	nop
  4021d4:	370c      	adds	r7, #12
  4021d6:	46bd      	mov	sp, r7
  4021d8:	f85d 7b04 	ldr.w	r7, [sp], #4
  4021dc:	4770      	bx	lr

004021de <hri_uart_write_CR_reg>:
{
	return ((Uart *)hw)->UART_WPMR;
}

static inline void hri_uart_write_CR_reg(const void *const hw, hri_uart_cr_reg_t data)
{
  4021de:	b480      	push	{r7}
  4021e0:	b083      	sub	sp, #12
  4021e2:	af00      	add	r7, sp, #0
  4021e4:	6078      	str	r0, [r7, #4]
  4021e6:	6039      	str	r1, [r7, #0]
	UART_CRITICAL_SECTION_ENTER();
	((Uart *)hw)->UART_CR = data;
  4021e8:	687b      	ldr	r3, [r7, #4]
  4021ea:	683a      	ldr	r2, [r7, #0]
  4021ec:	601a      	str	r2, [r3, #0]
	UART_CRITICAL_SECTION_LEAVE();
}
  4021ee:	bf00      	nop
  4021f0:	370c      	adds	r7, #12
  4021f2:	46bd      	mov	sp, r7
  4021f4:	f85d 7b04 	ldr.w	r7, [sp], #4
  4021f8:	4770      	bx	lr

004021fa <hri_uart_write_THR_reg>:

static inline void hri_uart_write_THR_reg(const void *const hw, hri_uart_thr_reg_t data)
{
  4021fa:	b480      	push	{r7}
  4021fc:	b083      	sub	sp, #12
  4021fe:	af00      	add	r7, sp, #0
  402200:	6078      	str	r0, [r7, #4]
  402202:	6039      	str	r1, [r7, #0]
	UART_CRITICAL_SECTION_ENTER();
	((Uart *)hw)->UART_THR = data;
  402204:	687b      	ldr	r3, [r7, #4]
  402206:	683a      	ldr	r2, [r7, #0]
  402208:	61da      	str	r2, [r3, #28]
	UART_CRITICAL_SECTION_LEAVE();
}
  40220a:	bf00      	nop
  40220c:	370c      	adds	r7, #12
  40220e:	46bd      	mov	sp, r7
  402210:	f85d 7b04 	ldr.w	r7, [sp], #4
  402214:	4770      	bx	lr
	...

00402218 <_usart_sync_init>:

/**
 * \brief Initialize synchronous UART
 */
int32_t _usart_sync_init(struct _usart_sync_device *const device, void *const hw)
{
  402218:	b580      	push	{r7, lr}
  40221a:	b082      	sub	sp, #8
  40221c:	af00      	add	r7, sp, #0
  40221e:	6078      	str	r0, [r7, #4]
  402220:	6039      	str	r1, [r7, #0]
	ASSERT(device);
  402222:	687b      	ldr	r3, [r7, #4]
  402224:	2b00      	cmp	r3, #0
  402226:	bf14      	ite	ne
  402228:	2301      	movne	r3, #1
  40222a:	2300      	moveq	r3, #0
  40222c:	b2db      	uxtb	r3, r3
  40222e:	22a9      	movs	r2, #169	; 0xa9
  402230:	490c      	ldr	r1, [pc, #48]	; (402264 <_usart_sync_init+0x4c>)
  402232:	4618      	mov	r0, r3
  402234:	4b0c      	ldr	r3, [pc, #48]	; (402268 <_usart_sync_init+0x50>)
  402236:	4798      	blx	r3
	ASSERT(hw);
  402238:	683b      	ldr	r3, [r7, #0]
  40223a:	2b00      	cmp	r3, #0
  40223c:	bf14      	ite	ne
  40223e:	2301      	movne	r3, #1
  402240:	2300      	moveq	r3, #0
  402242:	b2db      	uxtb	r3, r3
  402244:	22aa      	movs	r2, #170	; 0xaa
  402246:	4907      	ldr	r1, [pc, #28]	; (402264 <_usart_sync_init+0x4c>)
  402248:	4618      	mov	r0, r3
  40224a:	4b07      	ldr	r3, [pc, #28]	; (402268 <_usart_sync_init+0x50>)
  40224c:	4798      	blx	r3

	device->hw = hw;
  40224e:	687b      	ldr	r3, [r7, #4]
  402250:	683a      	ldr	r2, [r7, #0]
  402252:	601a      	str	r2, [r3, #0]

	return _uart_init(hw);
  402254:	6838      	ldr	r0, [r7, #0]
  402256:	4b05      	ldr	r3, [pc, #20]	; (40226c <_usart_sync_init+0x54>)
  402258:	4798      	blx	r3
  40225a:	4603      	mov	r3, r0
}
  40225c:	4618      	mov	r0, r3
  40225e:	3708      	adds	r7, #8
  402260:	46bd      	mov	sp, r7
  402262:	bd80      	pop	{r7, pc}
  402264:	00402728 	.word	0x00402728
  402268:	00401195 	.word	0x00401195
  40226c:	004024cd 	.word	0x004024cd

00402270 <_usart_sync_write_byte>:

/**
 * \brief Write a byte to the given UART instance
 */
void _usart_sync_write_byte(struct _usart_sync_device *const device, uint8_t data)
{
  402270:	b580      	push	{r7, lr}
  402272:	b082      	sub	sp, #8
  402274:	af00      	add	r7, sp, #0
  402276:	6078      	str	r0, [r7, #4]
  402278:	460b      	mov	r3, r1
  40227a:	70fb      	strb	r3, [r7, #3]
	ASSERT(device);
  40227c:	687b      	ldr	r3, [r7, #4]
  40227e:	2b00      	cmp	r3, #0
  402280:	bf14      	ite	ne
  402282:	2301      	movne	r3, #1
  402284:	2300      	moveq	r3, #0
  402286:	b2db      	uxtb	r3, r3
  402288:	f240 1295 	movw	r2, #405	; 0x195
  40228c:	4907      	ldr	r1, [pc, #28]	; (4022ac <_usart_sync_write_byte+0x3c>)
  40228e:	4618      	mov	r0, r3
  402290:	4b07      	ldr	r3, [pc, #28]	; (4022b0 <_usart_sync_write_byte+0x40>)
  402292:	4798      	blx	r3
	hri_uart_write_THR_reg(device->hw, (hri_uart_thr_reg_t)data);
  402294:	687b      	ldr	r3, [r7, #4]
  402296:	681b      	ldr	r3, [r3, #0]
  402298:	78fa      	ldrb	r2, [r7, #3]
  40229a:	4611      	mov	r1, r2
  40229c:	4618      	mov	r0, r3
  40229e:	4b05      	ldr	r3, [pc, #20]	; (4022b4 <_usart_sync_write_byte+0x44>)
  4022a0:	4798      	blx	r3
}
  4022a2:	bf00      	nop
  4022a4:	3708      	adds	r7, #8
  4022a6:	46bd      	mov	sp, r7
  4022a8:	bd80      	pop	{r7, pc}
  4022aa:	bf00      	nop
  4022ac:	00402728 	.word	0x00402728
  4022b0:	00401195 	.word	0x00401195
  4022b4:	004021fb 	.word	0x004021fb

004022b8 <_usart_sync_read_byte>:

/**
 * \brief Read a byte from the given UART instance
 */
uint8_t _usart_sync_read_byte(const struct _usart_sync_device *const device)
{
  4022b8:	b580      	push	{r7, lr}
  4022ba:	b082      	sub	sp, #8
  4022bc:	af00      	add	r7, sp, #0
  4022be:	6078      	str	r0, [r7, #4]
	ASSERT(device);
  4022c0:	687b      	ldr	r3, [r7, #4]
  4022c2:	2b00      	cmp	r3, #0
  4022c4:	bf14      	ite	ne
  4022c6:	2301      	movne	r3, #1
  4022c8:	2300      	moveq	r3, #0
  4022ca:	b2db      	uxtb	r3, r3
  4022cc:	f240 12a7 	movw	r2, #423	; 0x1a7
  4022d0:	4907      	ldr	r1, [pc, #28]	; (4022f0 <_usart_sync_read_byte+0x38>)
  4022d2:	4618      	mov	r0, r3
  4022d4:	4b07      	ldr	r3, [pc, #28]	; (4022f4 <_usart_sync_read_byte+0x3c>)
  4022d6:	4798      	blx	r3
	return (uint8_t)(hri_uart_read_RHR_RXCHR_bf(device->hw));
  4022d8:	687b      	ldr	r3, [r7, #4]
  4022da:	681b      	ldr	r3, [r3, #0]
  4022dc:	4618      	mov	r0, r3
  4022de:	4b06      	ldr	r3, [pc, #24]	; (4022f8 <_usart_sync_read_byte+0x40>)
  4022e0:	4798      	blx	r3
  4022e2:	4603      	mov	r3, r0
  4022e4:	b2db      	uxtb	r3, r3
}
  4022e6:	4618      	mov	r0, r3
  4022e8:	3708      	adds	r7, #8
  4022ea:	46bd      	mov	sp, r7
  4022ec:	bd80      	pop	{r7, pc}
  4022ee:	bf00      	nop
  4022f0:	00402728 	.word	0x00402728
  4022f4:	00401195 	.word	0x00401195
  4022f8:	0040216f 	.word	0x0040216f

004022fc <_usart_sync_is_ready_to_send>:

/**
 * \brief Check if UART is ready to send next byte
 */
bool _usart_sync_is_ready_to_send(const struct _usart_sync_device *const device)
{
  4022fc:	b580      	push	{r7, lr}
  4022fe:	b082      	sub	sp, #8
  402300:	af00      	add	r7, sp, #0
  402302:	6078      	str	r0, [r7, #4]
	ASSERT(device);
  402304:	687b      	ldr	r3, [r7, #4]
  402306:	2b00      	cmp	r3, #0
  402308:	bf14      	ite	ne
  40230a:	2301      	movne	r3, #1
  40230c:	2300      	moveq	r3, #0
  40230e:	b2db      	uxtb	r3, r3
  402310:	f44f 72d8 	mov.w	r2, #432	; 0x1b0
  402314:	4906      	ldr	r1, [pc, #24]	; (402330 <_usart_sync_is_ready_to_send+0x34>)
  402316:	4618      	mov	r0, r3
  402318:	4b06      	ldr	r3, [pc, #24]	; (402334 <_usart_sync_is_ready_to_send+0x38>)
  40231a:	4798      	blx	r3
	return hri_uart_get_SR_TXRDY_bit(device->hw);
  40231c:	687b      	ldr	r3, [r7, #4]
  40231e:	681b      	ldr	r3, [r3, #0]
  402320:	4618      	mov	r0, r3
  402322:	4b05      	ldr	r3, [pc, #20]	; (402338 <_usart_sync_is_ready_to_send+0x3c>)
  402324:	4798      	blx	r3
  402326:	4603      	mov	r3, r0
}
  402328:	4618      	mov	r0, r3
  40232a:	3708      	adds	r7, #8
  40232c:	46bd      	mov	sp, r7
  40232e:	bd80      	pop	{r7, pc}
  402330:	00402728 	.word	0x00402728
  402334:	00401195 	.word	0x00401195
  402338:	00402123 	.word	0x00402123

0040233c <_usart_sync_is_transmit_done>:

/**
 * \brief Check if USART transmission complete
 */
bool _usart_sync_is_transmit_done(const struct _usart_sync_device *const device)
{
  40233c:	b580      	push	{r7, lr}
  40233e:	b082      	sub	sp, #8
  402340:	af00      	add	r7, sp, #0
  402342:	6078      	str	r0, [r7, #4]
	ASSERT(device);
  402344:	687b      	ldr	r3, [r7, #4]
  402346:	2b00      	cmp	r3, #0
  402348:	bf14      	ite	ne
  40234a:	2301      	movne	r3, #1
  40234c:	2300      	moveq	r3, #0
  40234e:	b2db      	uxtb	r3, r3
  402350:	f240 12b9 	movw	r2, #441	; 0x1b9
  402354:	4906      	ldr	r1, [pc, #24]	; (402370 <_usart_sync_is_transmit_done+0x34>)
  402356:	4618      	mov	r0, r3
  402358:	4b06      	ldr	r3, [pc, #24]	; (402374 <_usart_sync_is_transmit_done+0x38>)
  40235a:	4798      	blx	r3
	return hri_uart_get_SR_TXEMPTY_bit(device->hw);
  40235c:	687b      	ldr	r3, [r7, #4]
  40235e:	681b      	ldr	r3, [r3, #0]
  402360:	4618      	mov	r0, r3
  402362:	4b05      	ldr	r3, [pc, #20]	; (402378 <_usart_sync_is_transmit_done+0x3c>)
  402364:	4798      	blx	r3
  402366:	4603      	mov	r3, r0
}
  402368:	4618      	mov	r0, r3
  40236a:	3708      	adds	r7, #8
  40236c:	46bd      	mov	sp, r7
  40236e:	bd80      	pop	{r7, pc}
  402370:	00402728 	.word	0x00402728
  402374:	00401195 	.word	0x00401195
  402378:	00402149 	.word	0x00402149

0040237c <_usart_sync_is_byte_received>:

/**
 * \brief Check if there is data received by UART
 */
bool _usart_sync_is_byte_received(const struct _usart_sync_device *const device)
{
  40237c:	b580      	push	{r7, lr}
  40237e:	b082      	sub	sp, #8
  402380:	af00      	add	r7, sp, #0
  402382:	6078      	str	r0, [r7, #4]
	ASSERT(device);
  402384:	687b      	ldr	r3, [r7, #4]
  402386:	2b00      	cmp	r3, #0
  402388:	bf14      	ite	ne
  40238a:	2301      	movne	r3, #1
  40238c:	2300      	moveq	r3, #0
  40238e:	b2db      	uxtb	r3, r3
  402390:	f240 12cb 	movw	r2, #459	; 0x1cb
  402394:	4906      	ldr	r1, [pc, #24]	; (4023b0 <_usart_sync_is_byte_received+0x34>)
  402396:	4618      	mov	r0, r3
  402398:	4b06      	ldr	r3, [pc, #24]	; (4023b4 <_usart_sync_is_byte_received+0x38>)
  40239a:	4798      	blx	r3
	return hri_uart_get_SR_RXRDY_bit(device->hw);
  40239c:	687b      	ldr	r3, [r7, #4]
  40239e:	681b      	ldr	r3, [r3, #0]
  4023a0:	4618      	mov	r0, r3
  4023a2:	4b05      	ldr	r3, [pc, #20]	; (4023b8 <_usart_sync_is_byte_received+0x3c>)
  4023a4:	4798      	blx	r3
  4023a6:	4603      	mov	r3, r0
}
  4023a8:	4618      	mov	r0, r3
  4023aa:	3708      	adds	r7, #8
  4023ac:	46bd      	mov	sp, r7
  4023ae:	bd80      	pop	{r7, pc}
  4023b0:	00402728 	.word	0x00402728
  4023b4:	00401195 	.word	0x00401195
  4023b8:	004020fd 	.word	0x004020fd

004023bc <_uart_get_hardware_index>:
/**
 * \brief Retrieve ordinal number of the given uart hardware instance
 * \param[in] p The pointer to interrupt parameter
 */
static uint8_t _uart_get_hardware_index(const void *const hw)
{
  4023bc:	b580      	push	{r7, lr}
  4023be:	b082      	sub	sp, #8
  4023c0:	af00      	add	r7, sp, #0
  4023c2:	6078      	str	r0, [r7, #4]
	ASSERT(hw);
  4023c4:	687b      	ldr	r3, [r7, #4]
  4023c6:	2b00      	cmp	r3, #0
  4023c8:	bf14      	ite	ne
  4023ca:	2301      	movne	r3, #1
  4023cc:	2300      	moveq	r3, #0
  4023ce:	b2db      	uxtb	r3, r3
  4023d0:	f240 2219 	movw	r2, #537	; 0x219
  4023d4:	4913      	ldr	r1, [pc, #76]	; (402424 <_uart_get_hardware_index+0x68>)
  4023d6:	4618      	mov	r0, r3
  4023d8:	4b13      	ldr	r3, [pc, #76]	; (402428 <_uart_get_hardware_index+0x6c>)
  4023da:	4798      	blx	r3
#ifdef _UNIT_TEST_
	return ((uint32_t)hw - (uint32_t)UART0) / sizeof(Uart);
#endif
	if (UART0 == hw) {
  4023dc:	687b      	ldr	r3, [r7, #4]
  4023de:	4a13      	ldr	r2, [pc, #76]	; (40242c <_uart_get_hardware_index+0x70>)
  4023e0:	4293      	cmp	r3, r2
  4023e2:	d101      	bne.n	4023e8 <_uart_get_hardware_index+0x2c>
		return 0;
  4023e4:	2300      	movs	r3, #0
  4023e6:	e018      	b.n	40241a <_uart_get_hardware_index+0x5e>
	} else if (UART1 == hw) {
  4023e8:	687b      	ldr	r3, [r7, #4]
  4023ea:	4a11      	ldr	r2, [pc, #68]	; (402430 <_uart_get_hardware_index+0x74>)
  4023ec:	4293      	cmp	r3, r2
  4023ee:	d101      	bne.n	4023f4 <_uart_get_hardware_index+0x38>
		return 1;
  4023f0:	2301      	movs	r3, #1
  4023f2:	e012      	b.n	40241a <_uart_get_hardware_index+0x5e>
	} else if (UART2 == hw) {
  4023f4:	687b      	ldr	r3, [r7, #4]
  4023f6:	4a0f      	ldr	r2, [pc, #60]	; (402434 <_uart_get_hardware_index+0x78>)
  4023f8:	4293      	cmp	r3, r2
  4023fa:	d101      	bne.n	402400 <_uart_get_hardware_index+0x44>
		return 2;
  4023fc:	2302      	movs	r3, #2
  4023fe:	e00c      	b.n	40241a <_uart_get_hardware_index+0x5e>
	} else if (UART3 == hw) {
  402400:	687b      	ldr	r3, [r7, #4]
  402402:	4a0d      	ldr	r2, [pc, #52]	; (402438 <_uart_get_hardware_index+0x7c>)
  402404:	4293      	cmp	r3, r2
  402406:	d101      	bne.n	40240c <_uart_get_hardware_index+0x50>
		return 3;
  402408:	2303      	movs	r3, #3
  40240a:	e006      	b.n	40241a <_uart_get_hardware_index+0x5e>
	} else if (UART4 == hw) {
  40240c:	687b      	ldr	r3, [r7, #4]
  40240e:	4a0b      	ldr	r2, [pc, #44]	; (40243c <_uart_get_hardware_index+0x80>)
  402410:	4293      	cmp	r3, r2
  402412:	d101      	bne.n	402418 <_uart_get_hardware_index+0x5c>
		return 4;
  402414:	2304      	movs	r3, #4
  402416:	e000      	b.n	40241a <_uart_get_hardware_index+0x5e>
	} else {
		return ERR_INVALID_DATA;
  402418:	23ff      	movs	r3, #255	; 0xff
	}
}
  40241a:	4618      	mov	r0, r3
  40241c:	3708      	adds	r7, #8
  40241e:	46bd      	mov	sp, r7
  402420:	bd80      	pop	{r7, pc}
  402422:	bf00      	nop
  402424:	00402728 	.word	0x00402728
  402428:	00401195 	.word	0x00401195
  40242c:	400e0800 	.word	0x400e0800
  402430:	400e0a00 	.word	0x400e0a00
  402434:	400e1a00 	.word	0x400e1a00
  402438:	400e1c00 	.word	0x400e1c00
  40243c:	400e1e00 	.word	0x400e1e00

00402440 <_uart_get_usart_sync>:

/**
 * \brief Retrieve usart sync helper functions
 */
void *_uart_get_usart_sync(void)
{
  402440:	b480      	push	{r7}
  402442:	af00      	add	r7, sp, #0
	return (void *)NULL;
  402444:	2300      	movs	r3, #0
}
  402446:	4618      	mov	r0, r3
  402448:	46bd      	mov	sp, r7
  40244a:	f85d 7b04 	ldr.w	r7, [sp], #4
  40244e:	4770      	bx	lr

00402450 <_get_uart_index>:
 * \param[in] hw The pointer to hardware instance

 * \return The ordinal number of the given uart hardware instance
 */
static uint8_t _get_uart_index(const void *const hw)
{
  402450:	b580      	push	{r7, lr}
  402452:	b084      	sub	sp, #16
  402454:	af00      	add	r7, sp, #0
  402456:	6078      	str	r0, [r7, #4]
	ASSERT(hw);
  402458:	687b      	ldr	r3, [r7, #4]
  40245a:	2b00      	cmp	r3, #0
  40245c:	bf14      	ite	ne
  40245e:	2301      	movne	r3, #1
  402460:	2300      	moveq	r3, #0
  402462:	b2db      	uxtb	r3, r3
  402464:	f44f 7227 	mov.w	r2, #668	; 0x29c
  402468:	4914      	ldr	r1, [pc, #80]	; (4024bc <_get_uart_index+0x6c>)
  40246a:	4618      	mov	r0, r3
  40246c:	4b14      	ldr	r3, [pc, #80]	; (4024c0 <_get_uart_index+0x70>)
  40246e:	4798      	blx	r3
	uint8_t uart_offset = _uart_get_hardware_index(hw);
  402470:	6878      	ldr	r0, [r7, #4]
  402472:	4b14      	ldr	r3, [pc, #80]	; (4024c4 <_get_uart_index+0x74>)
  402474:	4798      	blx	r3
  402476:	4603      	mov	r3, r0
  402478:	73bb      	strb	r3, [r7, #14]
	uint8_t i;

	for (i = 0; i < ARRAY_SIZE(_uarts); i++) {
  40247a:	2300      	movs	r3, #0
  40247c:	73fb      	strb	r3, [r7, #15]
  40247e:	e00f      	b.n	4024a0 <_get_uart_index+0x50>
		if (_uarts[i].number == uart_offset) {
  402480:	7bfa      	ldrb	r2, [r7, #15]
  402482:	4911      	ldr	r1, [pc, #68]	; (4024c8 <_get_uart_index+0x78>)
  402484:	4613      	mov	r3, r2
  402486:	005b      	lsls	r3, r3, #1
  402488:	4413      	add	r3, r2
  40248a:	009b      	lsls	r3, r3, #2
  40248c:	440b      	add	r3, r1
  40248e:	781b      	ldrb	r3, [r3, #0]
  402490:	7bba      	ldrb	r2, [r7, #14]
  402492:	429a      	cmp	r2, r3
  402494:	d101      	bne.n	40249a <_get_uart_index+0x4a>
			return i;
  402496:	7bfb      	ldrb	r3, [r7, #15]
  402498:	e00c      	b.n	4024b4 <_get_uart_index+0x64>
	for (i = 0; i < ARRAY_SIZE(_uarts); i++) {
  40249a:	7bfb      	ldrb	r3, [r7, #15]
  40249c:	3301      	adds	r3, #1
  40249e:	73fb      	strb	r3, [r7, #15]
  4024a0:	7bfb      	ldrb	r3, [r7, #15]
  4024a2:	2b02      	cmp	r3, #2
  4024a4:	d9ec      	bls.n	402480 <_get_uart_index+0x30>
		}
	}

	ASSERT(false);
  4024a6:	f240 22a6 	movw	r2, #678	; 0x2a6
  4024aa:	4904      	ldr	r1, [pc, #16]	; (4024bc <_get_uart_index+0x6c>)
  4024ac:	2000      	movs	r0, #0
  4024ae:	4b04      	ldr	r3, [pc, #16]	; (4024c0 <_get_uart_index+0x70>)
  4024b0:	4798      	blx	r3
	return 0;
  4024b2:	2300      	movs	r3, #0
}
  4024b4:	4618      	mov	r0, r3
  4024b6:	3710      	adds	r7, #16
  4024b8:	46bd      	mov	sp, r7
  4024ba:	bd80      	pop	{r7, pc}
  4024bc:	00402728 	.word	0x00402728
  4024c0:	00401195 	.word	0x00401195
  4024c4:	004023bd 	.word	0x004023bd
  4024c8:	20400000 	.word	0x20400000

004024cc <_uart_init>:
 * \param[in] hw The pointer to hardware instance
 *
 * \return The status of initialization
 */
static int32_t _uart_init(void *const hw)
{
  4024cc:	b580      	push	{r7, lr}
  4024ce:	b084      	sub	sp, #16
  4024d0:	af00      	add	r7, sp, #0
  4024d2:	6078      	str	r0, [r7, #4]
	ASSERT(hw);
  4024d4:	687b      	ldr	r3, [r7, #4]
  4024d6:	2b00      	cmp	r3, #0
  4024d8:	bf14      	ite	ne
  4024da:	2301      	movne	r3, #1
  4024dc:	2300      	moveq	r3, #0
  4024de:	b2db      	uxtb	r3, r3
  4024e0:	f240 22b3 	movw	r2, #691	; 0x2b3
  4024e4:	491a      	ldr	r1, [pc, #104]	; (402550 <_uart_init+0x84>)
  4024e6:	4618      	mov	r0, r3
  4024e8:	4b1a      	ldr	r3, [pc, #104]	; (402554 <_uart_init+0x88>)
  4024ea:	4798      	blx	r3
	uint8_t i = _get_uart_index(hw);
  4024ec:	6878      	ldr	r0, [r7, #4]
  4024ee:	4b1a      	ldr	r3, [pc, #104]	; (402558 <_uart_init+0x8c>)
  4024f0:	4798      	blx	r3
  4024f2:	4603      	mov	r3, r0
  4024f4:	73fb      	strb	r3, [r7, #15]
	/* Disable the Write Protect. */
	hri_uart_write_WPMR_reg(hw, UART_WPMR_WPKEY_PASSWD);
  4024f6:	4919      	ldr	r1, [pc, #100]	; (40255c <_uart_init+0x90>)
  4024f8:	6878      	ldr	r0, [r7, #4]
  4024fa:	4b19      	ldr	r3, [pc, #100]	; (402560 <_uart_init+0x94>)
  4024fc:	4798      	blx	r3

	/* Disable and reset TX and RX. */
	hri_uart_write_CR_reg(hw, UART_CR_RSTRX | UART_CR_RXDIS | UART_CR_RSTTX | UART_CR_TXDIS);
  4024fe:	21ac      	movs	r1, #172	; 0xac
  402500:	6878      	ldr	r0, [r7, #4]
  402502:	4b18      	ldr	r3, [pc, #96]	; (402564 <_uart_init+0x98>)
  402504:	4798      	blx	r3
	/* Reset status bits. */
	hri_uart_write_CR_reg(hw, UART_CR_RSTSTA);
  402506:	f44f 7180 	mov.w	r1, #256	; 0x100
  40250a:	6878      	ldr	r0, [r7, #4]
  40250c:	4b15      	ldr	r3, [pc, #84]	; (402564 <_uart_init+0x98>)
  40250e:	4798      	blx	r3

	hri_uart_write_MR_reg(hw, _uarts[i].mr);
  402510:	7bfa      	ldrb	r2, [r7, #15]
  402512:	4915      	ldr	r1, [pc, #84]	; (402568 <_uart_init+0x9c>)
  402514:	4613      	mov	r3, r2
  402516:	005b      	lsls	r3, r3, #1
  402518:	4413      	add	r3, r2
  40251a:	009b      	lsls	r3, r3, #2
  40251c:	440b      	add	r3, r1
  40251e:	3304      	adds	r3, #4
  402520:	681b      	ldr	r3, [r3, #0]
  402522:	4619      	mov	r1, r3
  402524:	6878      	ldr	r0, [r7, #4]
  402526:	4b11      	ldr	r3, [pc, #68]	; (40256c <_uart_init+0xa0>)
  402528:	4798      	blx	r3
	hri_uart_write_BRGR_reg(hw, _uarts[i].brgr);
  40252a:	7bfa      	ldrb	r2, [r7, #15]
  40252c:	490e      	ldr	r1, [pc, #56]	; (402568 <_uart_init+0x9c>)
  40252e:	4613      	mov	r3, r2
  402530:	005b      	lsls	r3, r3, #1
  402532:	4413      	add	r3, r2
  402534:	009b      	lsls	r3, r3, #2
  402536:	440b      	add	r3, r1
  402538:	3308      	adds	r3, #8
  40253a:	681b      	ldr	r3, [r3, #0]
  40253c:	4619      	mov	r1, r3
  40253e:	6878      	ldr	r0, [r7, #4]
  402540:	4b0b      	ldr	r3, [pc, #44]	; (402570 <_uart_init+0xa4>)
  402542:	4798      	blx	r3

	return ERR_NONE;
  402544:	2300      	movs	r3, #0
}
  402546:	4618      	mov	r0, r3
  402548:	3710      	adds	r7, #16
  40254a:	46bd      	mov	sp, r7
  40254c:	bd80      	pop	{r7, pc}
  40254e:	bf00      	nop
  402550:	00402728 	.word	0x00402728
  402554:	00401195 	.word	0x00401195
  402558:	00402451 	.word	0x00402451
  40255c:	55415200 	.word	0x55415200
  402560:	004021c1 	.word	0x004021c1
  402564:	004021df 	.word	0x004021df
  402568:	20400000 	.word	0x20400000
  40256c:	00402189 	.word	0x00402189
  402570:	004021a5 	.word	0x004021a5

00402574 <__libc_init_array>:
  402574:	b570      	push	{r4, r5, r6, lr}
  402576:	4e0d      	ldr	r6, [pc, #52]	; (4025ac <__libc_init_array+0x38>)
  402578:	4c0d      	ldr	r4, [pc, #52]	; (4025b0 <__libc_init_array+0x3c>)
  40257a:	1ba4      	subs	r4, r4, r6
  40257c:	10a4      	asrs	r4, r4, #2
  40257e:	2500      	movs	r5, #0
  402580:	42a5      	cmp	r5, r4
  402582:	d109      	bne.n	402598 <__libc_init_array+0x24>
  402584:	4e0b      	ldr	r6, [pc, #44]	; (4025b4 <__libc_init_array+0x40>)
  402586:	4c0c      	ldr	r4, [pc, #48]	; (4025b8 <__libc_init_array+0x44>)
  402588:	f000 f8e4 	bl	402754 <_init>
  40258c:	1ba4      	subs	r4, r4, r6
  40258e:	10a4      	asrs	r4, r4, #2
  402590:	2500      	movs	r5, #0
  402592:	42a5      	cmp	r5, r4
  402594:	d105      	bne.n	4025a2 <__libc_init_array+0x2e>
  402596:	bd70      	pop	{r4, r5, r6, pc}
  402598:	f856 3025 	ldr.w	r3, [r6, r5, lsl #2]
  40259c:	4798      	blx	r3
  40259e:	3501      	adds	r5, #1
  4025a0:	e7ee      	b.n	402580 <__libc_init_array+0xc>
  4025a2:	f856 3025 	ldr.w	r3, [r6, r5, lsl #2]
  4025a6:	4798      	blx	r3
  4025a8:	3501      	adds	r5, #1
  4025aa:	e7f2      	b.n	402592 <__libc_init_array+0x1e>
  4025ac:	00402774 	.word	0x00402774
  4025b0:	00402774 	.word	0x00402774
  4025b4:	00402774 	.word	0x00402774
  4025b8:	00402774 	.word	0x00402774
  4025bc:	2e2f2e2e 	.word	0x2e2f2e2e
  4025c0:	2e2e2f2e 	.word	0x2e2e2f2e
  4025c4:	4952442f 	.word	0x4952442f
  4025c8:	53524556 	.word	0x53524556
  4025cc:	4d41532f 	.word	0x4d41532f
  4025d0:	2f313756 	.word	0x2f313756
  4025d4:	2f6c7068 	.word	0x2f6c7068
  4025d8:	2f6f6970 	.word	0x2f6f6970
  4025dc:	5f6c7068 	.word	0x5f6c7068
  4025e0:	6f697067 	.word	0x6f697067
  4025e4:	7361625f 	.word	0x7361625f
  4025e8:	00682e65 	.word	0x00682e65
  4025ec:	2e2f2e2e 	.word	0x2e2f2e2e
  4025f0:	2e2e2f2e 	.word	0x2e2e2f2e
  4025f4:	4952442f 	.word	0x4952442f
  4025f8:	53524556 	.word	0x53524556
  4025fc:	4d41532f 	.word	0x4d41532f
  402600:	2f313756 	.word	0x2f313756
  402604:	2f6c6168 	.word	0x2f6c6168
  402608:	2f637273 	.word	0x2f637273
  40260c:	5f6c6168 	.word	0x5f6c6168
  402610:	5f633269 	.word	0x5f633269
  402614:	79735f6d 	.word	0x79735f6d
  402618:	632e636e 	.word	0x632e636e
  40261c:	00000000 	.word	0x00000000
  402620:	2e2f2e2e 	.word	0x2e2f2e2e
  402624:	2e2e2f2e 	.word	0x2e2e2f2e
  402628:	4952442f 	.word	0x4952442f
  40262c:	53524556 	.word	0x53524556
  402630:	4d41532f 	.word	0x4d41532f
  402634:	2f313756 	.word	0x2f313756
  402638:	2f6c6168 	.word	0x2f6c6168
  40263c:	2f637273 	.word	0x2f637273
  402640:	5f6c6168 	.word	0x5f6c6168
  402644:	5f697073 	.word	0x5f697073
  402648:	79735f6d 	.word	0x79735f6d
  40264c:	632e636e 	.word	0x632e636e
  402650:	00000000 	.word	0x00000000
  402654:	2e2f2e2e 	.word	0x2e2f2e2e
  402658:	2e2e2f2e 	.word	0x2e2e2f2e
  40265c:	4952442f 	.word	0x4952442f
  402660:	53524556 	.word	0x53524556
  402664:	4d41532f 	.word	0x4d41532f
  402668:	2f313756 	.word	0x2f313756
  40266c:	2f6c6168 	.word	0x2f6c6168
  402670:	2f637273 	.word	0x2f637273
  402674:	5f6c6168 	.word	0x5f6c6168
  402678:	72617375 	.word	0x72617375
  40267c:	79735f74 	.word	0x79735f74
  402680:	632e636e 	.word	0x632e636e
  402684:	00000000 	.word	0x00000000

00402688 <spi_regs>:
  402688:	00000000 80000000 00000001 04969602     ................
  402698:	0000ffff 2e2f2e2e 2e2e2f2e 4952442f     ....../../../DRI
  4026a8:	53524556 4d41532f 2f313756 2f6c7068     VERS/SAMV71/hpl/
  4026b8:	2f697073 5f6c7068 2e697073 00000063     spi/hpl_spi.c...

004026c8 <_i2cm_sync_cfgs>:
  4026c8:	40018000 00000020 00000000 00000000     ...@ ...........
  4026d8:	0002baba 000249f0 40060000 00000020     .....I.....@ ...
	...
  4026f0:	0002baba 000249f0 2e2f2e2e 2e2e2f2e     .....I..../../..
  402700:	4952442f 53524556 4d41532f 2f313756     /DRIVERS/SAMV71/
  402710:	2f6c7068 68697774 70682f73 77745f6c     hpl/twihs/hpl_tw
  402720:	2e736869 00000063 2e2f2e2e 2e2e2f2e     ihs.c...../../..
  402730:	4952442f 53524556 4d41532f 2f313756     /DRIVERS/SAMV71/
  402740:	2f6c7068 74726175 6c70682f 7261755f     hpl/uart/hpl_uar
  402750:	00632e74                                t.c.

00402754 <_init>:
  402754:	b5f8      	push	{r3, r4, r5, r6, r7, lr}
  402756:	bf00      	nop
  402758:	bcf8      	pop	{r3, r4, r5, r6, r7}
  40275a:	bc08      	pop	{r3}
  40275c:	469e      	mov	lr, r3
  40275e:	4770      	bx	lr

00402760 <__frame_dummy_init_array_entry>:
  402760:	018d 0040                                   ..@.

00402764 <_fini>:
  402764:	b5f8      	push	{r3, r4, r5, r6, r7, lr}
  402766:	bf00      	nop
  402768:	bcf8      	pop	{r3, r4, r5, r6, r7}
  40276a:	bc08      	pop	{r3}
  40276c:	469e      	mov	lr, r3
  40276e:	4770      	bx	lr

00402770 <__do_global_dtors_aux_fini_array_entry>:
  402770:	0169 0040                                   i.@.
